key,input,predicted_solubility
KRIOVPPHQSLHCZ-UHFFFAOYSA-N,CCC(=O)c1ccccc1,-1.533
RNWGZXAHUPFXLL-UHFFFAOYSA-N,[O-][N+](=O)c1ccc2COC(=O)c2c1,-2.932
ZAFOEDODWZIXMO-UHFFFAOYSA-N,CC1=C(CCC(O)=O)C(=O)NC1=O,-0.922
CUVLMZNMSPJDON-UHFFFAOYSA-N,CCCCOCC(C)OCC(C)O,-0.788
AQMBZJFAYLBACQ-UHFFFAOYSA-N,COC1=CC2=C(C=CN=C2C=C1)C(O)C3CN4CCC3C(C4)C=C,-3.046
RHRRUYIZUBAQTQ-UHFFFAOYSA-N,CC(C)CCC(C)(O)C#CC(C)(O)CCC(C)C,-3.12
YYDNBUBMBZRNQQ-UHFFFAOYSA-N,Cc1ccc(cc1)[S](C)(=O)=O,-1.802
TUDRWVDXIQKGIO-UHFFFAOYSA-N,CN1N=C(SC1=N[S](=O)(=O)C(F)(F)F)[S](N)(=O)=O,-1.863
ZBMVGQKSAIYMRW-UHFFFAOYSA-N,CCC(C)NCC1=CC=CC(S(=O)(=O)C2=CSC(S(N)(=O)=O)=C2)=C1,-2.562
LDHQCZJRKDOVOX-IHWYPQMZSA-N,C\C=C/C(O)=O,0.573
UHSRCNCAJFUQHB-RTFAEJQKSA-L,[Na+].[Na+].Cc1ccc(cc1)[S](=O)(=O)Nc2cc(cc3C=C(C(=N/Nc4cc(Cl)ccc4Oc5ccccc5)\C(=O)c23)[S]([O-])(=O)=O)[S]([O-])(=O)=O,-2.741
SMKRKQBMYOFFMU-DRXWIORDSA-N,CC(C)=C[C@H]1[C@H](C(=O)OC2CC(=O)C(=C2C)CC#C)C1(C)C,-5.045
OEVIJAZJVZDBQL-UHFFFAOYSA-N,CC1(C)CCC=C(C1)C(=O)CCC=C,-3.34
NOQGZXFMHARMLW-UHFFFAOYSA-N,CN(C)NC(=O)CCC(O)=O,-0.023
LFTLOKWAGJYHHR-UHFFFAOYSA-N,C[N+]1([O-])CCOCC1,0.599
RFDAIACWWDREDC-FRVQLJSFSA-N,C[C@H](CCC(=O)NCC(O)=O)[C@H]1CC[C@H]2[C@@H]3[C@H](O)C[C@@H]4C[C@H](O)CC[C@]4(C)[C@H]3C[C@H](O)[C@]12C,-3.707
IGSBHTZEJMPDSZ-UHFFFAOYSA-N,CC1CC(CCC1N)CC2CCC(N)C(C)C2,-2.093
WCASXYBKJHWFMY-IHWYPQMZSA-N,C\C=C/CO,1.076
ZHLICBPIXDOFFG-UHFFFAOYSA-N,Clc1cc(cc(Cl)c1Cl)c2cc(Cl)c(Cl)c(Cl)c2,-8.823
LAMUXTNQCICZQX-UHFFFAOYSA-N,OCCCCl,0.843
BVVRZSKVUVJJAJ-UHFFFAOYSA-N,CCN(CC)S(=O)N(CC)CC,-0.888
QNSCGSPRKIPKTN-RKJRWTFHSA-N,[Na+].O[C@H](C[O-])[C@H]1OC(=C(O)C1=O)O,-0.678
IDWVTPLLYFMNEX-UHFFFAOYSA-N,NN=C1N=CNc2nccnc12,-1.769
KHLCTMQBMINUNT-UHFFFAOYSA-N,CCCCCCC(O)CCCCCCCCCCCO,-4.667
CJOBVZJTOIVNNF-UHFFFAOYSA-N,S=[Cd],-6.0
HGDFMYGFWUSBQH-UHFFFAOYSA-N,COc1cc(ccc1NN=C2C=CC(=O)C=C2)N=Nc3ccc(cc3)[N+]([O-])=O,-7.621
MDWVSAYEQPLWMX-UHFFFAOYSA-N,CC(C)(C)c1cc(Cc2cc(c(O)c(c2)C(C)(C)C)C(C)(C)C)cc(c1O)C(C)(C)C,-7.713
ZDYJWDIWLRZXDB-UHFFFAOYSA-N,Clc1ccc(cc1)C(=C(Cl)Cl)c2ccccc2Cl,-7.035
UMFDLIXUUJMPSI-UHFFFAOYSA-N,Cc1ccc(cc1O)[N+]([O-])=O,-2.076
TWFZGCMQGLPBSX-UHFFFAOYSA-N,COC(=O)NC1=NC2=CC=CC=C2[NH]1,-2.468
RMISVOPUIFJTEO-UHFFFAOYSA-N,CC(Cl)C(C)Cl,-2.015
KYVBNYUBXIEUFW-UHFFFAOYSA-N,CN(C)C(=N)N(C)C,0.44
IXHMHWIBCIYOAZ-UHFFFAOYSA-N,OC1=C(C(=C(C=C1[N+]([O-])=O)[N+]([O-])=O)O)[N+]([O-])=O,-2.872
WCLNVRQZUKYVAI-UHFFFAOYSA-N,Clc1cc2Oc3c(Cl)c(Cl)c(Cl)c(Cl)c3Oc2c(Cl)c1Cl,-10.015
YFTHZRPMJXBUME-UHFFFAOYSA-N,CCCN(CCC)CCC,-1.343
FLBJFXNAEMSXGL-UHFFFAOYSA-N,ClC1=C(Cl)C2(Cl)C3C(C(=O)OC3=O)C1(Cl)C2(Cl)Cl,-5.348
ZNDGAXCBZGSJGU-UHFFFAOYSA-N,CN1C(=C(NC=O)C(=O)N(C)C1=O)N,-1.295
LRPCLTPZMUIPFK-UHFFFAOYSA-N,C.O[S](O)(=O)=O,-1.423
BBOLNFYSRZVALD-UHFFFAOYSA-N,Ic1ccccc1I,-3.315
SVYKKECYCPFKGB-UHFFFAOYSA-N,CN(C)C1CCCCC1,-0.444
OVMWPVYEBVFZHM-UHFFFAOYSA-N,OC(=O)C1=CC=CC=C1NC2=CC(=CC=C2)Cl,-4.068
UDMBCSSLTHHNCD-UHFFFAOYSA-N,Nc1ncnc2n(cnc12)C3OC(CO[P](O)(O)=O)C(O)C3O,-1.169
NJBKUDDWNAXHHT-UHFFFAOYSA-N,CN1N=C(SC1=N[S](=O)(=O)C2=CC=C(C=C2)[N+]([O-])=O)[S](N)(=O)=O,-2.231
AUJBYHKZNPPODV-DAXSKMNVSA-N,CCCC\C(=C\C)C(=O)NC(N)=O,-1.462
CXBMCYHAMVGWJQ-UHFFFAOYSA-N,CC(C)=CC1C(C(=O)OCN2C(=O)C3=C(CCCC3)C2=O)C1(C)C,-4.458
YBYYCWMPXZRBNJ-UHFFFAOYSA-N,ClC1=C(Cl)C=C(OC2=C(Cl)C(=C(Cl)C(=C2)Cl)Cl)C(=C1)Cl,-9.718
ZYIWQQOVIPGGPG-UHFFFAOYSA-N,NC1=CC(S(=O)(=O)O)=CC(C(=O)O)=C1,-1.499
UYWQUFXKFGHYNT-UHFFFAOYSA-N,O=COCc1ccccc1,-1.038
GCPWJFKTWGFEHH-UHFFFAOYSA-N,CC(=O)CC(N)=O,0.501
HWOGLWGFRRJDEC-UHFFFAOYSA-N,CCCCCCCCCCOC1=CC(O)=C(C(CC)=NO)C=C1,-5.508
MYTVVMGUDBRCDJ-UHFFFAOYSA-N,CCCC(C)c1cccc(OC(=O)NC)c1.CCC(CC)c2cccc(OC(=O)NC)c2,-5.989
ZDDUHNKTNDBKLW-UHFFFAOYSA-N,CCCCCCCCC(CO[N+](=O)O)O[N+](=O)O,-3.631
KDWQYMVPYJGPHS-UHFFFAOYSA-N,COc1ccsc1CN(C(=O)CCl)c2c(C)cccc2C,-6.121
CRIZPXKICGBNKG-UHFFFAOYSA-N,O=C1Nc2nc[nH]c2C=N1,-2.058
NALZTFARIYUCBY-UHFFFAOYSA-N,CCCC[N+]([O-])=O,-0.772
QEDJMOONZLUIMC-UHFFFAOYSA-N,CC(C)(C)c1ccc(C=C)cc1,-4.245
NBYNVBRXIUUSIG-UHFFFAOYSA-N,OC(=O)c1ccccc1C(=O)c2ccc(cc2)c3ccccc3,-5.497
GBFBZNVXLZXZMP-GTHSLJRASA-K,[Na+].[Na+].[Na+].Cc1ccccc1Nc2nc(Cl)nc(Nc3cc(cc4C=C(/C(=N/Nc5ccccc5[S]([O-])(=O)=O)C(=O)c34)[S]([O-])(=O)=O)[S]([O-])(=O)=O)n2,-2.118
ATXPWKWYLDEURI-UHFFFAOYSA-N,CCNc1cc(C#N)c(N)c2C(=O)c3ccccc3C(=O)c12,-5.348
ZPOBHUZRVVTGKB-UHFFFAOYSA-N,ClC1=CC=C(OC2=CC=C(Cl)C(=C2Cl)Cl)C=C1,-7.66
SCWKRWCUMCMVPW-UHFFFAOYSA-N,c1ccccc1(OC(=O)NC),-1.491
YWFWDNVOPHGWMX-UHFFFAOYSA-N,CCCCCCCCCCCCN(C)C,-3.551
BRBAEHHXGZRCBK-UHFFFAOYSA-N,OCC(CO[N+]([O-])=O)(CO[N+]([O-])=O)CO[N+]([O-])=O,-1.712
IAYPIBMASNFSPL-UHFFFAOYSA-N,C1CO1,2.051
YDTHLPPWECZIOH-UHFFFAOYSA-N,CCN(C(N)=O)C1=CC=C(OC)C=C1,-1.812
GPHQHTOMRSGBNZ-UHFFFAOYSA-N,N#Cc1ccncc1,-0.689
KBEBGUQPQBELIU-UHFFFAOYSA-N,O=C(OCC)C=Cc(cccc1)c1,-2.346
OWDLFBLNMPCXSD-UHFFFAOYSA-N,Cc1cccc(C)c1N(C2CCOC2=O)C(=O)CCl,-3.65
NEHNMFOYXAPHSD-SNVBAGLBSA-N,C[C@H](CCC=C(C)C)CC=O,-2.508
UEGBWDUVDAKUGA-UHFFFAOYSA-N,CC(CCCC(C)C=O)CCC=C(C)C,-4.78
UQIKOYWGLUXMNE-UHFFFAOYSA-N,COC(=O)C1CCCN1C(=O)COC(=O)C2=CC=CC=C2,-2.29
AOQMRUTZEYVDIL-UHFFFAOYSA-N,NC(=O)c1nn(c2ccc(Cl)c(COCC(F)(F)C(F)(F)F)c2)c(n1)c3ccccc3,-6.412
XRKJBJLXKLOLKS-UHFFFAOYSA-N,CCC(CC)CC1(CCCCC1)C(O)=O,-3.717
MVIFQPPFCHUSIH-UHFFFAOYSA-N,O=C1c2ccccc2C(=O)c3c(Nc4nc(Nc5cccc6C(=O)c7ccccc7C(=O)c56)nc(n4)c8ccccc8)cccc13,-8.362
BSYNRYMUTXBXSQ-UHFFFAOYSA-N,O=C(Oc(c(ccc1)C(=O)O)c1)C,-1.858
PTFJIKYUEPWBMS-UHFFFAOYSA-N,CCN(CC(C)=C)c1c(cc(cc1N(=O)=O)C(F)(F)F)N(=O)=O,-4.771
MXBNEEHQIDLPLQ-UHFFFAOYSA-N,O=C1NC2=C(C=CC=C2)C(=O)N2CCCC12,-2.419
PTOPHPNCDGAXGC-UHFFFAOYSA-N,N1c2ccc3ccccc3c2Sc4c1ccc5ccccc45,-7.213
KRTSDMXIXPKRQR-UHFFFAOYSA-N,CNC(=O)C=C(C)OP(=O)(OC)OC,-0.228
UHONRUDDOVMSCJ-UHFFFAOYSA-N,CC1(C)C(=O)C(=O)C2CCC1C2,-1.457
PZIMIYVOZBTARW-UHFFFAOYSA-N,CCN(C(=O)N(CC)c1ccccc1)c2ccccc2,-3.908
AIVVKKOTAISCNQ-UHFFFAOYSA-N,OC(=O)C(S)CS,0.239
PUYXTUJWRLOUCW-UHFFFAOYSA-N,CCCN(CC)CC1COC2(CCC(CC2)C(C)(C)C)O1,-2.825
HFVPPHLKEKRGHI-UHFFFAOYSA-N,CCC(=O)OC1=CC=C(NC(C)=O)C=C1,-2.605
WXRGTYANXHSUOX-UHFFFAOYSA-N,[K+].OC(=O)CCCCC(O)=O,-0.484
OUDSBRTVNLOZBN-UHFFFAOYSA-N,Cc1ccc(cc1)[S](=O)(=O)NC(=O)NN2CCCCCC2,-3.075
KEZJTZQNDCLRDB-UHFFFAOYSA-N,COC(=O)c1ccc(C(=O)OC)c(c1)N=NC(C(C)=O)C(=O)Nc2ccc3NC(=O)Nc3c2,-6.088
JNIGYQOBELCEIZ-MAKDUZDQSA-L,[Ba++].Cc1cc(N\N=C\2C(=O)C=Cc3ccccc23)c(cc1Cl)[S]([O-])(=O)=O.Cc4cc(N\N=C\5C(=O)C=Cc6ccccc56)c(cc4Cl)[S]([O-])(=O)=O,-4.098
AOOKHLGAVNECET-UHFFFAOYSA-N,CCC(C)C(C)C(C)CCc1ccc(O)cc1,-4.687
NCXMLFZGDNKEPB-UHFFFAOYSA-N,O1C(C)C(O)C(N)C(O)C1OC2C=CC=CC=CC=CCC(C)OC(=O)C=CC(O3)C3CC(O)CC4(O)OC(C(C(=O)O)C(O)C4)C2,-2.764
PFRYFZZSECNQOL-UHFFFAOYSA-N,CC1=C(N)C=CC(N=NC2=C(C)C=CC=C2)=C1,-3.994
CCGPUGMWYLICGL-UHFFFAOYSA-N,CCCCN(C)C(=O)Nc1ccc(Cl)c(Cl)c1,-4.144
ZGSCRDSBTNQPMS-UJURSFKZSA-N,CCOC1=C(O)C(=O)O[C@@H]1[C@@H](O)CO,-0.43
QETYUVKBQJLLLM-UHFFFAOYSA-N,CC(=O)NC(CC1=CC=C(OC(C)=O)C=C1)C(N)=O,-2.213
ILVXOBCQQYKLDS-UHFFFAOYSA-N,[O-][n+]1ccccc1,0.434
SABZADASYUNNOZ-UHFFFAOYSA-N,CCCCCCCCNCC(O)CO,-0.652
WOCXQMCIOTUMJV-UHFFFAOYSA-N,NC(=O)C1=CC(=C(C=C1[N+]([O-])=O)[N+]([O-])=O)N2CC2,-2.874
ZEMGGZBWXRYJHK-UHFFFAOYSA-N,O=C1NC(=S)NC=C1,-1.839
ZQSXNBHXKJQHBH-UHFFFAOYSA-N,CC12CCC(=O)CC1CCC3C4CCC(OC=O)C4(C)CCC23,-5.201
BASMANVIUSSIIM-UHFFFAOYSA-N,ClCc1ccccc1Cl,-3.024
BUAXMSGDEZZOJD-UHFFFAOYSA-N,ClC1=CC=C(OC2=CC(=C(Cl)C(=C2)Cl)Cl)C(=C1)Cl,-8.589
FTWCSAMTIKSPAT-UHFFFAOYSA-M,[Na+].CCCCCCCCCO[S]([O-])(=O)=O,0.266
SZSNDQZFLGGEBX-UHFFFAOYSA-N,COC1=CC=C2C=C(C=CC2=C1)C(C)C(=O)OCCOC(=O)CN,-3.202
KZQJKVJONMBQQU-UHFFFAOYSA-N,NC(CC1=CC(=C(O)C=C1)O)C(=O)OCC2=CC=CC=C2,-2.879
HTXSZYABOIULBS-ZHMXUHHZSA-K,[Na+].[Na+].[Na+].CN(c1ccc2c(c1)C=C(/C(=N/Nc3ccccc3[S]([O-])(=O)=O)C2=O)[S]([O-])(=O)=O)c4nc(Cl)nc(Nc5cccc(c5)[S]([O-])(=O)=O)n4,-2.069
XEBWQGVWTUSTLN-UHFFFAOYSA-M,CC(=O)O[Hg]c1ccccc1,-1.954
PTVZQOAHCSKAAS-UHFFFAOYSA-N,CNC(=S)NN,0.248
MUPFEKGTMRGPLJ-ZQSKZDJDSA-N,OC[C@H]1O[C@H](OC[C@H]2O[C@H](O[C@]3(CO)O[C@H](CO)[C@@H](O)[C@@H]3O)[C@H](O)[C@@H](O)[C@@H]2O)[C@H](O)[C@@H](O)[C@H]1O,-0.298
MEZLKOACVSPNER-GFCCVEGCSA-N,C[C@H](CC1=CC=CC=C1)N(C)CC#C,-2.041
UIXFPIHXQQZAGX-UHFFFAOYSA-N,COc1ccc(NC(=O)c2cc3ccccc3cc2O)cc1,-5.58
KQVLODRFGIKJHZ-UHFFFAOYSA-N,NC(=O)NCNC(N)=O,-0.443
UOORRWUZONOOLO-UPHRSURJSA-N,ClC\C=C/Cl,-1.39
WFXHUBZUIFLWCV-UHFFFAOYSA-N,CCCCCCCC(=O)OCC(C)(C)COC(=O)CCCCCCC,-6.549
MTDIDKAIUDTPOH-UHFFFAOYSA-N,CCOC(=O)C(CCC1=CC=CC=C1)NC(C)CN1CCCC1C(=O)O,-2.294
CHTHALBTIRVDBM-UHFFFAOYSA-N,OC(=O)c1oc(cc1)C(O)=O,-1.346
BBDKZWKEPDTENS-UHFFFAOYSA-N,C=CC1CCC=CC1,-3.331
DSRZQIDFVZUCGM-UHFFFAOYSA-N,CCCCCCCCOC(=O)C1=CC(Br)=C(O)C=C1,-4.974
FMKOJHQHASLBPH-UHFFFAOYSA-N,CC(C)I,-0.861
VVQNEPGJFQJSBK-UHFFFAOYSA-N,O=C(OC)C(=C)C,0.145
KHKOSGDSOXGMOO-UHFFFAOYSA-N,CC(C)CC1=CC=C(C=C1)C(C)C(=O)OCC(=O)N(C)CC(N)=O,-2.961
RNZKLCFIOUEXOM-SJIPCVTESA-N,CC(=O)Nc1ccc(NC(=O)C2=Cc3ccccc3C(=N/Nc4cc(ccc4Cl)C(N)=O)/C2=O)cc1,-7.729
BSMGLVDZZMBWQB-UHFFFAOYSA-N,CC(C)C(=O)c1ccccc1,-1.932
KMAQZIILEGKYQZ-UHFFFAOYSA-N,[O-][N+](=O)c1cccc(Cl)c1,-2.515
VLFBSPUPYFTTNF-UHFFFAOYSA-N,COc1ccc(CC(C)C=O)cc1,-2.26
OOHIAOSLOGDBCE-UHFFFAOYSA-N,CC(C)Nc1nc(Cl)nc(NC2CC2)n1,-3.101
CFKMVGJGLGKFKI-UHFFFAOYSA-N,Cc1cc(O)ccc1Cl,-1.781
LWRBVKNFOYUCNP-UHFFFAOYSA-N,CSc1ccc(cc1)C(=O)C(C)(C)N2CCOCC2,-2.322
LXFXKKKZRKUZPC-UHFFFAOYSA-N,CCC(CCC(O)=O)C(C)=O,-0.822
NQQVFXUMIDALNH-UHFFFAOYSA-N,Nc1c(Cl)c(Cl)nc(C(O)=O)c1Cl,-2.566
DSKGJDYCSBLEMI-UHFFFAOYSA-K,[Na+].[Na+].[Na+].NC(=O)Nc1cc(Nc2nc(N)nc(Cl)n2)ccc1N=Nc3cc4c(cc(cc4[S]([O-])(=O)=O)[S]([O-])(=O)=O)cc3[S]([O-])(=O)=O,-1.791
YHQRYZGDQCSHFO-UHFFFAOYSA-N,ClC1=CC=C(OC2=CC(=CC(=C2Cl)Cl)Cl)C=C1,-7.689
YLUIKWVQCKSMCF-UHFFFAOYSA-N,[O--].[O--].[Mg++].[Ca++],-3.442
QPRQEDXDYOZYLA-UHFFFAOYSA-N,CCC(C)CO,0.3
TYMRLRRVMHJFTF-UHFFFAOYSA-N,NCc1ccc(cc1)[S](N)(=O)=O,-0.966
FKSRSWQTEJTBMI-UHFFFAOYSA-N,Nc1ccc(cc1N)[S](O)(=O)=O,-1.352
FOANIXZHAMJWOI-UHFFFAOYSA-N,CC(C)OC(=O)C(O)(c1ccc(Br)cc1)c2ccc(Br)cc2,-4.99
PBKONEOXTCPAFI-UHFFFAOYSA-N,Clc1ccc(Cl)c(Cl)c1,-3.801
KOKXAPDKXDSOEG-UHFFFAOYSA-L,[Co++].CCC(C)(CCC(C)C)C([O-])=O.CCC(C)(CCC(C)C)C([O-])=O,-3.684
SEGSDVUVOWIWFX-UHFFFAOYSA-N,CCOC(=O)C(C1=C(O)Oc2ccccc2C1=O)C3=C(O)Oc4ccccc4C3=O,-6.074
GHMLBKRAJCXXBS-UHFFFAOYSA-N,Oc1cccc(O)c1,-0.554
ATCRIUVQKHMXSH-UHFFFAOYSA-N,OC(=O)c1ccc(Cl)cc1Cl,-2.581
FTZILAQGHINQQR-UHFFFAOYSA-N,CCCC(C)C=O,-0.645
RAFOHKSPUDGZPR-UHFFFAOYSA-N,CCC=C(C)C1(CC)C(=O)NC(=O)NC1=O,-2.111
OKXVARYIKDXAEO-UHFFFAOYSA-N,CC(C)(C)C(C)(C)O,-0.599
RAZBZSZIUMDHTB-WZTFRFCZSA-I,[Na+].[Na+].[Na+].[Na+].[Na+].Nc1nc(Cl)nc(Nc2ccc(c(N\N=C/3C(=O)c4c(N)c(N=Nc5cc(ccc5[S]([O-])(=O)=O)[S]([O-])(=O)=O)c(cc4C=C3[S]([O-])(=O)=O)[S]([O-])(=O)=O)c2)[S]([O-])(=O)=O)n1,-1.468
BSWWXRFVMJHFBN-UHFFFAOYSA-N,Oc1c(Br)cc(Br)cc1Br,-2.77
CJDRUOGAGYHKKD-QFTSDIPNSA-N,CC[C@@H]1[C@@H](O)N2[C@H]3C[C@@H]1C4C(O)[C@@]5(C[C@H]24)[C@H]3N(C)c6ccccc56,-2.429
JANFYPHFIPGYTQ-UHFFFAOYSA-M,[O-][S](=O)(=O)c1ccc2oc3ccccc3c2c1,-0.709
SBOSGIJGEHWBKV-UHFFFAOYSA-L,CCCCCCCC[Sn](Cl)(Cl)CCCCCCCC,-7.447
HOEFWOBLOGZQIQ-UHFFFAOYSA-N,S=C(SN1CCOCC1)N2CCOCC2,-2.121
QILSFLSDHQAZET-UHFFFAOYSA-N,OC(c1ccccc1)c2ccccc2,-1.899
HYHGNKJVAPURSC-UHFFFAOYSA-N,COC1=CC(OC)=CC(C(=O)N(O)C2=C(C)C=CC=C2)=C1,-3.968
UWEYRJFJVCLAGH-UHFFFAOYSA-N,FC1(F)C(F)(F)C(F)(F)C2(F)C(F)(F)C(F)(F)C(F)(F)C(F)(F)C2(F)C1(F)F,-7.683
UBNYRXMKIIGMKK-RMKNXTFCSA-N,COc1ccc(\C=C\C(=O)OCCC(C)C)cc1,-3.782
BBEAQIROQSPTKN-UHFFFAOYSA-N,c1cc2ccc3cccc4ccc(c1)c2c34,-5.775
ZFGVCDSFRAMNMT-WAYWQWQTSA-N,COC(OC)\C=C/C(OC)OC,0.431
DSSYKIVIOFKYAU-XVKPBYJWSA-N,CC1(C)[C@H]2CC[C@@]1(C)C(=O)C2,-1.801
UYCICMIUKYEYEU-ZHACJKMWSA-N,CCCCCCCCC\C=C\CC1CC(=O)OC1=O,-4.521
AUIKJTGFPFLMFP-UHFFFAOYSA-N,CC(C)N(N=O)C(C)C,-0.201
HOVVFNPKGWZRTE-UHFFFAOYSA-N,NC1=C2C=C(F)C=CC2=NC2=C1C=CC=C2,-3.991
CXKWCBBOMKCUKX-UHFFFAOYSA-M,[Cl-].CN(C)c1ccc2nc3ccc(cc3[s+]c2c1)N(C)C,-0.997
KKGIDNSPWHBLLE-UHFFFAOYSA-N,CCCCCCCCCOC(=O)c1ccc(N)cc1,-4.683
JZHGRUMIRATHIU-UHFFFAOYSA-N,Cc1cccc(C=C)c1,-2.76
IXJOSTZEBSTPAG-UHFFFAOYSA-N,CNC(=O)Sc1ccc(O[S](C)(=O)=O)cc1,-2.765
NEPKLUNSRVEBIX-UHFFFAOYSA-N,O=C(OCC1CO1)c2ccc(cc2)C(=O)OCC3CO3,-2.026
YHRUOJUYPBUZOS-UHFFFAOYSA-N,ClCCCCl,-1.518
HYNJGJWCXRMUIG-UHFFFAOYSA-N,CCCCC(CC)COC(=O)Nc1ccc(C)c(NC(=O)OCCN(C)C)c1.CC(O)C(O)=O,-3.316
YEJRWHAVMIAJKC-UHFFFAOYSA-N,O=C1CCCO1,0.749
TXTORVZCRUFBBO-UHFFFAOYSA-N,CC(C)(Cl)C(Cl)C,-2.587
ARXJGSRGQADJSQ-UHFFFAOYSA-N,COCC(C)O,1.183
KDSNLYIMUZNERS-UHFFFAOYSA-N,CC(C)CN,1.06
NGCCPWWOZGTTHT-UHFFFAOYSA-N,CC(CCNCCNCCC(C)CC(C)(C)C)CC(C)(C)C,-3.286
ONCDUCAWXQKSDE-UHFFFAOYSA-M,[Na+].[Cl-].[O-]C(=O)c1ccc[n+](Cc2ccccc2)c1,-0.572
GMSOIBLTSDGVEX-UHFFFAOYSA-N,CCCO[P](=O)(OC)OC,0.428
UGCNRZFAUBJVPT-UHFFFAOYSA-N,C1CCC(CC1)[Sn](C2CCCCC2)C3CCCCC3.O,-5.821
ZTQSAGDEMFDKMZ-UHFFFAOYSA-N,CCCC=O,0.683
CWJSHJJYOPWUGX-UHFFFAOYSA-N,CC(C)OC(=O)Nc1cccc(Cl)c1,-3.287
JPPLPDOXWBVPCW-UHFFFAOYSA-N,CCCCCCCC(=O)SCCC[Si](OCC)(OCC)OCC,-6.21
XNLICIUVMPYHGG-UHFFFAOYSA-N,O=C(CCC)C,0.142
MTZQAGJQAFMTAQ-UHFFFAOYSA-N,CCOC(=O)c1ccccc1,-1.681
WXNZTHHGJRFXKQ-UHFFFAOYSA-N,Oc1ccc(Cl)cc1,-1.268
WSWJIZXMAUYHOE-UHFFFAOYSA-N,COCCOc1c(OC)cc(Cc2cnc(N)nc2N)cc1OC,-3.511
XIXADJRWDQXREU-UHFFFAOYSA-M,[Li+].CC([O-])=O,0.68
DFDWGIZZMBNYBV-UHFFFAOYSA-N,CC(C)CC1(C)OCC(CO)O1,-0.603
BFSVOASYOCHEOV-UHFFFAOYSA-N,CCN(CC)CCO,0.762
BYPIURIATSUHDW-UHFFFAOYSA-N,CC(C)Cc1ccc(cc1)C(C)C(=O)NO,-2.679
VQBBXLZPRXHYBO-UHFFFAOYSA-N,COc1cc(ccc1C(O)=O)C(O)=O,-1.883
MTLMVEWEYZFYTH-UHFFFAOYSA-N,ClC1=CC(=C(C(=C1)Cl)C2=CC=CC=C2)Cl,-6.098
JDSHMPZPIAZGSV-UHFFFAOYSA-N,Nc1nc(N)nc(N)n1,-3.495
DCKVNWZUADLDEH-UHFFFAOYSA-N,CCC(C)OC(C)=O,-0.524
PRPINYUDVPFIRX-UHFFFAOYSA-N,OC(=O)Cc1cccc2ccccc12,-2.575
RQFUZUMFPRMVDX-UHFFFAOYSA-N,OCCCBr,0.822
QLZHNIAADXEJJP-UHFFFAOYSA-N,O[P](O)(=O)c1ccccc1,-0.398
WIUUIGUJULBTKD-UHFFFAOYSA-N,CCc1nc2ncnc(O)c2nc1CC,-2.216
WXUAQHNMJWJLTG-UHFFFAOYSA-N,CC(CC(O)=O)C(O)=O,0.124
AUFZRCJENRSRLY-UHFFFAOYSA-N,Cc1cc(O)c(C)c(C)c1O,-1.638
LXBIFEVIBLOUGU-JGWLITMVSA-N,OC[C@H]1NC[C@H](O)[C@@H](O)[C@@H]1O,0.477
OENHQHLEOONYIE-JLTXGRSLSA-N,CC1=C(\C=C\C(C)=C\C=C\C(C)=C\C=C\C=C(C)\C=C\C=C(C)\C=C\C2=C(C)CCCC2(C)C)C(C)(C)CCC1,-7.113
FATBKZJZAHWCSL-UHFFFAOYSA-N,Clc1cc(Cl)c(Cl)nc1Cl,-3.74
IKECULIHBUCAKR-UHFFFAOYSA-N,CC(C)C(C)(C)O,-0.13
ZZLCFHIKESPLTH-UHFFFAOYSA-N,Cc1ccc(cc1)c2ccccc2,-4.02
SAXWRVSDVXCTEL-SOFGYWHQSA-N,CC\C(C)=C\CCC(C)=O,-1.752
QAEKNCDIHIGLFI-UHFFFAOYSA-L,[Co++].CCCCC(CC)C([O-])=O.CCCCC(CC)C([O-])=O,-2.593
MZRUFMBFIKGOAL-UHFFFAOYSA-N,[O-][N+](=O)c1[nH]ncc1,-1.217
NBFMTHWVRBOVPE-UHFFFAOYSA-N,Clc1ccc2Oc3cc(Cl)ccc3Oc2c1,-6.198
ZEYHEAKUIGZSGI-UHFFFAOYSA-N,COc1ccc(cc1)C(O)=O,-1.549
QALYBHRYGIXHOF-UHFFFAOYSA-N,OC(=O)c1occ(Br)c1,-1.358
GZSOSUNBTXMUFQ-YFAPSIMESA-N,COc1ccc(cc1O)C2=CC(=O)c3c(O)cc(O[C@@H]4O[C@H](CO[C@@H]5O[C@@H](C)[C@H](O)[C@@H](O)[C@H]5O)[C@@H](O)[C@H](O)[C@H]4O)cc3O2,-2.979
BRKFTWHPLMMNHF-UHFFFAOYSA-N,CC1=C(C=C(N)C=C1)[S](O)(=O)=O,-1.21
XNKARWLGLZGMGX-UHFFFAOYSA-N,CCOC(=O)CCCOc1ccc(Cl)cc1C,-3.988
JAHJITLFJSDRCG-UHFFFAOYSA-N,Clc1ccc(c(Cl)c1Cl)c2c(Cl)c(Cl)c(Cl)c(Cl)c2Cl,-9.701
ISVQSVPUDBVFFU-UHFFFAOYSA-N,FC(F)(F)c1nc2cc(Cl)c(Cl)cc2n1C(=O)Oc3ccccc3,-7.399
BVRIUXYMUSKBHG-UHFFFAOYSA-N,CN(C)c1ccc(cc1)N=Nc2ccc(N)cc2,-3.338
PXNOLLHARLSLHY-UHFFFAOYSA-N,COC(=O)c1ccc(O)c(I)c1,-2.48
DLHQZZUEERVIGQ-UHFFFAOYSA-N,CCC(C)(O)CCCC(C)C,-2.358
ORDDDNUMJXPGOC-UHFFFAOYSA-N,CC(=O)Nc1cc(ccc1N=Nc2ccc(cc2Cl)[N+]([O-])=O)N(CCOC(C)=O)CCOC(C)=O,-7.218
BRSJKDUSGHPJJY-UHFFFAOYSA-N,CCC(=O)OCN1C(=O)NC=C(F)C1=O,-1.973
LLHSEQCZSNZLRI-UHFFFAOYSA-M,[Na+].COC(=O)c1cc(cc(c1)[S]([O-])(=O)=O)C(=O)OC,-0.461
CVIOXIJACLUKFU-UHFFFAOYSA-N,CCN(CC)C(=O)CN1C=C(Br)C(=O)C(Br)=C1,-2.472
PAIRTJOPUAQMRQ-WHFBIAKZSA-N,CC[C@H]1[C@H](C)OC1=O,-0.124
JKLHHVBMBLUNBW-UHFFFAOYSA-N,[O-][N+](=O)C1=C(C=C(C(=O)NC2CC2)C(=C1)[N+]([O-])=O)N3CC3,-3.927
ZWHZXVJDSAKMBA-MGXYOJEMSA-N,CCCCCCCCC\C=C/CCCCCCC(=O)OCCCCCCCC\C=C/CCCCCCCC,-7.996
QDOXWKRWXJOMAK-UHFFFAOYSA-N,O=[Cr]O[Cr]=O,-7.162
IUGYQRQAERSCNH-UHFFFAOYSA-N,CC(C)(C)C(O)=O,0.118
GUBGYTABKSRVRQ-DCSYEGIMSA-N,OC[C@H]1O[C@@H](O[C@H]2[C@H](O)[C@@H](O)[C@H](O)O[C@@H]2CO)[C@H](O)[C@@H](O)[C@H]1O,-0.153
LJUBBLNHYXJKSN-UHFFFAOYSA-N,[O--].[O--].[O--].[Na+].[Na+].[Ti+4],-3.679
GCKMFJBGXUYNAG-UHFFFAOYSA-N,CC12CCC(=O)C=C1CCC1C2CCC2(C)C1CCC2(C)O,-4.543
IJGRMHOSHXDMSA-UHFFFAOYSA-N,N#N,-3.011
KOMNUTZXSVSERR-UHFFFAOYSA-N,C=CCN1C(=O)N(CC=C)C(=O)N(CC=C)C1=O,-2.059
KZBUYRJDOAKODT-UHFFFAOYSA-N,ClCl,0.903
FRVRYQDYZFDWNR-QUPMIFSKSA-N,COc1ccccc1NC(=O)C2=Cc3ccccc3C(=N/Nc4cc(Cl)ccc4Cl)\C2=O,-8.521
SVRNITUASJCBQJ-UHFFFAOYSA-N,CCCCCC1(CC)C(=O)NC(=S)NC1=O,-3.026
XUJNEKJLAYXESH-UHFFFAOYSA-N,NC(CS)C(O)=O,0.588
FJVAAURIDNIYAE-BJMVGYQFSA-N,NC(=O)N(CCO)/N=C/c1oc(cc1)[N+]([O-])=O,-1.755
LDTLADDKFLAYJA-UHFFFAOYSA-L,[Na+].[Na+].[O-][S](=O)O[S]([O-])=O,-1.559
STUSTWKEFDQFFZ-UHFFFAOYSA-N,CN(C)C=NC1=C(C)C=C(Cl)C=C1,-2.113
REERYFLJRPUSHT-UHFFFAOYSA-N,[Na+].Cc1cccc2n[n-]nc12,-1.307
JVBNHJDWWBSWLE-UHFFFAOYSA-N,CCOC1CC(C)CC(C)(C)C1,-3.072
YDGFMDPEJCJZEV-UHFFFAOYSA-N,Clc1cc(Cl)cc(c1)c2c(Cl)ccc(Cl)c2Cl,-8.001
WFFKSTRPZWRBEW-UHFFFAOYSA-N,CCN(CC)c1ccc(N=Nc2c(Br)cc(cc2[N+]([O-])=O)[N+]([O-])=O)c(NC(C)=O)c1,-7.126
JMLWXCJXOYDXRN-UHFFFAOYSA-N,Clc1cccc(I)c1,-3.127
VWDVUHHOWAILLC-UHFFFAOYSA-L,[Ca++].CC(=O)C(N=Nc1ccc(cc1[N+]([O-])=O)[S]([O-])(=O)=O)C(=O)Nc2ccccc2.CC(=O)C(N=Nc3ccc(cc3[N+]([O-])=O)[S]([O-])(=O)=O)C(=O)Nc4ccccc4,-4.222
JNMRHUJNCSQMMB-UHFFFAOYSA-N,Nc1ccc(cc1)[S](=O)(=O)Nc2sccn2,-2.889
ZDDZPDTVCZLFFC-UHFFFAOYSA-N,Clc1ccc(cc1)c2c(Cl)c(Cl)cc(Cl)c2Cl,-7.941
TTXIFFYPVGWLSE-UHFFFAOYSA-P,Fc1ccc(cc1)C([NH+]2CC[NH2+]CC2)c3ccc(F)cc3,-1.824
LQZZUXJYWNFBMV-UHFFFAOYSA-N,CCCCCCCCCCCCO,-3.577
IYHOIXNPULYXFO-UHFFFAOYSA-N,NCCCCC(NC(=O)c1ccccc1)C(O)=O,-1.484
BRHDDEIRQPDPMG-UHFFFAOYSA-N,CC(C)(O)C1CCC(C)(O1)C=C,-1.368
WFADZGFZNJEISA-UHFFFAOYSA-N,CN(CCCCC(O)=O)[S](=O)(=O)c1ccccc1,-2.033
DFXQXFGFOLXAPO-UHFFFAOYSA-N,OC(=O)C1=CC=C(Cl)C(=C1)[N+]([O-])=O,-2.586
ATUOYWHBWRKTHZ-UHFFFAOYSA-N,CCC,-0.384
KMKWGXGSGPYISJ-UHFFFAOYSA-N,CC(C)(c1ccc(Oc2ccc(N)cc2)cc1)c3ccc(Oc4ccc(N)cc4)cc3,-7.317
COTRONQEHWUCRV-UHFFFAOYSA-N,CCCN(CCC)C(=O)COC(=O)c1ccccc1,-2.763
LXIZRZRTWSDLKK-UHFFFAOYSA-N,CC(C)(c1cc(Br)c(OCC(Br)CBr)c(Br)c1)c2cc(Br)c(OCC(Br)CBr)c(Br)c2,-9.06
PUVAFTRIIUSGLK-UHFFFAOYSA-M,[Cl-].C[N+](C)(C)CC1CO1,0.719
FPPLREPCQJZDAQ-UHFFFAOYSA-N,CC(CCC#N)C#N,-0.386
FOXFZRUHNHCZPX-UHFFFAOYSA-N,CSC1=NN=C(C(=O)N1N)C(C)(C)C,-1.957
FYMCOOOLDFPFPN-UHFFFAOYSA-K,[Fe+3].Cc1ccc(cc1)[S]([O-])(=O)=O.Cc2ccc(cc2)[S]([O-])(=O)=O.Cc3ccc(cc3)[S]([O-])(=O)=O,-0.396
OJJZXLAZFFTFNT-AZMQIZTHSA-J,[Li+].[Li+].[Na+].[Na+].COc1cc(ccc1N\N=C/2C(=O)c3c(O)cc(cc3C=C2[S]([O-])(=O)=O)[S]([O-])(=O)=O)N(O)\N=C\4C=CC(=N\N=C\5C(=O)c6c(O)cc(cc6C=C5[S]([O-])(=O)=O)[S]([O-])(=O)=O)\C(=C4)OC,-1.12
CPELXLSAUQHCOX-UHFFFAOYSA-M,[Br-],0.386
OWICEWMBIBPFAH-UHFFFAOYSA-N,O=[P](Oc1ccccc1)(Oc2ccccc2)Oc3cccc(O[P](=O)(Oc4ccccc4)Oc5ccccc5)c3,-7.424
TYIXMATWDRGMPF-UHFFFAOYSA-N,[O--].[O--].[O--].[Bi+3].[Bi+3],-3.055
HLUCICHZHWJHLL-UHFFFAOYSA-N,Oc1ccc2c(OCC3(O)CC4=CC(=O)C(=CC4=C23)O)c1O,-3.282
XBBMJUWOCGWHRP-UHFFFAOYSA-N,CCCCCCCC(=O)OCCCOC(=O)CCCCCCC,-5.908
ZZVVDIVWGXTDRQ-UHFFFAOYSA-N,CCCCSC(SCc1ccc(cc1)C(C)(C)C)=Nc2cccnc2,-6.793
WGYFINWERLNPHR-UHFFFAOYSA-N,COc1cccc(c1)[N+]([O-])=O,-2.419
LPIWIOBGUAPNQW-UHFFFAOYSA-N,CC(Cl)[N+]([O-])=O,-0.33
LKKOGZVQGQUVHF-UHFFFAOYSA-N,CCOC(=O)CCCCCC(=O)OCC,-2.204
BPSOMXDZJFRMBW-UHFFFAOYSA-M,[NH4+].[Na+].COc1cc(c(C)cc1NC(=O)C(N=Nc2ccc(cc2)c3sc4c(ccc(C)c4[S]([O-])(=O)=O)n3)C(C)=O)[S]([O-])(=O)=O,-1.222
RULKYXXCCZZKDZ-UHFFFAOYSA-N,Oc1cc(Cl)c(Cl)c(Cl)c1Cl,-3.307
RDEPSYXOVXRWGR-NSHDSACASA-N,[O-]C(=O)[C@H](Cc1ccccc1)[NH2+]CCC#N,-0.913
PHEOVVDXTQVHAZ-UHFFFAOYSA-N,CC(C)(C)C(=O)OCC(=O)C1(O)CCC2C3CCC4=CC(=O)C=CC4(C)C3C(O)CC12C,-5.002
JYLWMEXEAXNUEF-UHFFFAOYSA-N,COC(=O)C(CO)NC(=O)C(Cl)Cl,-0.74
QMKYBPDZANOJGF-UHFFFAOYSA-N,OC(=O)c1cc(cc(c1)C(O)=O)C(O)=O,-2.063
HFNGYHHRRMSKEU-UHFFFAOYSA-N,COc1ccc(COC(C)=O)cc1,-1.897
KZAUOCCYDRDERY-UITAMQMPSA-N,CNC(=O)O\N=C(SC)\C(=O)N(C)C,-0.868
SPNQRCTZKIBOAX-UHFFFAOYSA-N,CCC(C)Nc1c(cc(cc1[N+]([O-])=O)C(C)(C)C)[N+]([O-])=O,-5.097
BEZDDPMMPIDMGJ-UHFFFAOYSA-N,Cc1cc(C)c(C)c(C)c1C,-4.158
ABLLZVRKYUXMHV-UHFFFAOYSA-N,CCCC(=O)[N]1N=CC2=C1N=CNC2=O,-1.879
YPNVIBVEFVRZPJ-UHFFFAOYSA-N,[Ag+].[Ag+].O[S](O)(=O)=O,-1.863
BUHNCQOJJZAOMJ-UHFFFAOYSA-N,CC(C)C(C(=O)OC(C#N)c1cccc(Oc2ccc(Br)cc2)c1)c3ccc(OC(F)F)cc3,-8.329
IMSSROKUHAOUJS-UHFFFAOYSA-N,COC1=CC=C2C3CCC4(C)C(CCC4(O)C#C)C3CCC2=C1,-5.423
ODCUSWJXZDHLKV-UHFFFAOYSA-N,OCCN(Cc1ccc(Oc2ccc(cc2)[N+]([O-])=O)cc1)C(=O)C(Cl)Cl,-4.576
LBGDJUYHCRTMQV-UHFFFAOYSA-N,OC(O)(C(=O)Nc1ccccc1)C(=O)Nc2ccccc2,-2.471
ZGWOCNDIGLJDDX-UHFFFAOYSA-N,Cc1ncc2nc(C)c(C)nc2n1,-1.827
XTVVROIMIGLXTD-UHFFFAOYSA-N,[Cu++].[O-][N+]([O-])=O.[O-][N+]([O-])=O,-0.858
MJIVRKPEXXHNJT-UHFFFAOYSA-N,OC(=O)c1ccnc(c1)C(O)=O,-1.528
MYMOFIZGZYHOMD-UHFFFAOYSA-N,O=O,-2.134
MDHYEMXUFSJLGV-UHFFFAOYSA-N,CC(=O)OCCc1ccccc1,-1.922
TZIOSYAVRCFFSO-UHFFFAOYSA-N,COC1=C(OC)C2=C(COC2=O)C(N)=C1,-2.581
NXBCOPCQMVFRPQ-UHFFFAOYSA-N,CCCCCCOC(=O)C1=CC(I)=C(O)C=C1,-4.132
HXHWSAZORRCQMX-UHFFFAOYSA-N,CCCSC1=CC2=C([NH]C(=N2)NC(=O)OC)C=C1,-3.865
NIDFGXDXQKPZMA-UHFFFAOYSA-N,O=C1N2c3cccc4cccc(N=C2c5cccc6cccc1c56)c34,-8.12
JRBPAEWTRLWTQC-UHFFFAOYSA-N,CCCCCCCCCCCCN,-3.041
FRKISMRVEIRXFS-UHFFFAOYSA-N,CCCCOC(=O)C(C)OC(C)=O,-1.307
QGXBDMJGAMFCBF-UHFFFAOYSA-N,C1C(O)CC2CCC3C4CCC(=O)C4(C)CCC3C2(C)C1,-4.337
OWCNPTHAWPMOJU-UHFFFAOYSA-N,CC(C)(C)CCCO,-0.751
VREZDOWOLGNDPW-UHFFFAOYSA-N,OC1C(O)C(O)C2C(NC(=O)C3=C(O)C4=C(OCO4)C=C23)C1O,-1.868
VGSJTKYUFRVBDY-UHFFFAOYSA-N,CCCCCCCCCCCCCCCCCC(=O)NCCNCCNC(=O)CCCCCCCCCCCCCCCCC.CCCCCCCCCCCCCCCCCC(=O)NCCN1CCN=C1CCCCCCCCCCCCCCCCC.CC(O)=O.CC(O)=O,-7.175
LADXKQRVAFSPTR-UHFFFAOYSA-M,[Na+].OCC[S]([O-])(=O)=O,0.965
YOWNVPAUWYHLQX-UHFFFAOYSA-N,Fc1cccc(F)c1C(=O)NC(=O)Nc2ccc(Cl)c(Oc3ncc(cc3Cl)C(F)(F)F)c2,-8.662
JQCXWCOOWVGKMT-UHFFFAOYSA-N,CCCCCCCOC(=O)C1=C(C(=O)OCCCCCCC)C=CC=C1,-6.555
IIUYNOCBVMYAHS-UHFFFAOYSA-N,CC(C)(C)NC(=O)C1N(CSC1(C)C)C(=O)C(O)C(CC2=CC=CC=C2)NC(=O)CC3=CC=CC=C3,-4.099
MFDFERRIHVXMIY-UHFFFAOYSA-N,Nc1ccc(C(OCCN(CC)CC)=O)cc1,-1.8
ISAVYTVYFVQUDY-UHFFFAOYSA-N,CC(C)(C)CC(C)(C)c1ccc(O)cc1,-3.671
ZPVFWPFBNIEHGJ-UHFFFAOYSA-N,CCCCCCC(C)=O,-1.646
NYHAZDHVIPVSDM-UHFFFAOYSA-N,CC(C)C1CCC(=NO)C(C1)=NO,-1.569
UUIVKBHZENILKB-UHFFFAOYSA-N,NC(=O)C(Br)(Br)C#N,-0.88
WRFXXJKURVTLSY-UHFFFAOYSA-N,CCC(C)CCCC(C)(C)O,-2.343
MLGCXEBRWGEOQX-UHFFFAOYSA-N,Clc1ccc(cc1)[S](=O)(=O)c2cc(Cl)c(Cl)cc2Cl,-6.118
IMYCVFRTNVMHAD-UHFFFAOYSA-N,CCC(C)(C)OOC1(CCCCC1)OOC(C)(C)CC,-5.125
KNXVOGGZOFOROK-UHFFFAOYSA-N,[Mg++].[Mg++].[Mg++].O[Si]([O-])=O.O[Si]([O-])=O.[O-][Si]([O-])=O.[O-][Si]([O-])=O,-2.458
CJBMVMMYECULNQ-UHFFFAOYSA-N,CC(C)C1=C(Br)C(=C(C)C=C1C2(O[S](=O)(=O)C3=C2C=CC=C3)C4=CC(=C(O)C(=C4C(C)C)Br)C)O,-7.525
ZOPQVUGKTLTCMT-UHFFFAOYSA-N,S.[Ni],-2.139
ULHWJFTZJZSPCG-UHFFFAOYSA-N,CC(C)CC(NC(=O)C(CC1=C[NH]C=N1)NC(=O)C(CC2=CC=CC=C2)NC(=O)OC(C)(C)C)C(O)CC(=O)NC(CC(C)C)C(=O)NCC3=CC=NC=C3,-4.173
WCNLCIJMFAJCPX-UHFFFAOYSA-N,[H+].[Cl-].CCOC(=O)C1(CCN(C)CC1)c2ccccc2,-0.331
JJYPMNFTHPTTDI-UHFFFAOYSA-N,Cc1cccc(N)c1,-0.731
BKHZQJRTFNFCTG-UHFFFAOYSA-N,Cc1ccccc1OP(Oc2ccccc2C)Oc3ccccc3C,-7.274
LAOZSCRCYVBSJA-UHFFFAOYSA-N,CC1(C)C(=O)NC(=O)NC1=O,-0.703
JXEFLYKRWPXVBB-UHFFFAOYSA-N,O=C1NC(=O)C2(CCCCCCCCC2)C(=O)N1,-2.648
HJDUSPQCBUUNBC-UHFFFAOYSA-L,[Na+].[Na+].[Cu].COc1ccc(cc1N)[S]([O-])(=O)=O.Nc2ccc(c(N)c2)[N+]([O-])=O.Oc3cccc([O-])c3,-3.053
RVWLHPJFOKUPNM-UHFFFAOYSA-N,Clc1cccc(c1Cl)c2c(Cl)c(Cl)cc(Cl)c2Cl,-8.666
FOQABOMYTOFLPZ-UHFFFAOYSA-N,CCN(CCO)c1ccc(cc1)N=Nc2ccc(cc2)[N+]([O-])=O,-4.184
DLEGDLSLRSOURQ-UHFFFAOYSA-N,FC(F)(F)COC=C,-0.858
XPDWGBQVDMORPB-UHFFFAOYSA-N,FC(F)F,-0.171
QDTDKYHPHANITQ-UHFFFAOYSA-N,CC(C)CCCCCCO,-1.984
PNWYPUYECVECFF-UHFFFAOYSA-N,[O-][N+](=O)c1ccc(cc1)N=Nc2ccc(cc2)N(CCOCCC#N)CCC#N,-6.205
KUIXZSYWBHSYCN-UHFFFAOYSA-L,[Na+].[Na+].Nc1c2C(=O)c3ccccc3C(=O)c2c(Nc4cccc(c4)[S](=O)(=O)CCO[S]([O-])(=O)=O)cc1[S]([O-])(=O)=O,-0.845
ICTGBOFCIDHVPA-UHFFFAOYSA-N,C[S](=O)(=O)N[S](C)(=O)=O,-0.079
DSVOTYIOPGIVPP-UHFFFAOYSA-N,CNC(=O)OCc1ccc(Cl)c(Cl)c1,-3.13
HNURKXXMYARGAY-UHFFFAOYSA-N,CC(C)(C)c1cc(CO)cc(c1O)C(C)(C)C,-3.031
INCSQLZZXBPATR-UHFFFAOYSA-N,COC(=O)c1nccnc1N,-1.049
WNJSKZBEWNVKGU-UHFFFAOYSA-N,COC(Cc1ccccc1)OC,-1.23
JYGXADMDTFJGBT-UHFFFAOYSA-N,CC12CC(O)C3C(CCC4=CC(=O)CCC34C)C2CCC1(O)C(=O)CO,-2.887
RRBMVWQICIXSEO-UHFFFAOYSA-N,OC1=C(Cl)C(Cl)=C(Cl)C(Cl)=C1O,-2.572
VXPLXMJHHKHSOA-UHFFFAOYSA-N,CC(C)OC(=O)Nc1ccccc1,-2.242
PQMRKLSVUBRLLQ-XSYGEPLQSA-N,CC[C@]12CC[C@H]3[C@@H](CCC4=C3CC=C(C4)OC)[C@@H]1CCC2=O,-5.537
HALPFWFCTAYLEL-UHFFFAOYSA-J,[K+].[K+].[Zn++].[O-]C(=O)CN(CCN(CC([O-])=O)CC([O-])=O)CC([O-])=O,-0.324
ZCVAOQKBXKSDMS-UHFFFAOYSA-N,CC(C)=CC1C(C(=O)OC2CC(=O)C(=C2C)CC=C)C1(C)C,-5.184
KQTIIICEAUMSDG-UHFFFAOYSA-N,OC(=O)CC(CC(O)=O)C(O)=O,-0.22
JZFPYUNJRRFVQU-UHFFFAOYSA-N,OC(=O)c1cccnc1Nc2cccc(c2)C(F)(F)F,-3.927
WCIZDTOYENGUEG-BYPYZUCNSA-N,CCSC(=S)N[C@@H](C)C(O)=O,-1.221
XBOWKFFJMDFKOW-UHFFFAOYSA-N,CC(C)=NNC(=O)Nc1ccc(cc1)[N+]([O-])=O,-3.725
KIDJHPQACZGFTI-UHFFFAOYSA-N,O[P](O)(=O)CN(CCCCCCN(C[P](O)(O)=O)C[P](O)(O)=O)C[P](O)(O)=O,0.31
PIAZYBLGBSMNLX-UHFFFAOYSA-N,ClCCCN1CCOCC1,-0.168
PDZKZMQQDCHTNF-UHFFFAOYSA-M,[Cu+].[S-]C#N,-0.632
HYDYEUKNONPEFM-UHFFFAOYSA-N,CC(=O)OC1=CC=C(NC(=O)NC2=CC=CC=C2)C=C1,-4.448
GHVNFZFCNZKVNT-UHFFFAOYSA-N,CCCCCCCCCC(O)=O,-2.675
MMTJWDQKGUNSDK-UHFFFAOYSA-N,Clc1cc(Cl)c(c(Cl)c1)c2c(Cl)c(Cl)cc(Cl)c2Cl,-9.386
OMFXVFTZEKFJBZ-HJTSIMOOSA-N,C[C@]12C[C@H](O)[C@H]3[C@@H](CCC4=CC(=O)CC[C@]34C)[C@@H]1CC[C@@H]2C(=O)CO,-3.486
GPKJTRJOBQGKQK-UHFFFAOYSA-N,CCN(CC)CCCC(C)NC1=C2C=C(OC)C=CC2=NC2=C1C=CC(Cl)=C2,-4.605
WDTZNHRKHNKDOU-UHFFFAOYSA-M,[Cl-].CCNc1cc2[o+]c3cc(NCC)c(C)cc3c(c2cc1C)c4ccccc4C(=O)OC,-2.542
ZKGSEEWIVLAUNH-UHFFFAOYSA-N,Clc1cccc(c1)c2ccc(Cl)c(Cl)c2Cl,-7.035
ACBFJDARQXVXLX-UHFFFAOYSA-M,[Cl-].CCN(CC[N+](C)(C)CC(C)O)c1ccc(cc1)N=Nc2ccc(cc2Cl)[N+]([O-])=O,-2.431
DTAPQAJKAFRNJB-UHFFFAOYSA-N,CNC(=O)Oc1cc(C)cc(c1)C(C)C,-2.954
WJYMPXJVHNDZHD-UHFFFAOYSA-N,CCc1cc(CC)cc(CC)c1,-4.465
XXXSILNSXNPGKG-ZHACJKMWSA-N,CO[P](=O)(OC)OC(/C)=C/C(=O)OC(C)c1ccccc1,-2.108
VWYKSJIPZHRLNO-UHFFFAOYSA-N,Cc1cc(Cl)cc(C)c1O,-2.228
QAISXTKWTBOYAA-UHFFFAOYSA-N,CCC(NC=O)C(O)=O,0.302
YUGWDVYLFSETPE-JLHYYAGUSA-N,CC\C=C(/C)C(OC(=O)C1C(C=C(C)C)C1(C)C)C#C,-5.955
AKUJBENLRBOFTD-RPRRAYFGSA-N,C[C@@H]1C[C@H]2[C@@H]3CCC4=CC(=O)C=C[C@]4(C)[C@@]3(F)[C@@H](O)C[C@]2(C)[C@@]1(O)C(=O)COC(C)=O,-4.472
FZEIWORKISALCO-UHFFFAOYSA-N,NC(=O)c1ccccc1OCC=C,-2.013
YFCGDEUVHLPRCZ-UHFFFAOYSA-N,C[Si](C)(C)O[Si](C)(C)O[Si](C)(C)O[Si](C)(C)C,-4.734
UXTDCJJEJZCEBF-BQYQJAHWSA-M,CCOc1ccccc1\C=C\C([O-])=O,-1.475
GSLVKBRGRSHUAU-UHFFFAOYSA-N,CCONC(=O)C1=CN(C)C(=O)C(=C1NC2=CC=C(Br)C=C2F)F,-5.554
ZERULLAPCVRMCO-UHFFFAOYSA-N,CCCSCCC,-2.715
KMLCDKUGVGTGBJ-UHFFFAOYSA-N,CC(C)c1cc(O[P](=O)(Oc2ccccc2)Oc3ccccc3)cc(c1)c4ccccc4,-7.41
DJHHDLMTUOLVHY-UHFFFAOYSA-N,ClC1=C(Cl)C(Cl)=C2OC3=CC=CC=C3OC2=C1Cl,-8.343
PUTUPQVEMBRCAG-UHFFFAOYSA-N,COC(=O)N(C)C(=O)CS[P](C)(=S)OC,-2.349
USMKVLABRYGBJX-UHFFFAOYSA-N,OC(=O)c1cccc2cccc(c12)[N+]([O-])=O,-3.311
XZRHNAFEYMSXRG-UHFFFAOYSA-N,CC1=CC(=C(C)C=C1)C(O)=O,-1.833
FEIDIWDEJQVIPO-UHFFFAOYSA-N,ClC1=C(Cl)C(=C(OC2=CC(=C(Cl)C(=C2)Cl)Cl)C=C1)Cl,-9.201
XEVRDFDBXJMZFG-UHFFFAOYSA-N,NNC(=O)NN,-0.813
QEZZCWMQXHXAFG-UHFFFAOYSA-N,Nc1cccc2ccc(cc12)[S](O)(=O)=O,-2.2
XECLXJZDYKMJFL-UHFFFAOYSA-N,CCC(=O)OC1CCC2(C)C3CCC4(C)C(CCC4=O)C3CC=C2C1,-6.093
DCQWRDUXRZSWHI-UHFFFAOYSA-N,CCC(=O)Oc1ccc(cc1)[N+]([O-])=O,-3.104
DDGGEFYAEPNQFB-UHFFFAOYSA-N,O.Cl.[Zn].CC(C)(C)c1cc(C(O)=O)c(O)c(c1)C(C)(C)C,-3.219
JXCGFZXSOMJFOA-UHFFFAOYSA-N,CN(C)C(=O)Nc1ccc(C)c(Cl)c1,-2.835
XZIDTOHMJBOSOX-UHFFFAOYSA-N,OC(=O)c1c(Cl)ccc(Cl)c1Cl,-3.174
ZQHKAIDDHTYINE-UHFFFAOYSA-J,[Na+].[Na+].[Mn++].[O-]C(=O)CN(CCN(CC([O-])=O)CC([O-])=O)CC([O-])=O,-0.324
XVQJYCJZQVBVTL-UHFFFAOYSA-N,CCCCCCCCCCCCNC(=O)c1cccnc1,-4.19
CYFLXLSBHQBMFT-UHFFFAOYSA-N,CC1=C(C)N=C(N[S](=O)(=O)C2=CC=C(N)C=C2)O1,-2.965
JCLHQFUTFHUXNN-UHFFFAOYSA-N,c1ccc2OC(=O)C(C(C(=O)OCC)C3=C(O)c4ccccc4OC3=O)=C(O)c2c1,-6.014
LSQZJLSUYDQPKJ-UHFFFAOYSA-N,CC1(C)SC2C(NC(=O)C(N)C3=CC=C(O)C=C3)C(=O)N2C1C(O)=O,-2.34
ZDQYSKICYIVCPN-UHFFFAOYSA-L,[Na+].[Na+].[O-]C(=O)CCC([O-])=O,0.031
SUSRORUBZHMPCO-UHFFFAOYSA-N,COC(=O)c1cc(Oc2ccc(Cl)cc2Cl)ccc1[N+]([O-])=O,-6.686
TVYVQNHYIHAJTD-UHFFFAOYSA-N,CC(C)c1ccc2ccccc2c1,-4.304
WPUKZOKYKHYASK-UHFFFAOYSA-N,CC(C)CCCCCCCCCCOC(=O)CCCCC(=O)OCCCCCCCCCCC(C)C,-7.715
ZACVGCNKGYYQHA-UHFFFAOYSA-N,CCCCC(CC)COC(=O)OOC(=O)OCC(CC)CCCC,-5.76
BCSGAWBQJHXXSE-UHFFFAOYSA-N,CC(C)CCCCCCCCCCOC(=O)c1ccccc1C(=O)OCCCCCCCCCCC(C)C,-7.882
UUEDINPOVKWVAZ-UHFFFAOYSA-N,CCCCC(CC)COC(=O)c1c(Br)c(Br)c(Br)c(Br)c1C(=O)OCC(CC)CCCC,-8.404
NZNMSOFKMUBTKW-UHFFFAOYSA-N,OC(=O)C1CCCCC1,-0.611
XJPZKYIHCLDXST-UHFFFAOYSA-N,Clc1cc(Cl)ncn1,-1.497
NFLGAXVYCFJBMK-UHFFFAOYSA-N,O=C(C(CCC1C)C(C)C)C1,-2.065
YBAZINRZQSAIAY-UHFFFAOYSA-N,Nc1ccc(cc1)C#N,-1.53
VEFLKXRACNJHOV-UHFFFAOYSA-N,BrCCCBr,-1.588
COYBRKAVBMYYSF-UHFFFAOYSA-N,CCCCCC(C)OC(=O)COc1ccc(Cl)c2cccnc12,-5.633
HKCXKNGHGLCFHK-UHFFFAOYSA-N,COC1=NC2=C([NH]C=N2)C=N1,-1.28
IPVBROHEYXPTBX-UHFFFAOYSA-N,CC[S](=O)(=O)N[S](=O)(=O)CC,-0.321
VMQRILJWEHBRPV-UHFFFAOYSA-L,[Ce].[Ce].[O-]C(=O)C([O-])=O,-2.153
FYZBOYWSHKHDMT-UHFFFAOYSA-N,CCOC(=O)CCN(SN(C)C(=O)Oc1cccc2CC(C)(C)Oc12)C(C)C,-4.152
UVTXHAOLTBFLDL-UHFFFAOYSA-N,O=C(O)C1=CC=C(P(=O)(C2=CC=CC=C2)C2=CC=C(C(=O)O)C=C2)C=C1,-5.052
IDXLLBBFRBQZFE-UHFFFAOYSA-N,CC(C)Cc1sc(N[S](=O)(=O)c2ccc(N)cc2)nn1,-3.259
WKOLLVMJNQIZCI-UHFFFAOYSA-N,COc1cc(ccc1O)C(O)=O,-1.673
XGVHRUPAYMKJBO-UHFFFAOYSA-N,CCCCCC1(CCO)C(=O)NC(=S)NC1=O,-1.998
TWIRQKNQTOUPOY-UHFFFAOYSA-I,[Na+].[Na+].[Na+].[Na+].[Na+].NC(=O)Nc1cc(Nc2nc(Cl)nc(Nc3cc(N)c(cc3N=Nc4ccc(cc4)[S](=O)(=O)CCO[S]([O-])(=O)=O)[S]([O-])(=O)=O)n2)ccc1N=Nc5cc6c(cc(cc6[S]([O-])(=O)=O)[S]([O-])(=O)=O)cc5[S]([O-])(=O)=O,-1.706
RNLHVODSMDJCBR-VURMDHGXSA-N,CC(O)C(C)\C=C/C1CC=C(C)C1(C)C,-2.828
OPXLLQIJSORQAM-UHFFFAOYSA-N,COC(=O)NC1=NC2=CC(=CC=C2[NH]1)C(=O)C3=CC=CC=C3,-5.006
LAWHHRXCBUNWFI-UHFFFAOYSA-N,CCCCCC(C(O)=O)C(O)=O,-0.873
NDKYYKABKLOOAP-UHFFFAOYSA-N,CCN(CC)c1ccc2c(OC(=O)C(=C2C#N)c3sc4ccccc4n3)c1,-6.659
GYGVRMLIQVFLPE-UHFFFAOYSA-L,[Na+].[Na+].CCN(Cc1cccc(c1)[S]([O-])(=O)=O)c2ccc(cc2)N=Nc3ccc(N=Nc4cccc(c4)[S]([O-])(=O)=O)c5ccccc35,-1.407
IPENDKRRWFURRE-UHFFFAOYSA-N,Fc1ccc(cc1)N2C(=O)C(=C(Cl)C2=O)Cl,-4.359
KSCAZPYHLGGNPZ-UHFFFAOYSA-N,CCO[Si](CCCCl)(OCC)OCC,-3.365
MUJOIMFVNIBMKC-UHFFFAOYSA-N,FC1(F)Oc2cccc(c2O1)c3c[nH]cc3C#N,-4.542
OXHDYFKENBXUEM-UHFFFAOYSA-N,OC(=O)CN(C[P](O)(O)=O)C[P](O)(O)=O,0.148
GGAUUQHSCNMCAU-UHFFFAOYSA-N,OC(=O)CC(C(CC(O)=O)C(O)=O)C(O)=O,-0.551
YPNZTHVEMNUDND-UHFFFAOYSA-N,CCCCCCCCOC(=O)N,-2.001
AKCRQHGQIJBRMN-UHFFFAOYSA-N,Nc1ccccc1Cl,-1.177
UGMGEYBGNHXQQO-UHFFFAOYSA-N,CCCCCCCCCC(C)(C)SSC1=NNC(=S)S1,-5.949
OPHSDBPYDDKGOA-UHFFFAOYSA-N,CCCCCC1=C2C=CC3=C(C=CC=C3)C2=CC4=C1C=CC=C4,-7.712
MVXIJRBBCDLNLX-UHFFFAOYSA-N,Clc1ccccc1c2c(Cl)cccc2Cl,-6.08
ISXSCDLOGDJUNJ-UHFFFAOYSA-N,CC(C)(C)OC(=O)C=C,-1.1
YCGWUEYSZNACHN-UHFFFAOYSA-N,CCCCCCCCCC(O)=O.CCCCCCCC(O)=O.CCCCCC(O)=O.CCC(CO)(CO)CO.OC(=O)CCCCC(O)=O,-4.938
QUKGYYKBILRGFE-UHFFFAOYSA-N,CC(=O)OCc1ccccc1,-1.58
YOVRNJUIHVNXCB-UHFFFAOYSA-N,O=C1CCCCCN1C(=O)NCCCCCCNC(=O)N2CCCCCC2=O,-3.345
GJAWHXHKYYXBSV-UHFFFAOYSA-N,OC(=O)C1=CC=CN=C1C(O)=O,-1.491
ICSNLGPSRYBMBD-UHFFFAOYSA-N,Nc1ccccn1,-0.107
KIGBUEKEZHTCDR-UHFFFAOYSA-N,OC1=C(C2CCCc3ccccc23)C(=O)c4ccccc4O1,-5.427
DTGKSKDOIYIVQL-UHFFFAOYSA-N,CC1(C)C2CCC1(C)C(O)C2,-1.544
WCYYQNSQJHPVMG-UHFFFAOYSA-N,Clc1cc2Oc3c(Cl)c(Cl)c(Cl)c(Cl)c3Oc2cc1Cl,-9.743
VAJVDSVGBWFCLW-UHFFFAOYSA-N,OCCCc1ccccc1,-0.778
CAWSVYYOUZEMHA-UHFFFAOYSA-N,ClC1=CC=C(OC2=CC(=C(Cl)C=C2)Cl)C(=C1)Cl,-7.698
UQEAIHBTYFGYIE-UHFFFAOYSA-N,C[Si](C)(C)O[Si](C)(C)C,-2.346
UHSJNNFEGHBUMV-UHFFFAOYSA-N,CCC(C)C(N)C(=O)OCCCCOC(=O)C(C)C1=CC2=CC=C(OC)C=C2C=C1,-4.857
UEWQTRNYJJIPSF-UHFFFAOYSA-N,NC1=NC(=O)N(C2=CC=CC=C2)N1,-2.191
DEQITUUQPICUMR-UHFFFAOYSA-N,CC(C)C1(NC(=O)C2CC3C(CC4=C[NH]C5=C4C3=CC=C5)N(C)C2)OC6(O)C7CCCN7C(=O)C(CC8=CC=CC=C8)N6C1=O,-4.793
PSTVHRSUNBSVIJ-UHFFFAOYSA-N,CCCCCCC1(CC)C(=O)NC(=O)NC1=O,-2.598
VTYYLEPIZMXCLO-UHFFFAOYSA-L,[Ca++].[O-]C([O-])=O,-2.037
WDMKCPIVJOGHBF-UHFFFAOYSA-N,Clc1cc2c(oc3c(Cl)c(Cl)c(Cl)c(Cl)c23)c(Cl)c1Cl,-9.996
ZKXDGKXYMTYWTB-UHFFFAOYSA-N,O=NN1CCOCC1,0.582
AAKMSGQPNUGLAZ-UHFFFAOYSA-N,O=C(Nc1cccc2C(=O)c3c4[nH]c5c(cc(NC(=O)c6ccccc6)c7C(=O)c8ccccc8C(=O)c57)c4ccc3C(=O)c12)c9ccccc9,-8.432
FSCPTWHCVYVMGT-UHFFFAOYSA-N,OCN1C(=O)OC2=CC=C(Cl)C=C12,-2.049
JEYJJJXOFWNEHN-UHFFFAOYSA-N,ClC1=CC2=C(C(=C1Cl)Cl)C3=C(O2)C(=C(Cl)C(=C3)Cl)Cl,-9.436
CBOQJANXLMLOSS-UHFFFAOYSA-N,CCOc1cc(C=O)ccc1O,-1.904
KRHYYFGTRYWZRS-UHFFFAOYSA-N,[H+].[F-],-2.033
COHYTHOBJLSHDF-YPKPFQOOSA-N,O=C1\C(Nc2ccccc12)=C/3Nc4ccccc4C3=O,-5.522
AARNXMRADQFOEB-UHFFFAOYSA-N,CC(=O)C1CCC2C3CCC4=CC(=O)CC(O)C4(C)C3CCC12C,-4.288
XRJDITBTRULNOY-UHFFFAOYSA-N,CN(CC(=O)O)C(=S)SCC1=CC=CC=C1,-2.868
OAWAZQITIZDJRB-UHFFFAOYSA-N,OC(=O)C(F)(F)Cl,-0.419
XPRMZBUQQMPKCR-UHFFFAOYSA-L,[Na+].[Na+].[O-][S](=O)(=O)c1cccc(c1)N=Nc2ccc(N=Nc3ccc(Nc4ccccc4)c5c3cccc5[S]([O-])(=O)=O)c6ccccc26,-1.625
ONPVMQLRVWKFFL-UHFFFAOYSA-N,O=C(OCCCc1ccccc1)c2ccccc2,-4.247
IMFACGCPASFAPR-UHFFFAOYSA-N,CCCCN(CCCC)CCCC,-2.694
QGDOQULISIQFHQ-UHFFFAOYSA-N,CN1C(=O)N(C)C2=C(N(C)C(=O)N2C)C1=O,-1.258
UIEBGVDTKLYGTN-UHFFFAOYSA-J,[Na+].[Na+].[Na+].[Na+].NC(=O)Nc1cc(Nc2nc(Cl)nc(Nc3cccc(c3)[S](=O)(=O)CCO[S]([O-])(=O)=O)n2)ccc1N=Nc4cc5c(cc(cc5[S]([O-])(=O)=O)[S]([O-])(=O)=O)cc4[S]([O-])(=O)=O,-1.643
MENUYOGJCXAFFU-UHFFFAOYSA-N,N#CC(=NNC1=CC=CC=C1)C#N,-2.518
VREFGVBLTWBCJP-UHFFFAOYSA-N,CC1=NN=C2CN=C(C3=CC=CC=C3)C4=C(C=CC(=C4)Cl)[N]12,-5.922
HMBNQNDUEFFFNZ-UHFFFAOYSA-N,OCCCCOC=C,0.228
DRUIESSIVFYOMK-UHFFFAOYSA-N,ClC(Cl)(Cl)C#N,-1.092
APCDMDJMHYSEPA-UHFFFAOYSA-N,CC(C)COC(=O)[N]1C2=C(C=CC=C2)N=C1C3=CSC=N3,-4.088
DUFGYCAXVIUXIP-UHFFFAOYSA-N,OC1=CC(=O)NC=N1,-1.085
DPVYDTACPLLHCF-UHFFFAOYSA-N,CC(C)(C)C(=O)OCCc1ccccc1,-3.322
UAOMVDZJSHZZME-UHFFFAOYSA-N,CC(C)NC(C)C,0.206
QVLAWKAXOMEXPM-UHFFFAOYSA-N,ClCC(Cl)(Cl)Cl,-1.951
BCOXBEHFBZOJJZ-ARJAWSKDSA-N,CC\C=C/CCOC(=O)c1ccccc1,-3.407
GRRIYLZJLGTQJX-UHFFFAOYSA-N,O=C(NNC(=O)c1ccccc1)c2ccccc2,-3.585
DNPSYFHJYIRREW-UHFFFAOYSA-N,Cc1ccccc1Oc2cccnn2,-2.899
UORJNBVJVRLXMQ-UHFFFAOYSA-N,CC(C)C1(CC=C)C(=O)NC(=O)NC1=O,-1.799
RKUNSPWAQIUGEZ-UHFFFAOYSA-N,COC(=O)C1=CC(Br)=C(O)C=C1,-2.439
FODDJNZEXHBBKD-UHFFFAOYSA-N,CNC1=C(NC2=C3C=CC=CC3=NC3=C2C=CC=C3)C=CC(NS(C)(=O)=O)=C1,-6.424
JIKUXBYRTXDNIY-UHFFFAOYSA-N,CN(C=O)c1ccccc1,-0.744
BONRIQWDXHCVOH-UHFFFAOYSA-N,O[S](=O)(=O)c1c[nH]cn1,-0.545
YZJSKRBKHCLMQC-UHFFFAOYSA-N,Oc1cc2ccccc2cc1C(=O)Nc3cccc(c3)[N+]([O-])=O,-5.562
ISRUGXGCCGIOQO-UHFFFAOYSA-N,CNC(=O)Oc1ccccc1OC(C)C,-2.313
ITRNXVSDJBHYNJ-UHFFFAOYSA-N,S=[W]=S,-7.87
YCDZXIYKJHQMIG-UHFFFAOYSA-N,CC(=O)OC1(CCC2C3CC(=C)C4=CC(=O)CCC4(C)C3CCC12C)C(C)=O,-5.903
UFORAEIAYCSGCR-UHFFFAOYSA-N,COc1ccc(N=NC(C(C)=O)C(=O)Nc2ccccc2OC)c(c1)[N+]([O-])=O,-6.693
LJOZMWRYMKECFF-UHFFFAOYSA-N,Ic1ccccc1C(=O)Nc2ccccc2,-4.718
VSAWBBYYMBQKIK-UHFFFAOYSA-N,Cc1c(Cc2cc(c(O)c(c2)C(C)(C)C)C(C)(C)C)c(C)c(Cc3cc(c(O)c(c3)C(C)(C)C)C(C)(C)C)c(C)c1Cc4cc(c(O)c(c4)C(C)(C)C)C(C)(C)C,-8.317
TXECTBGVEUDNSL-UHFFFAOYSA-N,CC(=O)OC(OC(C)=O)C=C,-0.523
FUGCGCXGFWNOSY-UHFFFAOYSA-N,CCCCCCCCCCOC(=O)C(C)O,-3.257
PSHRTKHMFMNJFD-UHFFFAOYSA-N,CC1=CC=C(OCC(=O)NC2C(=O)N3C2SC(C)(C)C3C(=O)O)C=C1,-3.167
CNJRPYFBORAQAU-UHFFFAOYSA-N,CCOCCOCCOC,0.605
RRMZTAWQQFJQHL-UHFFFAOYSA-N,O=CCc1ccc2OCOc2c1,-1.641
MFYSYFVPBJMHGN-ZPOLXVRWSA-N,C[C@]12CCC(=O)C=C1CC[C@H]3[C@@H]4CC[C@](O)(C(=O)CO)[C@@]4(C)CC(=O)[C@H]23,-3.135
HIGQPQRQIQDZMP-FLIBITNWSA-N,CC(=O)OC\C=C(C)/CCC=C(C)C,-3.372
SATCULPHIDQDRE-UHFFFAOYSA-N,O=Cc1ccc2OCOc2c1,-1.558
KRUVSRGJKCHYMY-UHFFFAOYSA-N,NC(=N)C1=CC(=CC=C1)NC(=O)NC2=CC(=CC=C2)C(N)=N,-3.005
WRYLYDPHFGVWKC-UHFFFAOYSA-N,CC(C)C1(O)CCC(=CC1)C,-1.364
ZFMSMUAANRJZFM-UHFFFAOYSA-N,COc1ccc(CC=C)cc1,-2.614
LPUQAYUQRXPFSQ-UHFFFAOYSA-M,[Na+].NC(CCC(O)=O)C([O-])=O,0.134
PFKPABPFEUSONI-ICSRJNTNSA-N,CC[C@]12CCC3=C(CCc4cc(OC)ccc34)[C@@H]1CCC2=O,-6.25
GUVRBAGPIYLISA-UHFFFAOYSA-N,[Ta],-6.858
RXXXPZYBZLDQKP-UHFFFAOYSA-N,NS(=O)(=O)C1=CC=C(NC(=O)CCC(=O)O)C=C1,-1.686
DICRHEJCQXFJBY-UHFFFAOYSA-N,CCNC(=O)CS[P](=S)(OC)OC,-1.677
OVISMSJCKCDOPU-UHFFFAOYSA-N,ClCCCCCCCl,-3.348
SUVZGLSQFGNBQI-UHFFFAOYSA-N,OC(=O)C(S)CCC(S)C(O)=O,-0.562
UIIMBOGNXHQVGW-UHFFFAOYSA-M,[Na+].OC([O-])=O,-1.551
LBNXAWYDQUGHGX-UHFFFAOYSA-N,CCCCCCCc1ccccc1,-5.043
BLXXJMDCKKHMKV-UHFFFAOYSA-N,COC1=CC=C2C=C(CCC(C)=O)C=CC2=C1,-4.219
BCXKOIICQXXQJZ-UHFFFAOYSA-N,CCCC(=O)OC[N]1C=NC2=C1C(=O)N(C)C(=O)N2C,-1.833
QNVNLUSHGRBCLO-UHFFFAOYSA-N,OC(=O)c1cc(O)cc(c1)C(O)=O,-1.852
ZGEGCLOFRBLKSE-UHFFFAOYSA-N,CCCCCC=C,-3.456
HKSVWJWYDJQNEV-UHFFFAOYSA-K,[Sr++].[O-][P]([O-])([O-])=O,-0.248
ROSXARVHJNYYDO-UHFFFAOYSA-N,CCCOC(=O)CN1C=C(I)C(=O)C(=C1)I,-2.869
ZDTXQHVBLWYPHS-UHFFFAOYSA-N,Cc1ccc(cc1[S](O)(=O)=O)[N+]([O-])=O,-1.428
BKFXSOCDAQACQM-UHFFFAOYSA-N,OC(=O)c1cccc(Cl)c1C(O)=O,-2.16
LGDSHSYDSCRFAB-UHFFFAOYSA-N,CN=C=S,-0.697
CYKFQSXTIVGYDT-UHFFFAOYSA-N,CCCCCCC(CC=CCCCCCCCC(O)=O)O[S](O)(=O)=O,-3.021
DXQVFHQUHOFROC-UHFFFAOYSA-N,Fc1ccc(Cc2ccc(F)cc2)cc1,-4.498
KBQVDAIIQCXKPI-UHFFFAOYSA-N,CO[Si](CCCOC(=O)C=C)(OC)OC,-1.587
FXNDIJDIPNCZQJ-UHFFFAOYSA-N,CC(=C)CC(C)(C)C,-3.584
BHUXAQIVYLDUQV-UHFFFAOYSA-N,CCN(CC)CC(C)O,0.387
GRFNBEZIAWKNCO-UHFFFAOYSA-N,Oc1cccnc1,-0.003
RXNXODTWPQTIHO-UHFFFAOYSA-N,CC(C)C(NCCC#N)C(=O)O,-0.458
SFTFTJMAUOPCTA-UHFFFAOYSA-N,CCCCC(=O)OCSC1=NC=NC2=C1N=C[NH]2,-2.691
PQXKHYXIUOZZFA-UHFFFAOYSA-M,[Li+].[F-],-2.033
DFCAFRGABIXSDS-UHFFFAOYSA-N,CCSC(=O)N(CC)C1CCCCC1,-2.639
OJHDVAOAFKILCS-UHFFFAOYSA-N,N[S](=O)(=O)C1=CC=C(NC2=NC(=NC=C2)N[S](=O)(=O)C3=C(F)C(=C(F)C(=C3F)F)F)C=C1,-4.654
XAGFYNSCWICYPA-UHFFFAOYSA-N,CNC(=O)C1=CC=C(N)C=C1,-1.432
LAIGWNLGTIDKPL-UHFFFAOYSA-N,O=C1CCCCCNC(=O)CCCCCNC(=O)CCCCCNC(=O)CCCCCN1,-3.718
XDOTVMNBCQVZKG-MKICQXMISA-N,CSC(/C)=N/OC(=O)N(C)SN(C)C(=O)O\N=C(/C)SC,-2.387
RAFOHKSPUDGZPR-VOTSOKGWSA-N,CC/C=C(C)/C1(CC)C(=O)NC(=O)NC1=O,-2.111
ATVJXMYDOSMEPO-UHFFFAOYSA-N,C=CCOCC=C,-0.559
XTXRWKRVRITETP-UHFFFAOYSA-N,CC(=O)OC=C,0.579
WIKYUJGCLQQFNW-UHFFFAOYSA-N,CN1CCN(CCCN2c3ccccc3Sc4ccc(Cl)cc24)CC1,-3.635
OVSKIKFHRZPJSS-UHFFFAOYSA-N,OC(=O)COc1ccc(Cl)cc1Cl,-2.812
KYHQZNGJUGFTGR-UHFFFAOYSA-N,CC(O)Cn1cnc2N(C)C(=O)N(C)C(=O)c12,-1.091
RQKFYFNZSHWXAW-UHFFFAOYSA-N,Cc1ccc(N)cc1Cl,-1.721
ALRLPDGCPYIVHP-UHFFFAOYSA-N,[O-][N+](=O)c1ccc2ccc3cccc4ccc1c2c34,-6.14
DGSZGZSCHSQXFV-UHFFFAOYSA-N,CCCCC(CC)C(=O)OCC(COC(=O)C(CC)CCCC)OC(=O)C(CC)CCCC,-7.051
BSKHPKMHTQYZBB-UHFFFAOYSA-N,Cc1ccccn1,-0.127
SLZWEMYSYKOWCG-UHFFFAOYSA-N,COCCO[Si](CCCl)(OCCOC)OCCOC,-1.464
YEYRLCHTGWGSQF-UHFFFAOYSA-J,[Na+].[Na+].[Na+].[Na+].Oc1cc(O)c(cc1N=Nc2ccc(Nc3ccc(cc3[S]([O-])(=O)=O)[N+]([O-])=O)cc2)N=Nc4cc(cc5cc(c(N=Nc6ccc(Nc7ccc(cc7[S]([O-])(=O)=O)[N+]([O-])=O)cc6)c(O)c45)[S]([O-])(=O)=O)[S]([O-])(=O)=O,-3.887
RUVINXPYWBROJD-UHFFFAOYSA-N,O(c(ccc(c1)C=CC)c1)C,-2.552
RSPPUQXSQYBMEE-UHFFFAOYSA-N,CCN2c1nc(N(C)(CCO))ccc1NC(=O)c3cccnc23 ,-2.571
LHIJANUOQQMGNT-UHFFFAOYSA-N,NCCNCCO,1.282
JFNLZVQOOSMTJK-UHFFFAOYSA-N,C1CC2CC1C=C2,-2.688
MWKULKMSBBSGTP-UHFFFAOYSA-N,Clc1ccc(Oc2ccccc2Cl)cc1,-5.619
XJRBAMWJDBPFIM-UHFFFAOYSA-N,COC=C,1.51
DENRZWYUOJLTMF-UHFFFAOYSA-N,CCO[S](=O)(=O)OCC,-0.409
RSIHSRDYCUFFLA-DYKIIFRCSA-N,C[C@]12CC[C@H]3[C@@H](CCC4=CC(=O)C=C[C@]34C)[C@@H]1CC[C@@H]2O,-4.038
DHZVWQPHNWDCFS-UHFFFAOYSA-N,OC(=O)c1cc(I)cc(I)c1O,-2.469
YZWKKMVJZFACSU-UHFFFAOYSA-N,CCCCCBr,-2.431
QCIGGTDJLCAYJE-UHFFFAOYSA-N,C=CC1(CC(C)C)C(=O)NC(=O)NC1=O,-1.802
UDTWZFJEMMUFLC-UHFFFAOYSA-N,CCC1(C2=CC=CC=C2)NC(=O)NC1=O,-2.249
CVUGPAFCQJIYDT-UHFFFAOYSA-N,ClC1=CC=C(C=C1)C(C2=C(Cl)C=CC=C2)C(Cl)(Cl)Cl,-6.945
ZFOZVQLOBQUTQQ-UHFFFAOYSA-N,CCCCOC(=O)CC(O)(CC(=O)OCCCC)C(=O)OCCCC,-3.436
BXMJSZZPKAWJHR-UHFFFAOYSA-L,[Na+].[Na+].Cc1ccc(cc1)[S](=O)(=O)Oc2ccc(cc2)N=Nc3ccc(N=Nc4ccc(Nc5ccc(cc5[S]([O-])(=O)=O)[N+]([O-])=O)cc4)c6ccc(cc36)[S]([O-])(=O)=O,-5.403
WVRFNJXNBZHDGZ-UHFFFAOYSA-N,Oc1ccc(c(O)c1O)C(=O)c2ccc(O[S](=O)(=O)c3cccc4C(=O)C(=CCc34)N=NN=N)cc2,-6.018
MUTGBJKUEZFXGO-UHFFFAOYSA-N,O=C1OC(=O)C2CCCCC12,-0.814
LQKRYVGRPXFFAV-UHFFFAOYSA-N,CCOC(=O)C1OC1(C)c2ccccc2,-2.179
LUYJWKADMMYBRD-UHFFFAOYSA-N,C=CC1(C(C)C)C(=O)NC(=O)NC1=O,-1.49
KXOZJFGEGGNJDX-UHFFFAOYSA-N,CCCCC1(CCCC)C(=O)NC(=O)NC1=O,-2.598
QMYGFTJCQFEDST-UHFFFAOYSA-N,COC(C)CCOC(C)=O,-0.306
LKVFCSWBKOVHAH-UHFFFAOYSA-N,CCOC1=CC=C(O)C=C1,-1.468
SDDBCEWUYXVGCQ-UHFFFAOYSA-N,c1ccc2c(C)cccc2c1C,-3.94
HNYOPLTXPVRDBG-UHFFFAOYSA-N,O=C1CC(=O)NC(=O)N1,-0.5
LLHKCFNBLRBOGN-UHFFFAOYSA-N,COCC(C)OC(C)=O,0.089
BZGLBXYQOMFXAU-UHFFFAOYSA-N,CC1CCCCN1CCCOC(=O)c2ccc(Cl)c(Cl)c2,-4.091
OETISESXIXCPAD-UHFFFAOYSA-N,O=C1CCCCCCCCCCCCN1,-2.984
ZUOUZKKEUPVFJK-UHFFFAOYSA-N,C1=CC=C(C=C1)C2=CC=CC=C2,-3.541
COCLLEMEIJQBAG-UHFFFAOYSA-N,CC(C)CCCCCCCOC(=O)C(C)=C,-4.979
GCQZFVAHUZIDRP-UHFFFAOYSA-N,Nc1ccc(cc1)[S](=O)(=O)Nc2ccc(cc2)[S](N)(=O)=O,-2.584
FNEUIJOQHOUXIE-UHFFFAOYSA-N,COC1CCCC(C)O1,-0.258
YKGYQYOQRGPFTO-UHFFFAOYSA-N,CC(C)CCCCCCCOC(=O)CCCCC(=O)OCCCCCCCC(C)C,-7.429
NVJUHMXYKCUMQA-UHFFFAOYSA-N,CCCOCC,0.047
HEBKCHPVOIAQTA-UHFFFAOYSA-N,OCC(O)C(O)C(O)CO,0.77
DDUIUBPJPOKOMV-UHFFFAOYSA-N,COCCCNc1nc(NC(C)C)nc(SC)n1,-3.003
ZMRFCSWFCKICQE-UHFFFAOYSA-N,ClC1=CC=C(OC2=C(Cl)C=CC=C2Cl)C=C1,-6.65
JIYIHILAGIZIMD-CLFYSBASSA-N,O=C1CCCCCCCCCC\C=C/CC1,-4.121
XHBHEPKDMPOVAT-UHFFFAOYSA-N,CCC(CC)(C(=O)NC(N)=O)C(=O)OC,-1.213
ONXPZLFXDMAPRO-UHFFFAOYSA-N,Clc1c(Cl)c(Cl)c(c(Cl)c1Cl)c2c(Cl)c(Cl)c(Cl)c(Cl)c2Cl ,-10.273
DFYRUELUNQRZTB-UHFFFAOYSA-N,COc1cc(ccc1O)C(C)=O,-1.979
QUDAPQXQGBIUAR-UHFFFAOYSA-N,CC1=Nc2ccc(cc2C1(C)C)C(O)=O,-2.831
ZZUQWNYNSKJLPI-UHFFFAOYSA-N,OC(=O)CSc1sc2ccccc2n1,-2.667
HFCUBKYHMMPGBY-UHFFFAOYSA-N,COCCOC(=O)C=C,0.037
IOSAAWHGJUZBOG-UHFFFAOYSA-N,CCCCCCC(C(C)O)[N]1C=NC2=C1N=CN=C2N,-2.31
FTMYMYGLEZHQOM-UHFFFAOYSA-L,[Sr++].Cc1c(Cl)cc(cc1[S](O)(=O)=O)N=Nc2c([O-])c(cc3ccccc23)C([O-])=O,-2.709
LDJNSLOKTFFLSL-UHFFFAOYSA-M,[Li+].[O-]C(=O)c1ccccc1,-0.692
GVNYQGKVULMAET-UHFFFAOYSA-N,COC1=CC=C2C=C(C=CC2=C1)C(C)C(=O)OCCOC(=O)C(N)CC(C)C,-4.246
WRLAXUYIDLSRHV-UHFFFAOYSA-N,NC(=O)CCNCCO,0.585
DCAYPVUWAIABOU-UHFFFAOYSA-N,CCCCCCCCCCCCCCCC,-6.845
SFWLALIEAXEULE-UHFFFAOYSA-N,[NH4+].O.NC([O-])=O,-1.012
RUTXIHLAWFEWGM-UHFFFAOYSA-H,[Fe+3].[Fe+3].[O-][S]([O-])(=O)=O.[O-][S]([O-])(=O)=O.[O-][S]([O-])(=O)=O,-0.187
ANJTVLIZGCUXLD-IUCAKERBSA-N,O=C1C=CC=C2[C@@H]3CNC[C@H](C3)CN12,-1.3
HFBHOAHFRNLZGN-UHFFFAOYSA-N,CC(C)CC(NC=O)C(O)=O,-0.207
DVPLSZDCYOJSOG-UHFFFAOYSA-N,O[S](=O)(=O)c1ccccc1N=C2C=CC(C=C2)=C(c3ccc(Nc4ccccc4)cc3)c5ccc(Nc6ccccc6)cc5,-7.606
IEDVJHCEMCRBQM-UHFFFAOYSA-N,COc1cc(Cc2cnc(N)nc2N)cc(OC)c1OC,-3.581
QEJPOEGPNIVDMK-UHFFFAOYSA-N,OCC(CBr)(CBr)CBr,-1.246
QHTQREMOGMZHJV-UHFFFAOYSA-N,CCN(CC)C(=O)SCc1ccc(Cl)cc1,-3.667
NEHDRDVHPTWWFG-UHFFFAOYSA-N,CCCCCCCCOC(=O)CCCCC(=O)OCCCCCCCC,-6.846
FRWFRRPXOYMNKY-UHFFFAOYSA-N,COC(=O)C1(CCCCC1)[S](=O)(=O)c2ccc(Br)cc2,-4.397
RLEFOSDUWZYGOS-UHFFFAOYSA-N,CC(C)c1ccc(CCC=O)cc1,-2.753
KBOPZPXVLCULAV-UHFFFAOYSA-N,NC1=CC(=C(O)C=C1)C(O)=O,-1.559
PXBRQCKWGAHEHS-UHFFFAOYSA-N,FC(F)(Cl)Cl,-1.11
ILLSOIRJMQNTIA-UHFFFAOYSA-N,CCC(C)C1NC(=O)C(CC2=CC3=C(C=CC=C3)C=C2)NC(=O)C4CCCN4C(=O)C(CC5=C[NH]C=N5)NC(=O)C6CCCCN6C(=O)C7CCCCN7C1=O,-5.589
YKYOUMDCQGMQQO-UHFFFAOYSA-L,[Cl-].[Cl-].[Cd++],-0.014
OTFBCUKLFXRMQQ-UHFFFAOYSA-H,[Na+].[Na+].[Na+].[Cr+3].Cc1nn(c([O-])c1N=Nc2c([O-])cc(c3ccccc23)[S]([O-])(=O)=O)c4ccccc4.Cc5nn(c([O-])c5N=Nc6c([O-])cc(c7ccccc67)[S]([O-])(=O)=O)c8ccccc8,-1.582
OERKJBNVFFNQPK-UHFFFAOYSA-L,[H+].[Mn++].[O-]C(=O)c1cc2ccccc2c(N=Nc3ccc4ccccc4c3[S]([O-])(=O)=O)c1[O-],-1.474
IXRSCWSJPFKHLV-UHFFFAOYSA-N,CCCCC(=O)OCC1OC(CC1O)N2C=C(I)C(=O)NC2=O,-2.877
NBFQYHKHPBMJJV-UHFFFAOYSA-N,CCCOC(=O)c1ccc(N)cc1,-2.281
SKZKKFZAGNVIMN-UHFFFAOYSA-N,O=C(N)c(c(O)ccc1)c1,-1.245
MKEIDVFLAWJKMY-UHFFFAOYSA-N,O=C1CCCCCCCCCOCCCCCO1,-3.347
KXUHSQYYJYAXGZ-UHFFFAOYSA-N,CC(C)Cc1ccccc1,-3.387
BYBLEWFAAKGYCD-UHFFFAOYSA-N,ClC1=CC(=C(COC(C[N]2C=CN=C2)C3=CC=C(Cl)C=C3Cl)C=C1)Cl,-6.092
MWCDMTCWMZHVAQ-UHFFFAOYSA-N,O=C(NC(CO)C(=O)O)C1=CC=CC=C1,-1.129
DYSUSQZPGJXVAL-UHFFFAOYSA-N,ClC1=CC(=C(OC2=CC(=C(Cl)C(=C2)Cl)Cl)C=C1Cl)Cl,-9.283
RNVVYVPDHMKDTL-UHFFFAOYSA-N,COC(=O)COCO,0.483
QAOWNCQODCNURD-UHFFFAOYSA-N,O[S](O)(=O)=O,-1.057
HVRPQVNLNIHIRC-UHFFFAOYSA-N,CCCC(=O)N(C)C1=CC=C(C=C1)[S](=O)(=O)N(C)C,-2.608
FPEYJPVHPGDXDD-UHFFFAOYSA-N,ClC1=C(Cl)C(Cl)=C(Cl)C(OC2=C(Cl)C(Cl)=C(Cl)C(Cl)=C2Cl)=C1,-10.282
OIGNJSKKLXVSLS-VWUMJDOOSA-N,C[C@]12C[C@H](O)[C@H]3[C@@H](CCC4=CC(=O)C=C[C@]34C)[C@@H]1CC[C@]2(O)C(=O)CO,-2.84
KODLUXHSIZOKTG-UHFFFAOYSA-N,CCC(O)CN,1.301
WDQMWEYDKDCEHT-UHFFFAOYSA-N,CCCCC(CC)COC(=O)C(C)=C,-3.912
UAYYWDWWESZIPA-UHFFFAOYSA-N,CC1(N)CN(C2=CC3=C(C=C2F)C(=O)C(C(=O)O)=CN3C2CC2)C1,-3.098
URGAHOPLAPQHLN-UHFFFAOYSA-N,[Na+].[Al+3].[O-][Si]([O-])=O.[O-][Si]([O-])=O,-2.728
FGXRKDZZPDMPAQ-UHFFFAOYSA-N,O=C(O)CCN1C=CC=CC1=O,-0.809
YCPXWRQRBFJBPZ-UHFFFAOYSA-N,OC(=O)c1cc(ccc1O)[S](O)(=O)=O,-1.373
CPJRRXSHAYUTGL-UHFFFAOYSA-N,CC(=C)CCO,0.582
QXKHYNVANLEOEG-UHFFFAOYSA-N,COC1=C2OC=CC2=CC2=C1OC(=O)C=C2,-3.563
OLQJQHSAWMFDJE-UHFFFAOYSA-N,OCC(CO)(CO)[N+]([O-])=O,0.341
CYEKUDPFXBLGHH-UHFFFAOYSA-N,CC(C)(C)c1cccc(O)c1,-1.975
ZMARGGQEAJXRFP-UHFFFAOYSA-N,CC(CO)OC(=O)C(C)=C,-0.384
MKKVMUPZRDPRHL-UHFFFAOYSA-N,OC(=O)C(=O)c1c(cccc1C(O)=O)C(O)=O,-2.152
SNUWGZLOWPBEIJ-UHFFFAOYSA-N,CCCCCCCCCCCCCCCCNC(=O)C(C)O,-4.911
OIEIIZQFSICKJF-UHFFFAOYSA-N,COc1ccc(cc1)C(=O)c2coc(c2)[S](N)(=O)=O,-2.801
UQJDVLPHTXQTRP-UHFFFAOYSA-N,CCCCCCC(=O)OCC(CC)(COC(=O)CCCCCC)COC(=O)CCCCCC,-7.012
DFTOOBKXSNAAPW-UHFFFAOYSA-N,CC(C)CC(NC(=S)NC1=CC=CC=C1)C(=O)NC1CCOC1O,-3.012
DWRCRIMPBCLETK-UHFFFAOYSA-N,OC(=O)C(CSSCC(NC(=O)Cc1ccccc1)C(O)=O)NC(=O)Cc2ccccc2,-3.637
IBXPYPUJPLLOIN-UHFFFAOYSA-N,C[N]1C(=NC=C1[N+]([O-])=O)C,-1.143
CEMAWMOMDPGJMB-UHFFFAOYSA-N,CC(C)NCC(O)COC1=C(OCC=C)C=CC=C1,-1.837
WQOXQRCZOLPYPM-UHFFFAOYSA-N,CSSC,-0.546
YXVFYQXJAXKLAK-UHFFFAOYSA-N,Oc1ccc(cc1)c2ccccc2,-2.48
OQYYLPLRBBDFLA-UHFFFAOYSA-N,O=S(=O)(C1=CC(O)=CC=C1)C1=CC(O)=CC=C1,-2.936
PIIZYNQECPTVEO-UHFFFAOYSA-N,Cc1cc(O)ccc1[N+]([O-])=O,-2.1
GHPJYLIEFFVDGR-UHFFFAOYSA-L,[Zn++].Cc1cccc2[N-]C(=S)Nc12.Cc3cccc4NC(=S)[N-]c34,-3.653
VPMWFZKOWULPGT-UHFFFAOYSA-N,N[S](=O)(=O)c1cc2c(CN(C3CCCCC3)C2=O)cc1Cl,-3.273
MPBLPZLNKKGCGP-UHFFFAOYSA-N,CCCCCCC(C)(C)S,-4.626
OOMRSSASWJQHLA-UHFFFAOYSA-N,COC1=CC(OC)=C(Cl)C2=C1C(=O)C1(O2)C(C)CC(O)CC1O,-3.26
UWZCYHHAEYIVRW-UHFFFAOYSA-N,ClCC(=O)NC(=O)CCl,-1.122
JZUHIOJYCPIVLQ-UHFFFAOYSA-N,CC(CN)CCCN,0.596
JFIOVJDNOJYLKP-UHFFFAOYSA-N,Oc1c(Cl)cc(Cl)cc1Sc2cc(Cl)cc(Cl)c2O,-5.342
MTBZIGHNGSTDJV-UHFFFAOYSA-N,CCO[P](=S)(OCC)N1C(=O)c2ccccc2C1=O,-4.056
OKIRBHVFJGXOIS-UHFFFAOYSA-N,CC(C)c1ccccc1C(C)C,-4.361
PWWVAXIEGOYWEE-UHFFFAOYSA-N,CC(CN1c2ccccc2Sc3ccccc13)N(C)C,-3.707
CCOQPGVQAWPUPE-UHFFFAOYSA-N,CC(C)(C)C1CCC(O)CC1,-1.836
IRTZMJWVZQYURE-UHFFFAOYSA-N,CN(C)C(=O)C(=O)N(N(C)C(C)=O)c1ccccc1,-1.659
QJPXLCQSAFQCBD-UHFFFAOYSA-M,[Br-].C[N+](C)=C1OCCC1(c2ccccc2)c3ccccc3,-4.864
XHELVEVNEWRBRH-UHFFFAOYSA-N,CN1C=C(C(=O)NOCCO)C(=C(C)C1=O)NC2=C(F)C=C(Br)C=C2,-3.866
OUAPWRYEWXOCRN-UHFFFAOYSA-N,O=C(OC1=CC=CC(=C1)N=C=S)C2=CC=CN=C2,-5.796
DDVNRFNDOPPVQJ-UHFFFAOYSA-N,CC1(C)C(C=C(Cl)Cl)C1C(=O)OCC2=C(F)C(=CC(=C2F)F)F,-7.139
LIKZXCROQGHXTI-UHFFFAOYSA-M,[Na+].Nc1c(cc(Nc2ccccc2)c3C(=O)c4ccccc4C(=O)c13)[S]([O-])(=O)=O,-1.465
CIOAGBVUUVVLOB-UHFFFAOYSA-N,[Sr],-6.858
MIJLZGZLQLAQCM-UHFFFAOYSA-N,CCOCCOC(=O)C(C)Oc1ccc(Oc2ncc(cc2Cl)C(F)(F)F)cc1,-6.03
NWBJYWHLCVSVIJ-UHFFFAOYSA-N,C1=CC=C(CNC2=NC=NC3=C2N=CN3)C=C1,-2.5
ZUHZGEOKBKGPSW-UHFFFAOYSA-N,COCCOCCOCCOCCOC,0.508
DXDPKLIQOAVOAM-UHFFFAOYSA-N,CC(C)COC(=O)N1C=C(F)C(=O)NC1=O,-2.263
LZCLXQDLBQLTDK-UHFFFAOYSA-N,CCOC(=O)C(C)O,0.337
GLZPCOQZEFWAFX-JXMROGBWSA-N,CC(C)=CCC\C(C)=C\CO,-1.667
QQLIGMASAVJVON-UHFFFAOYSA-N,CC(=O)c1cccc2ccccc12,-2.937
AJLFOPYRIVGYMJ-UHFFFAOYSA-N,CCC(C)C(=O)OC1CCC=C2C=CC(C)C(CCC3CC(O)CC(=O)O3)C12,-5.353
XZAXQWXHBDKYJI-UHFFFAOYSA-N,OC(=O)CC(C[P]1(=O)Oc2ccccc2c3ccccc13)C(O)=O,-3.316
SVPKNMBRVBMTLB-UHFFFAOYSA-N,ClC1=C(Cl)C(=O)c2ccccc2C1=O,-3.896
AVMSWPWPYJVYKY-UHFFFAOYSA-N,CC(C)COC=O,0.246
JWAZRIHNYRIHIV-UHFFFAOYSA-N,Oc1ccc2ccccc2c1,-1.983
JWEDKKSQRXHXJD-UHFFFAOYSA-N,CCCCCCCCOC(=O)COc1ccc(Cl)cc1Cl,-5.994
XYIBRDXRRQCHLP-UHFFFAOYSA-N,CCOC(=O)CC(C)=O,-0.159
NKTOLZVEWDHZMU-UHFFFAOYSA-N,Cc1ccc(C)c(O)c1,-1.322
MRBKEAMVRSLQPH-UHFFFAOYSA-N,COc1ccc(O)c(c1)C(C)(C)C,-2.661
VAPSMQAHNAZRKC-UHFFFAOYSA-N,CC(C)(C)NC(=O)C1CCC2C3CC=C4C=C(CCC4(C)C3CCC12C)C(O)=O,-5.618
USDDPDQEVLAOBO-UHFFFAOYSA-N,COCc1ccc(O)c(OC)c1,-1.451
DKMDOBOUUAGJNY-AATRIKPKSA-N,CCO[P](=O)(OCC)O\C=C\Cl,-0.727
NRFQZTCQAYEXEE-UHFFFAOYSA-N,Clc1cc(Cl)nc(n1)c2ccccc2,-4.073
HLZPFMSGWIVXAK-UHFFFAOYSA-M,[Na+].CCCCC(CC)CCCCCc1ccc(cc1)[S]([O-])(=O)=O,-0.96
POAOYUHQDCAZBD-UHFFFAOYSA-N,CCCCOCCO,0.227
WGYKZJWCGVVSQN-UHFFFAOYSA-N,CCCN,1.703
SCCDQYPEOIRVGX-UHFFFAOYSA-N,COc1cc(CC=C)ccc1OC(C)=O,-2.932
JLRGJRBPOGGCBT-UHFFFAOYSA-N,CCCCNC(=O)N[S](=O)(=O)C1=CC=C(C)C=C1,-2.793
PYGSKMBEVAICCR-UHFFFAOYSA-N,C=CCCC=C,-2.703
AYRRNFHDJUXLEQ-UHFFFAOYSA-N,N[P](N)(=O)Oc1ccccc1,-0.819
QRDZFPUVLYEQTA-UHFFFAOYSA-N,OC(=O)c1cccc2cccnc12,-2.256
CIFIGXMZHITUAZ-UHFFFAOYSA-M,CC[N+](CC)(CC)CC.[O-]C(=O)c1ccccc1,-0.441
CRGZRXUKXVTRNO-UHFFFAOYSA-N,COCC(F)F,0.206
ZXYHLOFRRMDJAQ-UHFFFAOYSA-N,CCC1(CC=C2CCCc3cc(OC)ccc23)C(O)CCC1=O,-4.91
BBVOMHRLNCRXRH-UHFFFAOYSA-N,CCN1C(=C(N=NC2=C(C=C(Cl)C=C2)[N+]([O-])=O)C(=C(C#N)C1=O)C)O,-5.419
NJDKQHDDTBKDER-UHFFFAOYSA-N,CC(C)(C)NC(=O)C1=CC(=C(C=C1[N+]([O-])=O)[N+]([O-])=O)N2CC2,-4.151
JDQVBGQWADMTAM-UHFFFAOYSA-N,CC(C)C(=O)OCCc1ccccc1,-2.836
PSAVXKLISNEJJE-UHFFFAOYSA-N,NC(=O)C1(CCCCC1)N2C(=O)c3cccc(Cl)c3C2=O,-3.897
RHJZNALCKPDGPQ-UHFFFAOYSA-N,CCCC1CCC(CC1)C2CCC(CC2)c3ccc(c(F)c3)c4cc(F)c(F)c(F)c4,-7.834
IQODPIFSDKREOZ-UHFFFAOYSA-M,[Zn++].CC(=C)C([O-])=O,0.439
KWSSHZBBUQSMKF-UHFFFAOYSA-N,[O-][N+](=O)C(Br)([N+]([O-])=O)[N+]([O-])=O,-1.562
CNFDGXZLMLFIJV-UHFFFAOYSA-L,O.O.O.O.[Cl-].[Cl-].[Mn++],-0.12
FAOZLTXFLGPHNG-KNAQIMQKSA-N,C[C@H]1C[C@H]2[C@@H]3CC[C@](O)(C(C)=O)[C@@]3(C)C[C@H](O)[C@]2(F)[C@@]4(C)C=CC(=O)C=C14,-3.91
NKPPORKKCMYYTO-UHFFFAOYSA-N,c1c(OC)cc2c(CC(=O)O)c(C)n(C(=O)C=Cc3ccccc3)c2c1,-5.065
WUOACPNHFRMFPN-VIFPVBQESA-N,CC1=CC[C@@H](CC1)C(C)(C)O,-1.289
FAMJUFMHYAFYNU-UHFFFAOYSA-N,CC(C)C1CCC(=CC1)C,-4.222
RUFPHBVGCFYCNW-UHFFFAOYSA-N,Nc1cccc2ccccc12,-1.898
OCYSGIYOVXAGKQ-UHFFFAOYSA-N,Cl.CNCC(O)c1cccc(O)c1,-0.414
AVGQTJUPLKNPQP-UHFFFAOYSA-N,CCC(Cl)(Cl)Cl,-1.942
VXIWJTFRRIZCQJ-UHFFFAOYSA-M,[Mo].CCCCC(CC)C([O-])=O,-0.597
XDBDRCFCQAKVQM-UHFFFAOYSA-N,CC(Br)C(=O)NCC(=O)NCC(O)=O,-0.909
YWWNNLPSZSEZNZ-UHFFFAOYSA-N,CCCCCCCCCCN(C)C,-2.701
XHQZJYCNDZAGLW-UHFFFAOYSA-N,COC1=CC(=CC=C1)C(O)=O,-1.554
FUZZWVXGSFPDMH-UHFFFAOYSA-N,CCCCCC(O)=O,-0.512
LZPRDWHLIGTSLN-UHFFFAOYSA-N,CC(C)(C)NCC1=CC=C(S(=O)(=O)C2=CSC(S(N)(=O)=O)=C2)C=C1,-2.652
RYWZPRVUQHMJFF-UHFFFAOYSA-N,CC12CCC3=C(C=CC4=C3C=CC(=C4)O)C1CCC2O,-3.725
GETTZEONDQJALK-UHFFFAOYSA-N,FC(F)(F)c1ccccc1,-2.479
XFDJMIHUAHSGKG-UHFFFAOYSA-N,CCO[P](=S)(OCC)OC(Cl)C(Cl)(Cl)Cl,-4.382
ZUVDVLYXIZFDRM-UHFFFAOYSA-N,Cc1ccc(O)c(CO)c1,-0.786
OFZZNQXYRRSXOI-ARJAWSKDSA-N,C\C(NO)=C(/C)N=O,0.144
JKNCOURZONDCGV-UHFFFAOYSA-N,CN(C)CCOC(=O)C(C)=C,-0.16
RBNIGDFIUWJJEV-LLVKDONJSA-N,COC(=O)[C@@H](C)N(C(=O)c1ccccc1)c2ccc(F)c(Cl)c2,-5.596
WHHSHXMIKFVAEK-UHFFFAOYSA-N,CCCCCCCCOC(=O)c1ccccc1C(=O)OCc2ccccc2,-6.387
XCOMAVCHADVANQ-UHFFFAOYSA-O,[NH4+].O.[O--].[Mo],-2.464
DYUWTXWIYMHBQS-UHFFFAOYSA-N,C=CCNCC=C,0.175
RDHHZPRHIKNBBI-UHFFFAOYSA-N,c1cC2C(=O)NC(=O)C2cc1,-0.842
CJFLBOQMPJCWLR-UHFFFAOYSA-N,CC(C)CCCCCOC(=O)CCCCC(=O)OCCCCCC(C)C,-6.794
LTXDVFFEVZJDGT-UHFFFAOYSA-N,N[S](=O)(=O)c1ccc(SCCO)cc1,-1.268
SNHRLVCMMWUAJD-UHFFFAOYSA-N,CCCCC(=O)OC1(C(C)CC2C3CCC4=CC(=O)C=CC4(C)C3(F)C(O)CC12C)C(=O)CO,-5.148
MNQZXJOMYWMBOU-UHFFFAOYSA-N,OCC(O)C=O,0.885
MFARGUPPFBTESX-UHFFFAOYSA-N,CCCCCCCCCCCC(=O)N(CCCC)CCCC,-6.009
JWUJQDFVADABEY-UHFFFAOYSA-N,CC1CCCO1,0.344
RQNAOIQEGPVYTC-UHFFFAOYSA-N,CCOC(=O)c1nn(c2ccc(OC)cc2)c3C(=O)N(CCc13)c4ccc(cc4)[N+]([O-])=O,-7.127
DAHLUZDNJJOKGS-UHFFFAOYSA-N,OC1=CC=C(Br)C=CC1=O,-2.148
IGDCJKDZZUALAO-UHFFFAOYSA-N,OCC(CO)OCC=C,0.649
QZNNVYOVQUKYSC-JEDNCBNOSA-N,[Cl-].N[C@@H](Cc1[nH]cnc1)C(O)=O.[H+],-0.023
VPYJNCGUESNPMV-UHFFFAOYSA-N,C=CCN(CC=C)CC=C,-1.149
AMZKGJLFYCZDMJ-WRBBJXAJSA-N,CCCCCCCC\C=C/CCCCCCCC(=O)OCC(C)(C)COC(=O)CCCCCCC\C=C/CCCCCCCC,-7.77
CURLTUGMZLYLDI-UHFFFAOYSA-N,O=C=O,-0.134
PQFDUCZWWSHNBL-UHFFFAOYSA-N,CCCCNC(=O)NC1=C(C)N(C)N(C2=CC=CC=C2)C1=O,-3.535
VLCLHFYFMCKBRP-UHFFFAOYSA-N,[Ca++].[Ca++].[Ca++].[O-]B([O-])[O-].[O-]B([O-])[O-],-1.508
CQCFISPMNREOQX-UHFFFAOYSA-N,CCC(CC)(C(O)=O)C(CC)(CC)C(O)=O,-2.431
PDQAZBWRQCGBEV-UHFFFAOYSA-N,S=C1NCCN1,-0.122
GQBHYWDCHSZDQU-UHFFFAOYSA-N,CC(C)(C)CC(C)(C)c1ccc(Nc2ccc(cc2)C(C)(C)CC(C)(C)C)cc1,-7.537
NJPQAIBZIHNJDO-UHFFFAOYSA-N,CCCCCCCCCCCCN1CCCC1=O,-4.318
YRNDGUSDBCARGC-UHFFFAOYSA-N,COCC(=O)c1ccccc1,-1.35
ZLAQATDNGLKIEV-UHFFFAOYSA-N,CC1=CNC(=S)NC1=O,-1.699
UMPSXRYVXUPCOS-UHFFFAOYSA-N,Oc1cccc(Cl)c1Cl,-2.002
YYQQVTLVYLTGPR-UHFFFAOYSA-N,COC(=O)OC(C)C(=O)OC,-0.065
WREGKURFCTUGRC-POYBYMJQSA-N,NC1=NC(=O)N(C=C1)[C@H]2CC[C@@H](CO)O2,-1.001
ITJIINAVMOBHSF-UHFFFAOYSA-N,CCCCC(=O)OCC(CO)(CO)COCC(CO)(CO)CO,-0.578
WABNCOPYWOQKLV-UHFFFAOYSA-N,CCN(CC)C(=O)COC(=O)C(C)C1=CC2=CC=C(OC)C=C2C=C1,-4.197
HZKCDBKRNMDOJB-UHFFFAOYSA-N,CC1=C(C=CC(=C1)N)[S](=O)(=O)NC2=C(C=CC=C2)[N+]([O-])=O,-3.531
GGXDSIUMQOZKNP-UHFFFAOYSA-N,CC1=C(CC(O)=O)SC2=C1C=CC(=C2)Cl,-3.679
CIFFBTOJCKSRJY-UHFFFAOYSA-N,O=C1NC(=O)C2CC=CCC12,-0.826
FNFPHNZQOKBKHN-UHFFFAOYSA-N,CC(C)(C)CC(=O)OCC(=O)C1(O)CCC2C3CCC4=CC(=O)CCC4(C)C3C(O)CC12C,-5.271
CFEUGIGSIREATC-UHFFFAOYSA-N,Clc1ccc2cc(Cl)cc(Cl)c2c1,-5.636
CWLKTJOTWITYSI-UHFFFAOYSA-N,Fc1cccc2ccccc12,-3.14
QODWDUXKFKJVCQ-UHFFFAOYSA-K,[Na+].[Na+].[Na+].Cc1cc(N=Nc2cc(ccc2[S]([O-])(=O)=O)[S]([O-])(=O)=O)c(C)cc1N=Nc3ccc(Nc4nc(N)nc(Cl)n4)c5c3cccc5[S]([O-])(=O)=O,-2.388
LSHROXHEILXKHM-UHFFFAOYSA-N,NCCNCCNCCNCCNCCN,0.839
WKIMLEWQZUKSJM-UHFFFAOYSA-N,CN(C)C(=O)COC(=O)c1ccccc1,-1.527
RJKGJBPXVHTNJL-UHFFFAOYSA-N,C1=CC=C2C(=C1)C=CC=C2[N+](=O)[O-],-3.451
UEUXEKPTXMALOB-UHFFFAOYSA-J,[Na+].[Na+].[Na+].[Na+].[O-]C(=O)CN(CCN(CC([O-])=O)CC([O-])=O)CC([O-])=O,-0.386
QZAYGJVTTNCVMB-UHFFFAOYSA-N,NCCc1c[nH]c2ccc(O)cc12,-1.237
PHSJJYZIFPWCLZ-UHFFFAOYSA-N,ClC1=C(Cl)C(=C(OC2=CC(=C(Cl)C=C2Cl)Cl)C=C1)Cl,-9.208
LICUDMOFXVHDPB-UHFFFAOYSA-N,CC1C=C(C)CCC1COC(C)=O,-2.604
YIROYDNZEPTFOL-UHFFFAOYSA-N,CC1(C)NC(=O)NC1=O,-0.242
ANVREEJNGJMLOV-UHFFFAOYSA-N,CC(C)c1ccc(O[P](=O)(Oc2ccc(cc2)C(C)C)Oc3ccc(cc3)C(C)C)cc1,-7.537
JKQOBWVOAYFWKG-UHFFFAOYSA-N,O=[Mo](=O)=O,-6.311
DKPFZGUDAPQIHT-UHFFFAOYSA-N,CCCCOC(C)=O,-0.559
BNKYXIYUCSAIFP-UHFFFAOYSA-N,CC(CCC(C)O[N+](=O)O)O[N+](=O)O,-2.165
SPSSULHKWOKEEL-UHFFFAOYSA-N,Cc1c(cc(cc1[N+]([O-])=O)[N+]([O-])=O)[N+]([O-])=O,-3.053
ILYSAKHOYBPSPC-UHFFFAOYSA-N,OC(=O)C1=C(C=CC=C1)C2=CC=CC=C2,-2.991
AXISYYRBXTVTFY-UHFFFAOYSA-N,CCCCCCCCCCCCCC(=O)OC(C)C,-6.433
BFASOGCHMDYMBM-UHFFFAOYSA-N,CC(=O)OC1=CC=C(C=C1)C(N)=O,-1.937
IHYJTAOFMMMOPX-LURJTMIESA-N,CC(C)[C@H](NC(C)=O)C(O)=O,-0.415
SJRJJKPEHAURKC-UHFFFAOYSA-N,CN1CCOCC1,0.951
DWBRKIMUGXLNBO-UHFFFAOYSA-L,[Na+].[Na+].CCCCCCCCCCCCCCCCc1c(Oc2ccccc2[S]([O-])(=O)=O)cccc1[S]([O-])(=O)=O,-1.136
PKOSPVZTRLMBSK-UHFFFAOYSA-N,ClC1=C(Cl)C=C(OC2=C(Cl)C(=C(Cl)C(=C2Cl)Cl)Cl)C(=C1)Cl,-10.033
XVJXBJTXFXPQAN-UHFFFAOYSA-M,CCCC[N+](CCCC)(CCCC)Cc1ccccc1.Oc2ccc(c3ccccc23)[S]([O-])(=O)=O,-1.178
DBVLMJUSUCGUJL-UHFFFAOYSA-N,O=C(OCC1=CC=CC=C1)C(OS(=O)(=O)O)C1=CC=CC=C1,-3.086
UCNVFOCBFJOQAL-UHFFFAOYSA-N,Clc1ccc(cc1)C(=C(Cl)Cl)c2ccc(Cl)cc2,-7.067
XFFZLECPCHQJIR-GFEQUFNTSA-N,COC1=CCC2=C(CC[C@@H]3[C@@H]2CC[C@]4(C)[C@@H](O)CC[C@@H]34)C1,-4.601
HAZQOLYHFUUJJN-UHFFFAOYSA-N,Clc1ccc(Cl)c(c2cc(Cl)c(Cl)c(Cl)c2)c1Cl,-8.743
YRSIFCHKXFKNME-UHFFFAOYSA-N,CC(O)(C)C(C)CC,-0.72
DFPMSGMNTNDNHN-ZPHOTFPESA-N,C[C@@H]1O[C@@H](O[C@@H]2[C@@H](O)[C@H](O)[C@@H](CO)O[C@H]2Oc3cc(O)c4C(=O)C[C@H](Oc4c3)c5ccc(O)cc5)[C@H](O)[C@H](O)[C@H]1O,-2.605
OUCCVXVYGFBXSV-UHFFFAOYSA-N,CO[P](=S)(OC)SCSc1ccc(Cl)cc1,-5.063
IOJUPLGTWVMSFF-UHFFFAOYSA-N,s1cnc2ccccc12,-1.911
PFEOZHBOMNWTJB-UHFFFAOYSA-N,CCC(C)CC,-2.89
YMWUJEATGCHHMB-UHFFFAOYSA-N,ClCCl,-0.066
WOUBWJAJSXAOIV-UHFFFAOYSA-N,N[S](=O)(=O)c1ccc(cc1)[S](N)(=O)=O,-1.289
FUUHMSUPRUNWRQ-UHFFFAOYSA-N,COc1cc(Cl)c(Cl)c(Cl)c1Cl,-4.911
NFGGAIZJSZLPOX-UHFFFAOYSA-N,NCC(=O)NCC(=O)NC1=C(Cl)C(=C(C=C1[S](N)(=O)=O)[S](N)(=O)=O)Cl,-2.073
RWCCWEUUXYIKHB-UHFFFAOYSA-N,O=C(c1ccccc1)c2ccccc2,-3.069
BRUZQRBVNRKLJG-UHFFFAOYSA-N,CC(C)COC(N)=O,-0.071
YESXTECNXIKUMM-UHFFFAOYSA-N,CCNc1nc(Cl)nc(NCC(=O)OCC)n1,-2.948
JVSWJIKNEAIKJW-UHFFFAOYSA-N,CCCCCC(C)C,-4.041
KXJAQUIZSZBSID-UHFFFAOYSA-N,COC(=O)C(CC=C)(CC=C)C(=O)NC(N)=O,-1.767
SZERMVMTUUAYML-UHFFFAOYSA-N,CCCCC(C)C(C)O,-1.42
NYRMIJKDBAQCHC-UHFFFAOYSA-N,CNC1=C(C(=O)C(O1)c2ccccc2)c3cccc(c3)C(F)(F)F,-5.545
RKQOSDAEEGPRER-UHFFFAOYSA-L,[Zn++].CCN(CC)C([S-])=S.CCN(CC)C([S-])=S,-2.168
ZLJIFINJKVSIRN-UHFFFAOYSA-N,Cc1snnc1C(O)=O,-0.86
AAPVQEMYVNZIOO-UHFFFAOYSA-N,ClC1=C(Cl)C2(Cl)C3CO[S](=O)(=O)OCC3C1(Cl)C2(Cl)Cl,-5.135
MZHCENGPTKEIGP-RXMQYKEDSA-N,C[C@@H](Oc1ccc(Cl)cc1Cl)C(O)=O,-3.065
GABQNAFEZZDSCM-UHFFFAOYSA-N,NC1=C(C(=O)OCC=CC2=CC=CC=C2)C=CC=C1,-4.13
RXFPBLZANMSMKQ-UHFFFAOYSA-N,CC(=O)NC(COC(=O)C1=CC=CC=C1)C(=O)O,-1.803
LYAGTVMJGHTIDH-UHFFFAOYSA-N,[O-][N+](=O)OCCOCCO[N+]([O-])=O,-1.453
BSNKHEKTRWNNAC-UHFFFAOYSA-N,[O-][N+](=O)c1ccc(CCc2ccc(cc2)[N+]([O-])=O)cc1,-4.69
LKCWBDHBTVXHDL-UHFFFAOYSA-N,NCCC(O)C(=O)NC2CC(N)C(OC1OC(CN)C(O)C(O)C1O)C(O)C2OC3OC(CO)C(O)C(N)C3O,-0.498
NAMYKGVDVNBCFQ-UHFFFAOYSA-N,CC(C)Br,-0.889
PHFIHDKUVGCCEG-UHFFFAOYSA-N,N=C(N)NN=C1C=CC(=NNC(=N)N)C2=C1C=CC=C2,-2.366
BKCXBMXTXLGZCV-UHFFFAOYSA-N,CN1N=C(SC1=N[S](=O)(=O)C2=CC=C(N)C=C2)[S](N)(=O)=O,-2.352
QTBORRHTRCJQKU-UHFFFAOYSA-N,CCCNC(=O)C1=CC(=C(C=C1[N+]([O-])=O)[N+]([O-])=O)N2CC2,-3.677
UONLDZHKYCFZRW-UHFFFAOYSA-N,CC1(C)CC(CC(C)(C)N1)N(CCCCCCN(C=O)C2CC(C)(C)NC(C)(C)C2)C=O,-2.398
PUKTVFNQVGOXPI-UHFFFAOYSA-N,CC1CCC2(CCC(C)O2)O1,-1.164
OXBDLEXAVKAJFD-UHFFFAOYSA-N,Cc1ccc(cc1[N+]([O-])=O)[S](C)(=O)=O,-2.188
INHCSSUBVCNVSK-UHFFFAOYSA-L,[Li+].[Li+].[O-][S]([O-])(=O)=O,-0.512
NKDDWNXOKDWJAK-UHFFFAOYSA-N,COCOC,1.291
CUNPJFGIODEJLQ-UHFFFAOYSA-M,[K+].[O-]C(=O)C(F)(F)F,-0.266
IGONFFFOEMASIA-UHFFFAOYSA-N,NC1=CC(=O)C(=O)C2=C1C=CC=C2,-2.261
LETLQGKRPMMKKC-UHFFFAOYSA-N,CC(C)CC1CC(C)CCO1,-2.557
FBUKVWPVBMHYJY-UHFFFAOYSA-N,CCCCCCCCC(O)=O,-2.129
QGLBQYVHYYPKGD-UHFFFAOYSA-N,NC1=C2C(Cl)=CC=CC2=NC2=C1C=CC=C2,-4.157
FBQTWGHLMQUOQL-UHFFFAOYSA-N,CCC(=O)OCN1C(=O)NC(C1=O)(C2=CC=CC=C2)C3=CC=CC=C3,-4.466
VWHGTYCRDRBSFI-ZETCQYMHSA-N,CC(C)C[C@H](N)C(=O)NCC(=O)NCC(O)=O,-0.691
ZZRIQDWDJVLELF-UHFFFAOYSA-N,O=C1CNC(=S)N1c2ccccc2,-2.85
VEALVRVVWBQVSL-UHFFFAOYSA-N,[Sr++].[O-][Ti]([O-])=O,-2.665
SWOKSHSHKMKETQ-WIBNQTOSSA-N,CCCCCCCCCCCCCCCCCC(=O)OC.CCCCCCCCCCCCCCCC(=O)OC.CCCCCCCC\C=C/CCCCCCCC(=O)OC.CCCCC/C=C\C\C=C/CCCCCCCC(=O)OC.CC/C=C/C/C=C/C/C=C/CCCCCCCC(=O)OC,-7.446
DRAGYQKESAIJPL-UHFFFAOYSA-N,CCC(C)(C(=O)O)N1C(=O)C2=C(C=CC=C2)C1=O,-2.423
QYSJWHFJGCFRDE-UHFFFAOYSA-N,S.[Mo],-2.139
CQWOVBUUCZQIOK-UHFFFAOYSA-N,CCCCCCCOC(=O)C(C)C1=CC=C2C=C(OC)C=CC2=C1,-6.326
SZQWZNOMEWDZLR-UHFFFAOYSA-N,CC(C)CC(=O)Oc1ccc(cc1)[N+]([O-])=O,-3.74
GBAWQJNHVWMTLU-UHFFFAOYSA-N,CO[P](=O)(OC)OC1=C(Cl)C2C=CCC12,-1.761
HJJPJSXJAXAIPN-UHFFFAOYSA-N,COC(=O)C1=CCCN(C)C1,-0.223
SXXILWLQSQDLDL-UHFFFAOYSA-N,CC(C)CCCCCCCOP(OCCCCCCCC(C)C)Oc1ccccc1,-7.398
NJDNXYGOVLYJHP-UHFFFAOYSA-L,[Na+].[Na+].[O-]C(=O)c1ccccc1C2=C3C=CC(=O)C=C3Oc4cc([O-])ccc24,-3.32
WDGKXRCNMKPDSD-UHFFFAOYSA-N,[Li].O[S](=O)(=O)C(F)(F)F,-0.476
CTSLXHKWHWQRSH-UHFFFAOYSA-N,ClC(=O)C(Cl)=O,-0.182
KIGQVWWOESIMBG-UHFFFAOYSA-N,OC(=O)CN(CCC#N)CCC#N,-0.346
NCYQVRNLBAYSLE-UHFFFAOYSA-N,CC(O)CC(C)(C)c1ccccc1,-1.93
BUGBHKTXTAQXES-UHFFFAOYSA-N,[Se],-6.858
XEKUXTMJEFPWCG-UHFFFAOYSA-N,CCC(Cl)[N+]([O-])=O,-0.83
HQDAJGNZGNZGCO-UHFFFAOYSA-N,CC(C)=NNC(N)=O,0.04
WZUZDBPJFHQVJC-UHFFFAOYSA-N,ClCC(Cl)C(Cl)=C,-2.384
QKUNKVYPGIOQNP-UHFFFAOYSA-N,CCCC(Cl)CCCC(Cl)CCC(Cl)CCC(Cl)CCC(Cl)CCCC(Cl)CCC,-7.039
MVWHGTYKUMDIHL-UHFFFAOYSA-N,c1c(Cl)c(Cl)cc(Cl)c1c2c(Cl)cc(Cl)c(Cl)c2,-8.832
DQIVFTJHYKDOMZ-UHFFFAOYSA-N,Nc1cc(cc(c1O)[S](O)(=O)=O)[N+]([O-])=O,-1.383
NDRKXFLZSRHAJE-UHFFFAOYSA-N,Brc1ccc(c(Br)c1Br)c2c(Br)c(Br)c(Br)c(Br)c2Br,-9.771
XQXPVVBIMDBYFF-UHFFFAOYSA-N,OC(=O)Cc1ccc(O)cc1,-1.264
WNTGYJSOUMFZEP-SSDOTTSWSA-N,C[C@@H](Oc1ccc(Cl)cc1C)C(O)=O,-2.803
DRVAMLZVBNYSQE-UHFFFAOYSA-N,ClC1=C(OC2=CC(=C(Cl)C=C2Cl)Cl)C=CC=C1,-7.691
HNKJADCVZUBCPG-UHFFFAOYSA-N,CSc1ccccc1,-1.913
IWTFDHOAOPEINT-UHFFFAOYSA-N,COC1=CC=C(CN2C=C(F)C(=O)NC2=O)C=C1,-3.485
QAYICIQNSGETAS-UHFFFAOYSA-N,CN1CSC(=S)N(C)C1,-1.117
RMISVOPUIFJTEO-QWWZWVQMSA-N,C[C@@H](Cl)[C@@H](C)Cl,-2.015
MEZZCSHVIGVWFI-UHFFFAOYSA-N,COc1ccc(c(O)c1)C(=O)c2ccccc2O,-3.719
RYJPNIRLUSZYIB-UHFFFAOYSA-N,O=C(O)C(NCCCCCNC(C(=O)O)C1=CC=CC=C1)C1=CC=CC=C1,-2.362
JTUSORDQZVOEAZ-UHFFFAOYSA-N,Clc1cc(Cl)c(cc1Cl)c2cccc(Cl)c2Cl ,-7.949
XWJBRBSPAODJER-UHFFFAOYSA-N,C=CCCCCC=C,-3.903
YCOZIPAWZNQLMR-UHFFFAOYSA-N,CCCCCCCCCCCCCCC,-6.638
CKAPSXZOOQJIBF-UHFFFAOYSA-N,ClC1=C(Cl)C(Cl)=C(Cl)C(Cl)=C1Cl,-6.404
LTMRJPIOLKBUKZ-UHFFFAOYSA-N,CCCN1CN2C(=O)C3=C(C=CC=C3)N=C2C1C,-2.475
LMYUVIRTIDGPBO-UHFFFAOYSA-N,[Ti+4].[O-][Si]([O-])=O.[O-][Si]([O-])=O,-2.5
GUVUOGQBMYCBQP-UHFFFAOYSA-N,CN1CCCN(C)C1=O,0.348
LVHBHZANLOWSRM-UHFFFAOYSA-N,OC(=O)CC(=C)C(O)=O,0.066
XQFRJNBWHJMXHO-UHFFFAOYSA-N,OCC1OC(CC1O)N2C=C(I)C(=O)NC2=O,-1.559
FDPIMTJIUBPUKL-UHFFFAOYSA-N,CCC(=O)CC,0.099
APJYDQYYACXCRM-UHFFFAOYSA-N,NCCC1=C[NH]C2=C1C=CC=C2,-0.991
NVZINPVISUVPHW-UHFFFAOYSA-N,Cc1cccc(c1)[S](N)(=O)=O,-1.208
IUMSDRXLFWAGNT-UHFFFAOYSA-N,C[Si]1(C)O[Si](C)(C)O[Si](C)(C)O[Si](C)(C)O[Si](C)(C)O[Si](C)(C)O1,-4.251
QQADVTSTCZBBOE-UHFFFAOYSA-N,CCOC(=O)CNc1nc(Cl)nc(NC(C)C)n1,-3.267
BZHJMEDXRYGGRV-UHFFFAOYSA-N,ClC=C,0.048
PLAZTCDQAHEYBI-UHFFFAOYSA-N,Cc1ccccc1[N+]([O-])=O,-2.118
AFABGHUZZDYHJO-UHFFFAOYSA-N,CCCC(C)C,-2.884
FMKMKBLHMONXJM-UHFFFAOYSA-N,Cc1cc(N)n(n1)c2ccccc2,-2.153
BJHIKXHVCXFQLS-UHFFFAOYSA-N,OCC(O)C(O)C(O)C(=O)CO,0.327
GZUXJHMPEANEGY-UHFFFAOYSA-N,CBr,0.823
DRAVOWXCEBXPTN-UHFFFAOYSA-N,NC1=NC(=O)NC2=C1N=C[NH]2,-2.874
HQOVXPHOJANJBR-UHFFFAOYSA-N,CCC(C)(OOC(C)(C)C)OOC(C)(C)C,-3.437
NQPDZGIKBAWPEJ-UHFFFAOYSA-N,CCCCC(O)=O,0.025
NATVSFWWYVJTAZ-UHFFFAOYSA-N,Nc1c(Cl)cc(Cl)cc1Cl,-2.725
NYPYHUZRZVSYKL-ZETCQYMHSA-N,N[C@@H](Cc1cc(I)c(O)c(I)c1)C(O)=O,-1.964
OMAAXMJMHFXYFY-UHFFFAOYSA-L,[Ca++].[O-][PH]([O-])=O,-0.263
XIURVHNZVLADCM-UHFFFAOYSA-N,CC(=O)OCC1=C(N2C(SC1)C(NC(=O)CC3=CC=CS3)C2=O)C(O)=O,-3.343
UFFRSDWQMJYQNE-UHFFFAOYSA-N,NCCCCCCN.OC(=O)CCCCC(O)=O,-0.989
MHKKFFHWMKEBDW-UHFFFAOYSA-N,COC(=O)C1CC(=O)C(CC1=O)C(=O)OC,-1.001
CMAUJSNXENPPOF-UHFFFAOYSA-N,C1CCC(CC1)N(Sc2sc3ccccc3n2)C4CCCCC4,-6.026
QIONYIKHPASLHO-UHFFFAOYSA-M,[O-]C(=O)C(Br)(Br)Br,-0.656
AZPJXONNBLOZFE-UHFFFAOYSA-N,Cc1cccc(NC(=O)c2ccccc2C(O)=O)c1,-3.727
YAQLSKVCTLCIIE-UHFFFAOYSA-N,CCC(Br)C(O)=O,-0.181
BGNXCDMCOKJUMV-UHFFFAOYSA-N,CC(C)(C)c1cc(O)ccc1O,-1.832
WREGKURFCTUGRC-UHFFFAOYSA-N,NC1=NC(=O)N(C2CCC(CO)O2)C=C1,-1.001
WWUVJRULCWHUSA-UHFFFAOYSA-N,CCCC(C)=C,-2.483
UHCBBWUQDAVSMS-UHFFFAOYSA-N,CCF,0.211
DTQVDTLACAAQTR-UHFFFAOYSA-N,OC(=O)C(F)(F)F,0.027
WCXDHFDTOYPNIE-UHFFFAOYSA-N,CN(Cc1ccc(Cl)nc1)C(C)=NC#N,-2.793
ZFVDSCASCRHXCP-SNVBAGLBSA-N,OC1=CC(=O)C[C@@H](C1)c2ccccc2,-2.054
XQZYPMVTSDWCCE-UHFFFAOYSA-N,N#CC1=C(C=CC=C1)C#N,-1.797
DHNUXDYAOVSGII-UHFFFAOYSA-N,ClCCC(Cl)O[P](=O)(OC(Cl)CCCl)OC(Cl)CCCl,-3.777
QGTBRAFPWNISIJ-UHFFFAOYSA-N,CCCCOCCOCCOC(=O)C(C)=C,-1.61
DVVGIUUJYPYENY-UHFFFAOYSA-N,CN1C=CC=CC1=O,-0.262
WKBQQWDVVHGWDB-UHFFFAOYSA-N,OCc1scnc1,-0.147
JYYNAJVZFGKDEQ-UHFFFAOYSA-N,Cc1ccnc(C)c1,-0.804
RMFNNCGOSPBBAD-UHFFFAOYSA-N,CNC(=O)Oc1cccc(N=CN(C)C)c1,-1.523
OEYHHMLIRPBEEB-UHFFFAOYSA-N,O=C1NC=NC2=C1C=N[N]2C(=O)C3=CC=CC=C3,-3.377
OMTDIBZSUZNVJK-UHFFFAOYSA-N,COc1ccc(cc1)C(=O)CCC(O)=O,-2.082
CRRLDLPBQWRVGN-UHFFFAOYSA-N,CC(=O)CC(=O)Nc1ccc(cc1C)c2ccc(NC(=O)CC(C)=O)c(C)c2,-6.135
FDVIWMOCISPIHI-UHFFFAOYSA-N,CC1=NC=C(CO)C(C=NC(C(=O)O)C(C)C)=C1O,-1.919
OKMWKBLSFKFYGZ-UHFFFAOYSA-N,CCCCCCCCCCCCCCCCCCCCCC(=O)OCC(O)CO,-6.37
UJVLDDZCTMKXJK-UHFFFAOYSA-N,CC12CCC(=O)C=C1C=CC3C2CCC4(C)C3CCC45CCC(=O)O5,-5.289
GRQXGJNOPVEUOS-UHFFFAOYSA-N,COc1cc(NC(=O)C(N=Nc2ccc(cc2Cl)c3ccc(N=NC(C(C)=O)C(=O)Nc4ccc(C)cc4C)c(Cl)c3)C(C)=O)c(OC)cc1Cl.COc5cc(NC(=O)C(N=Nc6ccc(cc6Cl)c7ccc(N=NC(C(C)=O)C(=O)Nc8cc(OC)c(Cl)cc8OC)c(Cl)c7)C(C)=O)c(OC)cc5Cl.CC(=O)C(N=Nc9ccc(cc9Cl)c%10ccc(N=NC(C(C)=O)C(=O)Nc%11ccc(C)cc%11C)c(Cl)c%10)C(=O)Nc%12ccc(C)cc%12C,-8.543
INYHZQLKOKTDAI-UHFFFAOYSA-N,C=CC1CC2CC1C=C2,-3.617
CJPQIRJHIZUAQP-UHFFFAOYSA-N,COC(=O)C(C)N(C(=O)Cc1ccccc1)c2c(C)cccc2C,-4.955
AAQWYJPJRWOQEV-UHFFFAOYSA-N,CCC(C(C(O)=O)c1ccccc1)C(O)=O,-1.855
CVVIJWRCGSYCMB-UHFFFAOYSA-N,[H+].[H+].[Cl-].[Cl-].C1CNCCN1,0.491
SUSQOBVLVYHIEX-UHFFFAOYSA-N,N#CCc1ccccc1,-1.234
XVOPVUDUALAJCP-UHFFFAOYSA-N,CCCCC(CC)CO.CCCCC(CC)CC(CC)CO.CCCC(O)C(CC)CO.CCCC(C(CC)CO)C(CC)CO,-5.61
JJDFVIDVSCYKDS-UHFFFAOYSA-N,CC1(C)CC(=O)CC(C)(C1)C#N,-1.424
KKJLKMXROHVRMW-UHFFFAOYSA-N,CC1(C)SC2C(NC(=O)C(N)C3=CC=C(N)C=C3)C(=O)N2C1C4=NN=N[NH]4,-2.762
CDAWCLOXVUBKRW-UHFFFAOYSA-N,Nc1ccccc1O,-0.508
BFKJFAAPBSQJPD-UHFFFAOYSA-N,FC(F)=C(F)F,-1.1
UEEJHVSXFDXPFK-UHFFFAOYSA-N,CN(C)CCO,1.134
MGJOTHOXCFYBTC-UHFFFAOYSA-N,CCCCC(O)(CCCC)C(O)c1ccccc1,-2.606
DCMURXAZTZQAFB-UHFFFAOYSA-N,c1cccc(Cl)c1c2c(Cl)ccc(Cl)c2,-6.098
HXZRLUTUNSQNCG-UHFFFAOYSA-N,O=C1CCCCCN1C(=O)c2cccc(c2)C(=O)N3CCCCCC3=O,-4.189
KVZJLSYJROEPSQ-UHFFFAOYSA-N,C/C1CCCCC1\C,-3.509
JXTHNDFMNIQAHM-UHFFFAOYSA-N,OC(=O)C(Cl)Cl,0.084
GSKZUBJRXCWFFE-XTMYEIJHSA-L,[Ca++].[O-]C(=O)C1=Cc2ccccc2/C(=N/Nc3ccc4ccccc4c3[S]([O-])(=O)=O)C1=O,-1.387
HGFWMGARSDHJFP-UHFFFAOYSA-N,CCC[N]1C=NC2=C1C(=O)N(C)C(=O)N2C,-1.363
ZYVYEJXMYBUCMN-UHFFFAOYSA-N,COCC(C)C,0.115
IMNFDUFMRHMDMM-UHFFFAOYSA-N,CCCCCCC,-3.563
WARIWGPBHKPYON-UHFFFAOYSA-N,CCSC(=O)N(CC)CC,-0.979
NLHHRLWOUZZQLW-UHFFFAOYSA-N,C=CC#N,1.161
TVIDDXQYHWJXFK-UHFFFAOYSA-N,OC(=O)CCCCCCCCCCC(O)=O,-2.442
VKQOHFHGWCXKOA-UHFFFAOYSA-N,Nc1cc(ccc1I)[N+]([O-])=O,-2.594
XIZOTXGJXSTQDI-UHFFFAOYSA-N,CCO[P](=S)(OCC)Oc1ccc(N)cc1,-3.708
RKUNBYITZUJHSG-VFSICIBPSA-N,CN1[C@@H]2CC[C@H]1CC(C2)OC(=O)[C@H](CO)c3ccccc3,-2.08
HPEUJPJOZXNMSJ-UHFFFAOYSA-N,CCCCCCCCCCCCCCCCCC(=O)OC,-6.89
LUSWEUMSEVLFEQ-REOHCLBHSA-M,C[C@H](NC(N)=O)C([O-])=O,0.009
BMXRLHMJGHJGLR-UHFFFAOYSA-N,Clc1ccccc1c2c(Cl)c(Cl)cc(Cl)c2Cl,-7.886
RHNJVKIVSXGYBD-UHFFFAOYSA-N,C=CC(=O)OCCCCCCCCCCOC(=O)C=C,-4.593
HVBSAKJJOYLTQU-UHFFFAOYSA-N,Nc1ccc(cc1)[S](O)(=O)=O,-1.142
JHSPCUHPSIUQRB-UHFFFAOYSA-N,NC(=O)c1c(Cl)cccc1Cl,-2.549
PTBKFATYSVLSSD-ZZXKWVIFSA-N,O/N=C/c1oc(cc1)[N+]([O-])=O,-1.758
WWZKQHOCKIZLMA-UHFFFAOYSA-N,O=C(O)CCCCCCC,-1.584
KDVYCTOWXSLNNI-UHFFFAOYSA-N,CC(C)(C)c1ccc(cc1)C(O)=O,-2.295
TXXHDPDFNKHHGW-ZPUQHVIOSA-N,OC(=O)\C=C\C=C\C(O)=O,-0.25
GEZAXHSNIQTPMM-UHFFFAOYSA-N,[O--].[O--].[O--].[Dy+3].[Dy+3],-3.055
KJBDZJFSYQUNJT-UHFFFAOYSA-N,Clc1cc(Cl)c(Cl)c(c1)c2c(Cl)cc(Cl)c(Cl)c2Cl,-9.387
ZDPHROOEEOARMN-UHFFFAOYSA-N,CCCCCCCCCCC(O)=O,-3.209
WKTJXDHLMJKSGI-UHFFFAOYSA-N,C1CC(CC=C1)C2OCC3(CO2)COC(OC3)C4CCC=CC4,-3.198
HNSVDKLARSSFGE-UHFFFAOYSA-N,O=C1NC2=C(NC1=O)N=CN=C2,-2.697
PHUSOTFVZQDLMC-VAWYXSNFSA-N,CCCCCCCC\C=C\CCCCCCCC(=O)OCCC(C)C,-7.728
KEQFTVQCIQJIQW-UHFFFAOYSA-N,N(c1ccccc1)c2ccc3ccccc3c2,-4.8
YNEXYDHOGAIPHO-UHFFFAOYSA-N,OC(=O)CCC(=O)c1cccc2ccccc12,-2.981
KZNJSFHJUQDYHE-UHFFFAOYSA-N,Cc1cccc2cc3ccccc3cc12,-5.083
XXJWXESWEXIICW-UHFFFAOYSA-N,CCOCCOCCO,0.725
QTLQKAJBUDWPIB-UHFFFAOYSA-N,[O--].[O--].[O--].[As+3].[As+3],-3.055
XEGGRYVFLWGFHI-UHFFFAOYSA-N,CNC(=O)Oc1cccc2OC(C)(C)Oc12,-2.349
JIEKMACRVQTPRC-UHFFFAOYSA-N,OC(=O)Cc1sc(nc1c2ccc(Cl)cc2)c3ccccc3,-5.494
STMMVKNOSKBEEI-UHFFFAOYSA-N,CCN(CC)c1nc(NC(C)C)nc(OC)n1,-2.528
MQGFFOISLVUDQU-UHFFFAOYSA-N,[K+].C[Si](O)(O)[O-],0.168
CRGPNLUFHHUKCM-UHFFFAOYSA-M,[K+].[O-]P=O,-1.154
NNJVILVZKWQKPM-UHFFFAOYSA-N,CCN(CC)CC(=O)NC1=C(C)C=CC=C1C,-2.364
BBVUAJTZGSWJDD-UHFFFAOYSA-N,Cc1ccc(cc1)N=Nc2cc(C)ccc2N,-3.978
OKOCIUJVPQKDLL-UHFFFAOYSA-N,C[N+](C)(CCCN[S](=O)(=O)CCC(F)(F)C(F)(F)C(F)(F)C(F)(F)C(F)(F)C(F)(F)F)CC([O-])=O,-0.816
YMKDRGPMQRFJGP-UHFFFAOYSA-M,[Cl-].CCCCCCCCCCCCCCCC[n+]1ccccc1,-2.099
OEXXJWUGCIYXEF-UHFFFAOYSA-N,NC(=O)NN=CCOC1CCCCC1,-1.215
ZYWUVGFIXPNBDL-UHFFFAOYSA-N,CC(C)N(CCO)C(C)C,0.064
SYYPSBXVMCETKL-UHFFFAOYSA-N,CN1C=NC2=C(N(C)C(=O)N(C)C2=O)C1=O,-1.502
FKAKGSJLTBVQOP-UHFFFAOYSA-N,CC(=O)OCC(=C)COC(C)=O,-0.816
NRZWYNLTFLDQQX-UHFFFAOYSA-N,CCC(C)(C)c1ccc(O)cc1,-2.398
ZYTMANIQRDEHIO-UHFFFAOYSA-N,CC1CCC(C(O)C1)C(C)=C,-1.641
YFDJCWXBKWRDPW-UHFFFAOYSA-N,CC(C)c1ccc(cc1)C#N,-2.318
PRIUALOJYOZZOJ-UHFFFAOYSA-L,CCCCC(CC)COC(=O)CS[Sn](CCCC)(CCCC)SCC(=O)OCC(CC)CCCC,-7.591
QHXDTLYEHWXDSO-UHFFFAOYSA-N,CCN(CC)c1nc(Cl)nc(n1)N(CC)CC,-2.881
PJLZYPHMHUHUMN-CPNJWEJPSA-N,CCN1C(=O)C(=N/Nc2ccc(Cl)cc2[N+]([O-])=O)/C(=C(C#N)C1=O)C,-5.753
NZZFYRREKKOMAT-UHFFFAOYSA-N,ICI,-0.627
USYMCUGEGUFUBI-UHFFFAOYSA-N,COC(=O)c1nc(Cl)c(Cl)nc1N,-2.662
XLOMZPUITCYLMJ-UHFFFAOYSA-N,CCCC(C)C1(CC=C)C(=O)NC(=S)NC1=O,-3.245
VHHHONWQHHHLTI-UHFFFAOYSA-N,ClC(Cl)(Cl)C(Cl)(Cl)Cl,-2.905
ABDKAPXRBAPSQN-UHFFFAOYSA-N,COc1ccccc1OC,-1.305
DDRJAANPRJIHGJ-UHFFFAOYSA-N,CN1CC(=O)N=C1N,-0.091
KMRNTNDWADEIIX-UHFFFAOYSA-N,OC(=O)CCI,0.185
LEVWYRKDKASIDU-IMJSIDKUSA-N,N[C@@H](CSSC[C@H](N)C(O)=O)C(O)=O,-0.51
GLVVKKSPKXTQRB-UHFFFAOYSA-N,CCCCCCCCCCCC(=O)OC=C,-4.991
IPWQOZCSQLTKOI-QMMMGPOBSA-M,NC(=O)N[C@@H](Cc1ccccc1)C([O-])=O,-0.621
XGTKSWVCNVUVHG-UHFFFAOYSA-N,CC(=O)C=CC(O)=O,0.15
ATXLALDFCMZNHY-ZPHPHTNESA-N,Cc1ccc(N\N=C2/C(=O)C=Cc3ccccc23)c(c1)[N+]([O-])=O,-6.457
HVCNXQOWACZAFN-UHFFFAOYSA-N,CCN1CCOCC1,0.836
QMVPMAAFGQKVCJ-SNVBAGLBSA-N,C[C@@H](CCO)CCC=C(C)C,-1.982
ABRDPORILGADAP-UHFFFAOYSA-N,ClC1=C(Cl)C(=CC=C1)OC2=C(Cl)C(=C(Cl)C=C2)Cl,-8.489
FYVOTMMSGKWFPK-UHFFFAOYSA-N,NC1=CC2=C(S(=O)(=O)O)C=CC=C2C=C1,-2.185
ACFHHZJOAUZSJU-XBXARRHUSA-N,CC(=O)N/N=C/c1oc(cc1)[N+]([O-])=O,-2.561
FAZPZNCEAZRGPY-UHFFFAOYSA-N,CC(C)(C)C(=O)OC1=CC2=C(C=C1)N=C(S2)[S](N)(=O)=O,-2.869
VIYWVRIBDZTTMH-UHFFFAOYSA-N,CC(=C)C(=O)OCCOc1ccc(cc1)C(C)(C)c2ccc(OCCOC(=O)C(C)=C)cc2,-6.999
CIWBSHSKHKDKBQ-UHFFFAOYSA-N,OCC(O)C1OC(=O)C(=C1O)O,-0.488
CWUFUYMCWCMVPX-UHFFFAOYSA-N,CCCCNCC1=CC=C(C(=O)C2=CSC(S(N)(=O)=O)=C2)C=C1,-2.675
UOFGSWVZMUXXIY-UHFFFAOYSA-N,S=C(NNC1=CC=CC=C1)N=NC2=CC=CC=C2,-5.268
QPFYXYFORQJZEC-FOCLMDBBSA-N,c1ccc(cc1)\N=N\c1c(nc(cc1)N)N,-3.243
UBCKGWBNUIFUST-YHYXMXQVSA-N,CO[P](=O)(OC)OC(=C\Cl)/C1=C(Cl)C=C(Cl)C(=C1)Cl,-4.231
IFLREYGFSNHWGE-UHFFFAOYSA-N,c(c(cc(c1ccc2)c2)cc(c3ccc4)c4)(c1)c3,-6.42
LIINGNMKNRSOGW-UHFFFAOYSA-N,C=CCCCCCC=O,-1.816
HJJKSUVYCQAMBG-UHFFFAOYSA-N,Clc1cccc2c(Cl)c(Cl)c(Cl)cc12,-6.623
QXEBBSABZKCXDL-UHFFFAOYSA-N,C(CCCO[N+](=O)O)CCO[N+](=O)O,-2.171
LOVQGUOGVLKMQT-UHFFFAOYSA-N,NC(=O)C1CCCC(N1)C(N)=O,-0.275
IMUUNYPYNWXUBO-UHFFFAOYSA-N,Nc1ccc(cc1[S](O)(=O)=O)[S](O)(=O)=O,-1.263
QGAVSDVURUSLQK-UHFFFAOYSA-N,N.N.N.N.N.N.O.O.O.O.O.O.O.O.O.O.O.O.O.O.O.O.O.O.O.O.O.O.O.O.[Mo].[Mo].[Mo].[Mo].[Mo].[Mo].[Mo],-2.22
LSDPWZHWYPCBBB-UHFFFAOYSA-N,CS,1.229
SZYJELPVAFJOGJ-UHFFFAOYSA-N,[H+].[Cl-].CN(C)C,0.654
