key,input,solubility
BYYMILHAKOURNM-UHFFFAOYSA-N,C#CC(C)N(C)C(=O)Nc1ccc(Cl)cc1,-3.441
CHNXZKVNWQUJIB-UHFFFAOYSA-N,C#CC1(O)CCC2C3CCC4=CC(=O)CCC4(C)C3CCC21C,-4.725
VIKNJXKGJWUCNN-UHFFFAOYSA-N,C#CC1(O)CCC2C3CCC4=CC(=O)CCC4C3CCC21C,-4.412
BFPYWIDHMRZLRN-UHFFFAOYSA-N,C#CC1(O)CCC2C3CCc4cc(O)ccc4C3CCC21C,-4.306
IMONTRJLAWHYGT-UHFFFAOYSA-N,C#CC1(OC(C)=O)CCC2C3CCC4=CC(=O)CCC4C3CCC21C,-5.915
IBXNCJKFFQIKKY-UHFFFAOYSA-N,C#CCCC,-1.564
CGHIBGNXEGJPQZ-UHFFFAOYSA-N,C#CCCCC,-2.302
YVXHZKKCZYLQOP-UHFFFAOYSA-N,C#CCCCCC,-2.982
UMIPWJGWASORKV-UHFFFAOYSA-N,C#CCCCCCC,-3.597
OSSQSXOTMIGBCF-UHFFFAOYSA-N,C#CCCCCCCC,-4.155
CHVJITGCYZJHLR-UHFFFAOYSA-N,C1=CC=CCC=C1,-2.531
UVJHQYIOXKWHFD-UHFFFAOYSA-N,C1=CCC=CC1,-2.076
LPIQUOYDBNQMRZ-UHFFFAOYSA-N,C1=CCCC1,-1.599
HGCIXCUEYOPUTN-UHFFFAOYSA-N,C1=CCCCC1,-2.286
HXGDTGSAIMULJN-UHFFFAOYSA-N,C1=Cc2cccc3cccc1c23,-3.975
SLRCCWJSBJZJBV-UHFFFAOYSA-N,C1CCN2CC3CC(CN4CCCCC34)C2C1,-1.378
RWRDLPDLKQPQOW-UHFFFAOYSA-N,C1CCNC1,1.317
WYURNTSHIVDZCO-UHFFFAOYSA-N,C1CCOC1,0.971
ONPJWQSDZCGSQM-UHFFFAOYSA-N,C=C(C(=O)O)c1ccccc1,-1.411
CERQOIWHTDAKMF-UHFFFAOYSA-N,C=C(C)C(=O)O,0.629
VVQNEPGJFQJSBK-UHFFFAOYSA-N,C=C(C)C(=O)OC,0.145
ULDHMXUKGWMISQ-UHFFFAOYSA-N,C=C(C)C1CC=C(C)C(=O)C1,-1.685
XMGQYMWWDOXHJM-UHFFFAOYSA-N,C=C(C)C1CC=C(C)CC1,-4.024
AZOCECCLWFDTAP-UHFFFAOYSA-N,C=C(C)C1CCC(C)C(=O)C1,-1.877
JUVIOZPCNVVQFO-UHFFFAOYSA-N,C=C(C)C1Cc2c(ccc3c2OC2COc4cc(OC)c(OC)cc4C2C3=O)O1,-5.817
XJCLWVXTCRQIDI-UHFFFAOYSA-N,C=C(Cl)CSC(=S)N(CC)CC,-3.695
LGXVIGDEPROXKC-UHFFFAOYSA-N,C=C(Cl)Cl,-0.685
IXORZMNAPKEEDV-UHFFFAOYSA-N,C=C1CC23CC1(O)CCC2C12C=CC(O)C(C)(C(=O)O1)C2C3C(=O)O,-2.717
RRHGJUQNOFWUDK-UHFFFAOYSA-N,C=CC(=C)C,-1.532
JTHNLKXLWOXOQK-UHFFFAOYSA-N,C=CC(=O)CCC,-0.477
BAPJBEWLBFYGME-UHFFFAOYSA-N,C=CC(=O)OC,0.602
JIGUQPWFLRLWPJ-UHFFFAOYSA-N,C=CC(=O)OCC,-0.016
CFVWNXQPGQOHRJ-UHFFFAOYSA-N,C=CC(=O)OCC(C)C,-1.12
CDOSHBSSFJOMGT-UHFFFAOYSA-N,C=CC(C)(O)CCC=C(C)C,-1.823
HRPVXLWXLXDGHG-UHFFFAOYSA-N,C=CC(N)=O,0.968
LOUPRKONTZGTKE-UHFFFAOYSA-N,C=CC1CN2CCC1CC2C(O)c1ccnc2ccc(OC)cc12,-3.09
LOUPRKONTZGTKE-UHFFFAOYSA-N,C=CC1CN2CCC1CC2C(O)c1ccnc2ccc(OC)cc12,-3.09
KMPWYEUPVWOPIM-UHFFFAOYSA-N,C=CC1CN2CCC1CC2C(O)c1ccnc2ccccc12,-2.771
KMPWYEUPVWOPIM-UHFFFAOYSA-N,C=CC1CN2CCC1CC2C(O)c1ccnc2ccccc12,-2.771
BHELZAPQIKSEDF-UHFFFAOYSA-N,C=CCBr,-0.854
WSSSPWUEQFSQQG-UHFFFAOYSA-N,C=CCC(C)C,-2.741
UORJNBVJVRLXMQ-UHFFFAOYSA-N,C=CCC1(C(C)C)C(=O)NC(=O)NC1=O,-1.799
XLOMZPUITCYLMJ-UHFFFAOYSA-N,C=CCC1(C(C)CCC)C(=O)NC(=S)NC1=O,-3.245
WOIGZSBYKGQJGL-UHFFFAOYSA-N,C=CCC1(c2ccccc2)C(=O)NC(=O)NC1=O,-2.859
YWAKXRMUMFPDSH-UHFFFAOYSA-N,C=CCCC,-2.099
LIKMAJRDDDTEIG-UHFFFAOYSA-N,C=CCCCC,-2.828
KWKAKUADMBZCLK-UHFFFAOYSA-N,C=CCCCCCC,-4.004
JRZJOMJEPLMPRA-UHFFFAOYSA-N,C=CCCCCCCC,-4.492
FRPZMMHWLSIFAZ-UHFFFAOYSA-N,C=CCCCCCCCCC(=O)O,-3.106
OSDWBNJEKMUWAV-UHFFFAOYSA-N,C=CCCl,-0.837
YRMLFORXOOIJDR-UHFFFAOYSA-N,C=CCN(CC=C)C(=O)C(Cl)Cl,-2.099
JDLKFOPOAOFWQN-UHFFFAOYSA-N,C=CCS[S+]([O-])CC=C,-0.818
RRAFCDWBNXTKKO-UHFFFAOYSA-N,C=CCc1ccc(O)c(OC)c1,-2.267
ZFMSMUAANRJZFM-UHFFFAOYSA-N,C=CCc1ccc(OC)cc1,-2.614
FJKIXWOMBXYWOQ-UHFFFAOYSA-N,C=COCC,0.746
HCFSGRMEEXUOSS-UHFFFAOYSA-N,CC(=O)C1(C)CCC2C3C=C(C)C4=CC(=O)CCC4(C)C3CCC21C,-5.505
FAOZLTXFLGPHNG-UHFFFAOYSA-N,CC(=O)C1(O)CCC2C3CC(C)C4=CC(=O)C=CC4(C)C3(F)C(O)CC21C,-3.91
DBPWSSGDRRHUNT-UHFFFAOYSA-N,CC(=O)C1(O)CCC2C3CCC4=CC(=O)CCC4(C)C3CCC21C,-4.429
ORNBQBCIOKFOEO-UHFFFAOYSA-N,CC(=O)C1CCC2C3CC=C4CC(O)CCC4(C)C3CCC12C,-4.907
LCLCVVVHIPPHCG-UHFFFAOYSA-N,CC(=O)CC(=O)C(C)(C)C,-0.804
IGMOYJSFRIASIE-UHFFFAOYSA-N,CC(=O)CC(=O)CC(C)C,-0.831
NTIZESTWPVYFNL-UHFFFAOYSA-N,CC(=O)CC(C)C,-0.412
FFWSICBKRCICMR-UHFFFAOYSA-N,CC(=O)CCC(C)C,-1.008
LGYTZKPVOAIUKX-UHFFFAOYSA-N,CC(=O)CCC1C(=O)N(c2ccccc2)N(c2ccccc2)C1=O,-4.118
FXHOOIRPVKKKFG-UHFFFAOYSA-N,CC(=O)N(C)C,0.942
LMTGCJANOQOGPI-UHFFFAOYSA-N,CC(=O)N(C)c1ccccc1,-1.227
JFNWFXVFBDDWCX-UHFFFAOYSA-N,CC(=O)N(c1onc(C)c1C)S(=O)(=O)c1ccc(N)cc1,-3.415
FLOSMHQXBMRNHR-UHFFFAOYSA-N,CC(=O)N=c1sc(S(N)(=O)=O)nn1C,-1.338
GKRZNOGGALENQJ-UHFFFAOYSA-N,CC(=O)NC(N)=O,0.284
SKIVFJLNDNKQPD-UHFFFAOYSA-N,CC(=O)NS(=O)(=O)c1ccc(N)cc1,-1.917
OKIBNKKYNPBDRS-UHFFFAOYSA-N,CC(=O)Nc1cc(NS(=O)(=O)C(F)(F)F)c(C)cc1C,-3.8
MSLICLMCQYQNPK-UHFFFAOYSA-N,CC(=O)Nc1ccc(Br)cc1,-2.538
SKLUWKYNZNXSLX-UHFFFAOYSA-N,CC(=O)Nc1ccc(C=O)cc1,-1.783
GGUOCFNAWIODMF-UHFFFAOYSA-N,CC(=O)Nc1ccc(Cl)cc1,-2.536
JHEFOJNPLXSWNZ-UHFFFAOYSA-N,CC(=O)Nc1ccc(F)cc1,-2.041
SIULLDWIXYYVCU-UHFFFAOYSA-N,CC(=O)Nc1ccc(I)cc1,-2.673
CHMBIJAOCISYEW-UHFFFAOYSA-N,CC(=O)Nc1ccc(N)cc1,-1.557
PKOFBDHYTMYVGJ-UHFFFAOYSA-N,CC(=O)Nc1ccc(S(N)(=O)=O)cc1,-1.512
NQRLPDFELNCFHW-UHFFFAOYSA-N,CC(=O)Nc1ccc([N+](=O)[O-])cc1,-2.725
FZERHIULMFGESH-UHFFFAOYSA-N,CC(=O)Nc1ccccc1,-1.326
ADVGKWPZRIDURE-UHFFFAOYSA-N,CC(=O)Nc1ccccc1O,-1.444
BUNFNRVLMKHKIT-UHFFFAOYSA-N,CC(=O)Nc1ccccc1[N+](=O)[O-],-2.692
BZKPWHYZMXOIDC-UHFFFAOYSA-N,CC(=O)Nc1nnc(S(N)(=O)=O)s1,-1.242
QTBSBXVTEAMEQO-UHFFFAOYSA-N,CC(=O)O,1.229
JMMWKPVZQRWMSS-UHFFFAOYSA-N,CC(=O)OC(C)C,0.064
FPVRUILUEYSIMD-UHFFFAOYSA-N,CC(=O)OC1(C(=O)CO)C(C)CC2C3CCC4=CC(=O)C=CC4(C)C3(F)C(O)CC21C,-4.283
RQZAXGRLVPAYTJ-UHFFFAOYSA-N,CC(=O)OC1(C(C)=O)CCC2C3C=C(C)C4=CC(=O)CCC4(C)C3CCC21C,-5.893
CGBCCZZJVKUAMX-UHFFFAOYSA-N,CC(=O)OC1(C(C)=O)CCC2C3C=C(Cl)C4=CC(=O)C=CC4(C)C3CCC21C,-6.579
NCMZQTLCXHGLOK-UHFFFAOYSA-N,CC(=O)OC1CCC2(C)C(=CCC3C4CCC(=O)C4(C)CCC32)C1,-5.759
YYLLIJHXUHJATK-UHFFFAOYSA-N,CC(=O)OC1CCCCC1,-1.338
XGMPVBXKDAHORN-UHFFFAOYSA-N,CC(=O)OCC(=O)C1(O)C(OC(C)=O)CC2C3CCC4=CC(=O)C=CC4(C)C3(F)C(O)CC21C,-4.291
LRJOMUJRLNCICJ-UHFFFAOYSA-N,CC(=O)OCC(=O)C1(O)CCC2C3CCC4=CC(=O)C=CC4(C)C3C(O)CC21C,-4.032
ITRJWOMZKQRYTA-UHFFFAOYSA-N,CC(=O)OCC(=O)C1(O)CCC2C3CCC4=CC(=O)CCC4(C)C3C(=O)CC21C,-4.445
ALEXXDVDDISNDU-UHFFFAOYSA-N,CC(=O)OCC(=O)C1(O)CCC2C3CCC4=CC(=O)CCC4(C)C3C(O)CC21C,-4.086
MLFHJEHSLIIPHL-UHFFFAOYSA-N,CC(=O)OCCC(C)C,-1.088
AIUHRQHVWSUTGJ-UHFFFAOYSA-N,CC(=O)OCCN1CCN(CCCN2c3ccccc3Sc3ccc(Cl)cc32)CC1,-3.99
LWULXYSYLOIDQY-UHFFFAOYSA-N,CC(=O)Oc1c(C(C)(C)C)cc([N+](=O)[O-])c(C)c1[N+](=O)[O-],-4.645
BSYNRYMUTXBXSQ-UHFFFAOYSA-N,CC(=O)Oc1ccccc1C(=O)O,-1.858
LXMSZDCAJNLERA-UHFFFAOYSA-N,CC(=O)SC1CC2=CC(=O)CCC2(C)C2CCC3(C)C(CCC34CCC(=O)O4)C12,-5.671
VGZSUPCWNCWDAN-UHFFFAOYSA-N,CC(=O)c1ccc(S(=O)(=O)NC(=O)NC2CCCCC2)cc1,-3.429
CKQHAYFOPRIUOM-UHFFFAOYSA-N,CC(=O)c1cccc(N)c1,-1.454
SYTBZMRGLBWNTM-UHFFFAOYSA-N,CC(C(=O)O)c1ccc(-c2ccccc2)c(F)c1,-3.792
DKYWVDODHFEZIM-UHFFFAOYSA-N,CC(C(=O)O)c1cccc(C(=O)c2ccccc2)c1,-3.589
MJCJFUJXVGIUOD-UHFFFAOYSA-N,CC(C)(C(=O)O)C(C)(CC(=O)O)C(=O)O,-0.808
WURBVZBTWMNKQT-UHFFFAOYSA-N,CC(C)(C)C(=O)C(Oc1ccc(Cl)cc1)n1cncn1,-3.662
PHEOVVDXTQVHAZ-UHFFFAOYSA-N,CC(C)(C)C(=O)OCC(=O)C1(O)CCC2C3CCC4=CC(=O)C=CC4(C)C3C(O)CC21C,-5.002
FNFPHNZQOKBKHN-UHFFFAOYSA-N,CC(C)(C)CC(=O)OCC(=O)C1(O)CCC2C3CCC4=CC(=O)CCC4(C)C3C(O)CC21C,-5.271
AFQYFVWMIRMBAE-UHFFFAOYSA-N,CC(C)(C)COC(N)=O,-0.507
DVQVBLBKEXITIK-UHFFFAOYSA-N,CC(C)(C)c1nnc(NS(=O)(=O)c2ccc(N)cc2)s1,-3.277
VVNCNSJFMMFHPL-UHFFFAOYSA-N,CC(C)(S)C(N)C(=O)O,0.14
IISBACLAFKSPIT-UHFFFAOYSA-N,CC(C)(c1ccc(O)cc1)c1ccc(O)cc1,-3.209
SBNFWQZLDJGRLK-UHFFFAOYSA-N,CC(C)=CC1C(C(=O)OCc2cccc(Oc3ccccc3)c2)C1(C)C,-6.803
WTEVQBCEXWBHNA-UHFFFAOYSA-N,CC(C)=CCCC(C)=CC=O,-2.128
KQNPFQTWMSNSAP-UHFFFAOYSA-N,CC(C)C(=O)O,0.618
RSWGJHLUYNHPMX-UHFFFAOYSA-N,CC(C)C1=CC2=CCC3C(C)(C(=O)O)CCCC3(C)C2CC1,-5.326
ZXEKIIBDNHEJCQ-UHFFFAOYSA-N,CC(C)CO,0.955
BYPIURIATSUHDW-UHFFFAOYSA-N,CC(C)Cc1ccc(C(C)C(=O)NO)cc1,-2.679
HEFNNWSXXWATRW-UHFFFAOYSA-N,CC(C)Cc1ccc(C(C)C(=O)O)cc1,-2.914
MWBPRDONLNQCFV-UHFFFAOYSA-N,CC(C)N(C(=O)SCC(Cl)=C(Cl)Cl)C(C)C,-3.908
SPANOECCGNXGNR-UHFFFAOYSA-N,CC(C)N(C(=O)SCC(Cl)=CCl)C(C)C,-3.474
ZOMSMJKLGFBRBS-UHFFFAOYSA-N,CC(C)N1C(=O)c2ccccc2NS1(=O)=O,-2.306
WJNRPILHGGKWCK-UHFFFAOYSA-N,CC(C)Nc1nc(Cl)nc(NC(C)C)n1,-3.163
FOANIXZHAMJWOI-UHFFFAOYSA-N,CC(C)OC(=O)C(O)(c1ccc(Br)cc1)c1ccc(Br)cc1,-4.99
AXGUBXVWZBFQGA-UHFFFAOYSA-N,CC(C)OC(=O)C(O)(c1ccc(Cl)cc1)c1ccc(Cl)cc1,-5.016
RRNIZKPFKNDSRS-UHFFFAOYSA-N,CC(C)OP(=S)(OC(C)C)SCCNS(=O)(=O)c1ccccc1,-3.033
CHNUNORXWHYHNE-UHFFFAOYSA-N,CC(C)Oc1cc(-n2nc(C(C)(C)C)oc2=O)c(Cl)cc1Cl,-6.108
FGLBSLMDCBOPQK-UHFFFAOYSA-N,CC(C)[N+](=O)[O-],-0.142
PUIYMUZLKQOUOZ-UHFFFAOYSA-N,CC(C)c1ccc(NC(=O)N(C)C)cc1,-2.472
RFDAIACWWDREDC-UHFFFAOYSA-N,CC(CCC(=O)NCC(=O)O)C1CCC2C3C(O)CC4CC(O)CCC4(C)C3CC(O)C12C,-3.707
BHQCQFFYRZLCQQ-UHFFFAOYSA-N,CC(CCC(=O)O)C1CCC2C3C(O)CC4CC(O)CCC4(C)C3CC(O)C12C,-4.099
RUDATBOHQWOJDD-UHFFFAOYSA-N,CC(CCC(=O)O)C1CCC2C3C(O)CC4CC(O)CCC4(C)C3CCC12C,-4.869
RUDATBOHQWOJDD-UHFFFAOYSA-N,CC(CCC(=O)O)C1CCC2C3C(O)CC4CC(O)CCC4(C)C3CCC12C,-4.869
GCAHOAMXTYBLNZ-UHFFFAOYSA-N,CC(CCC(=O)O)C1CCC2C3CC(O)C4CC(O)CCC4(C)C3CC(O)C12C,-4.098
KXGVEGMKQFWNSR-UHFFFAOYSA-N,CC(CCC(=O)O)C1CCC2C3CCC4CC(O)CCC4(C)C3CC(O)C12C,-4.878
PWWVAXIEGOYWEE-UHFFFAOYSA-N,CC(CN1c2ccccc2Sc2ccccc21)N(C)C,-3.707
TXTORVZCRUFBBO-UHFFFAOYSA-N,CC(Cl)C(C)(C)Cl,-2.587
OQEBBZSWEGYTPG-UHFFFAOYSA-N,CC(N)CC(=O)O,0.712
AYFVYJQAPQTCCC-UHFFFAOYSA-N,CC(O)C(N)C(=O)O,0.564
MZHCENGPTKEIGP-UHFFFAOYSA-N,CC(Oc1ccc(Cl)cc1Cl)C(=O)O,-3.065
ZGWNXHRVUJVMCP-UHFFFAOYSA-N,CC(Oc1ccccc1Cl)C(=O)O,-2.362
LSPHULWDVZXLIL-UHFFFAOYSA-N,CC1(C(=O)O)CCC(C(=O)O)C1(C)C,-1.319
KEQGZUUPPQEDPF-UHFFFAOYSA-N,CC1(C)C(=O)N(Cl)C(=O)N1Cl,-1.446
RLLPVAHGXHCWKJ-UHFFFAOYSA-N,CC1(C)C(C=C(Cl)Cl)C1C(=O)OCc1cccc(Oc2ccccc2)c1,-7.355
YNDXUCZADRHECN-UHFFFAOYSA-N,CC1(C)OC2CC3C4CCC5=CC(=O)C=CC5(C)C4(F)C(O)CC3(C)C2(C(=O)CO)O1,-3.732
OIGNJSKKLXVSLS-UHFFFAOYSA-N,CC12C=CC(=O)C=C1CCC1C2C(O)CC2(C)C1CCC2(O)C(=O)CO,-2.84
GFNANZIMVAIWHM-UHFFFAOYSA-N,CC12C=CC(=O)C=C1CCC1C3CC(O)C(O)(C(=O)CO)C3(C)CC(O)C12F,-2.419
RZRPTBIGEANTGU-UHFFFAOYSA-N,CC12CC(=O)C3C(CCC4=CC(=O)CCC43C)C1CCC2=O,-3.722
PIXFHVWJOVNKQK-UHFFFAOYSA-N,CC12CC(O)C3C(CCC4CC(O)CCC43C)C1CCC2=O,-3.389
MFYSYFVPBJMHGN-UHFFFAOYSA-N,CC12CCC(=O)C=C1CCC1C2C(=O)CC2(C)C1CCC2(O)C(=O)CO,-3.135
JYGXADMDTFJGBT-UHFFFAOYSA-N,CC12CCC(=O)C=C1CCC1C2C(O)CC2(C)C1CCC2(O)C(=O)CO,-2.887
QUQBHBRVKLEOEI-UHFFFAOYSA-N,CC12CCC(=O)C=C1CCC1C2C2CC3(C(O)O2)C(C(=O)CO)CCC13,-3.277
ZESRJSPZRDMNHY-UHFFFAOYSA-N,CC12CCC(=O)C=C1CCC1C2CCC2(C)C(C(=O)CO)CCC12,-4.352
MUMGGOZAMZWBJJ-UHFFFAOYSA-N,CC12CCC(=O)C=C1CCC1C2CCC2(C)C(O)CCC12,-4.156
AAXVEMMRQDVLJB-UHFFFAOYSA-N,CC12CCC(=O)C=C1CCC1C3CCC(O)(C(=O)CO)C3(C)CC(O)C12F,-2.955
LHXDLQBQYFFVNW-UHFFFAOYSA-N,CC12CCC(C1)C(C)(C)C2=O,-1.846
DSSYKIVIOFKYAU-UHFFFAOYSA-N,CC12CCC(CC1=O)C2(C)C,-1.801
WKRLQDKEXYKHJB-UHFFFAOYSA-N,CC12CCC3C(=CCc4cc(O)ccc43)C1CCC2=O,-4.747
AEMFNILZOJDQLW-UHFFFAOYSA-N,CC12CCC3C(CCC4=CC(=O)CCC43C)C1CCC2=O,-4.408
QGXBDMJGAMFCBF-UHFFFAOYSA-N,CC12CCC3C(CCC4CC(O)CCC43C)C1CCC2=O,-4.337
QGXBDMJGAMFCBF-UHFFFAOYSA-N,CC12CCC3C(CCC4CC(O)CCC43C)C1CCC2=O,-4.337
OBMLHUPNRURLOK-UHFFFAOYSA-N,CC12CCC3C(CCC4CC5SC5CC43C)C1CCC2O,-4.401
YJDYCULVYZDESB-UHFFFAOYSA-N,CC12CCC3C(CCC4CCCCC43C)C1CCC2=O,-5.28
DNXHEGUUPJUMQT-UHFFFAOYSA-N,CC12CCC3c4ccc(O)cc4CCC3C1CCC2=O,-4.824
VOXZDWNPVJITMN-UHFFFAOYSA-N,CC12CCC3c4ccc(O)cc4CCC3C1CCC2O,-3.691
PDRGHUMCVRDZLQ-UHFFFAOYSA-N,CC12CCc3c(ccc4cc(O)ccc34)C1CCC2=O,-4.981
YPCALTGLHFLNGA-UHFFFAOYSA-N,CC1=C(C(=O)Nc2ccccc2)CCCO1,-2.859
AMEKQAFGQBKLKX-UHFFFAOYSA-N,CC1=C(C(=O)Nc2ccccc2)S(=O)(=O)CCO1,-2.955
GYSSRZJIHXQEHQ-UHFFFAOYSA-N,CC1=C(C(=O)Nc2ccccc2)SCCO1,-2.992
XJHDMGJURBVLLE-UHFFFAOYSA-N,CC1=C2C3OC(=O)C(C)C3CCC2(C)C=CC1=O,-2.868
YPHMISFOHDHNIV-UHFFFAOYSA-N,CC1CC(C)C(=O)C(C(O)CC2CC(=O)NC(=O)C2)C1,-2.066
VHRSUDSXCMQTMA-UHFFFAOYSA-N,CC1CC2C(C(O)CC3(C)C2CCC3(O)C(=O)CO)C2(C)C=CC(=O)C=C12,-3.109
UREBDLICKHMUKA-UHFFFAOYSA-N,CC1CC2C3CCC4=CC(=O)C=CC4(C)C3(F)C(O)CC2(C)C1(O)C(=O)CO,-3.198
UREBDLICKHMUKA-UHFFFAOYSA-N,CC1CC2C3CCC4=CC(=O)C=CC4(C)C3(F)C(O)CC2(C)C1(O)C(=O)CO,-3.198
NCXMLFZGDNKEPB-UHFFFAOYSA-N,CC1CC=CC=CC=CC=CC(OC2OC(C)C(O)C(N)C2O)CC2OC(O)(CC(O)CC3OC3C=CC(=O)O1)CC(O)C2C(=O)O,-2.764
NFLGAXVYCFJBMK-UHFFFAOYSA-N,CC1CCC(C(C)C)C(=O)C1,-2.065
NOOLISFMXDJSKH-UHFFFAOYSA-N,CC1CCC(C(C)C)C(O)C1,-1.861
WQLVFSAGQJTQCK-UHFFFAOYSA-N,CC1CCC2(OC1)OC1CC3C4CC=C5CC(O)CCC5(C)C4CCC3(C)C1C2C,-5.955
LFSAPCRASZRSKS-UHFFFAOYSA-N,CC1CCCCC1=O,-0.537
KVZJLSYJROEPSQ-UHFFFAOYSA-N,CC1CCCCC1C,-3.509
KVZJLSYJROEPSQ-UHFFFAOYSA-N,CC1CCCCC1C,-3.509
JXVIIQLNUPXOII-UHFFFAOYSA-N,CC1CCCCC1NC(=O)Nc1ccccc1,-3.429
JBIWCJUYHHGXTC-UHFFFAOYSA-N,CC1c2cccc(O)c2C(=O)C2=C(O)C3(O)C(=O)C(C(N)=O)=C(O)C(N(C)C)C3C(O)C21,-2.61
NFDFQCUYFHCNBW-UHFFFAOYSA-N,CC=C(C(=CC)c1ccc(O)cc1)c1ccc(O)cc1,-4.252
WSWCOQWTEOXDQX-UHFFFAOYSA-N,CC=CC=CC(=O)O,-0.251
MLUCVPSAIODCQM-UHFFFAOYSA-N,CC=CC=O,0.849
QMMOXUPEWRXHJS-UHFFFAOYSA-N,CC=CCC,-1.94
UVKXJAUUKPDDNW-UHFFFAOYSA-N,CC=CCC#N,0.071
OTTZHAVKAVGASB-UHFFFAOYSA-N,CC=CCCCC,-3.335
RUVINXPYWBROJD-UHFFFAOYSA-N,CC=Cc1ccc(OC)cc1,-2.552
RGLYKWWBQGJZGM-UHFFFAOYSA-N,CCC(=C(CC)c1ccc(O)cc1)c1ccc(O)cc1,-4.306
GGCSSNBKKAUURC-UHFFFAOYSA-N,CCC(=O)N(c1ccccc1)C1(COC)CCN(CCc2cccs2)CC1,-4.206
ZTHRQJQJODGZHV-UHFFFAOYSA-N,CCC(=O)Nc1ccccc1,-1.704
ZWEHNKRNPOVVGH-UHFFFAOYSA-N,CCC(C)=O,0.789
YRSIFCHKXFKNME-UHFFFAOYSA-N,CCC(C)C(C)(C)O,-0.72
OWZPCEFYPSAJFR-UHFFFAOYSA-N,CCC(C)c1cc([N+](=O)[O-])cc([N+](=O)[O-])c1O,-3.23
OXQGTIUCKGYOAA-UHFFFAOYSA-N,CCC(CC)C(=O)O,-0.482
TZYRSLHNPKPEFV-UHFFFAOYSA-N,CCC(CC)CO,-0.322
QWCKQJZIFLGMSD-UHFFFAOYSA-N,CCC(N)C(=O)O,0.714
ZXUMUPVQYAFTLF-UHFFFAOYSA-N,CCC(N)Cc1c[nH]c2ccccc12,-1.516
XKIRHOWVQWCYBT-UHFFFAOYSA-N,CCC(O)(CC)CC,-0.802
PBBGSZCBWVPOOL-UHFFFAOYSA-N,CCC(c1ccc(O)cc1)C(CC)c1ccc(O)cc1,-4.205
HHLXJTDUHFBYAU-UHFFFAOYSA-N,CCC1(C(C)C)C(=O)NC(=O)NC1=O,-1.505
MKELYWOVSPVORM-UHFFFAOYSA-N,CCC1(C2=CC3CCC(C2)C3)C(=O)NC(=O)NC1=O,-2.842
WTYGAUXICFETTC-UHFFFAOYSA-N,CCC1(C2=CCCCC2)C(=O)NC(=O)NC1=O,-2.321
PAZQYDJGLKSCSI-UHFFFAOYSA-N,CCC1(C2=CCCCCC2)C(=O)NC(=O)NC1=O,-2.634
DDBREPKUVSBGFI-UHFFFAOYSA-N,CCC1(c2ccccc2)C(=O)NC(=O)NC1=O,-2.616
DQMZLTXERSFNPB-UHFFFAOYSA-N,CCC1(c2ccccc2)C(=O)NCNC1=O,-2.165
JMBQKKAJIKAWKF-UHFFFAOYSA-N,CCC1(c2ccccc2)CCC(=O)NC1=O,-2.723
CJDRUOGAGYHKKD-UHFFFAOYSA-N,CCC1C2CC3C4N(C)c5ccccc5C45CC(C2C5O)N3C1O,-2.429
WFJNHVWTKZUUTR-UHFFFAOYSA-N,CCC1CN2CCC1CC2C(O)c1ccnc2ccccc12,-2.799
RSBRXBZGVHQUJK-UHFFFAOYSA-N,CCC1NC(=O)NC1=O,-0.227
AGMMTXLNIQSRCG-UHFFFAOYSA-N,CCC1NC(=O)c2cc(S(N)(=O)=O)c(Cl)cc2N1,-2.363
FERIUCNNQQJTOY-UHFFFAOYSA-N,CCCC(=O)O,0.556
AQGSZYZZVTYOMQ-UHFFFAOYSA-N,CCCC(C(C)=O)C(C)=O,-0.795
XNLICIUVMPYHGG-UHFFFAOYSA-N,CCCC(C)=O,0.142
PFNHSEQQEPMLNI-UHFFFAOYSA-N,CCCC(C)CO,-0.319
NIJJYAXOARWZEE-UHFFFAOYSA-N,CCCC(CCC)C(=O)O,-1.584
NDNUANOUGZGEPO-UHFFFAOYSA-N,CCCC1CCCCN1,-0.689
GJYXGIIWJFZCLN-UHFFFAOYSA-N,CCCCC(=O)CC(C)=O,-0.863
SNHRLVCMMWUAJD-UHFFFAOYSA-N,CCCCC(=O)OC1(C(=O)CO)C(C)CC2C3CCC4=CC(=O)C=CC4(C)C3(F)C(O)CC21C,-5.148
QQZOPKMRPOGIEB-UHFFFAOYSA-N,CCCCC(C)=O,-0.474
HFHZKZSRXITVMK-UHFFFAOYSA-N,CCCCC1C(=O)N(c2ccccc2)N(c2ccc(O)cc2)C1=O,-4.469
VYMDGNCVAMGZFE-UHFFFAOYSA-N,CCCCC1C(=O)N(c2ccccc2)N(c2ccccc2)C1=O,-4.486
FUZZWVXGSFPDMH-UHFFFAOYSA-N,CCCCCC(=O)O,-0.512
JARKCYVAAOWBJS-UHFFFAOYSA-N,CCCCCC=O,-0.683
WWZKQHOCKIZLMA-UHFFFAOYSA-N,CCCCCCCC(=O)O,-1.584
FBUKVWPVBMHYJY-UHFFFAOYSA-N,CCCCCCCCC(=O)O,-2.129
GHVNFZFCNZKVNT-UHFFFAOYSA-N,CCCCCCCCCC(=O)O,-2.675
ZDPHROOEEOARMN-UHFFFAOYSA-N,CCCCCCCCCCC(=O)O,-3.209
POULHZVOKOAJMA-UHFFFAOYSA-N,CCCCCCCCCCCC(=O)O,-3.731
UQDUPQYQJKYHQI-UHFFFAOYSA-N,CCCCCCCCCCCC(=O)OC,-4.404
TUNFSRHWOTWDNC-UHFFFAOYSA-N,CCCCCCCCCCCCCC(=O)O,-4.718
WQEPLUUGTLDZJY-UHFFFAOYSA-N,CCCCCCCCCCCCCCC(=O)O,-5.174
IPCSVZSSVZVIGE-UHFFFAOYSA-N,CCCCCCCCCCCCCCCC(=O)O,-5.595
QIQXTHQIDYTFRH-UHFFFAOYSA-N,CCCCCCCCCCCCCCCCCC(=O)O,-6.301
YPNZTHVEMNUDND-UHFFFAOYSA-N,CCCCCCCCOC(N)=O,-2.001
AXMPFOXRWZXZFA-UHFFFAOYSA-N,CCCCCCCOC(N)=O,-1.513
ROASJEHPZNKHOF-UHFFFAOYSA-N,CCCCCCOC(N)=O,-1.036
UYXHCVFXDBNRQW-UHFFFAOYSA-N,CCCCCNCCOC(=O)c1ccc(N)cc1,-2.293
MYDQAEQZZKVJSL-UHFFFAOYSA-N,CCCCCOC(N)=O,-0.567
SMDHCQAYESWHAE-UHFFFAOYSA-N,CCCCN(CC)c1c([N+](=O)[O-])cc(C(F)(F)F)cc1[N+](=O)[O-],-4.728
JLRGJRBPOGGCBT-UHFFFAOYSA-N,CCCCNC(=O)NS(=O)(=O)c1ccc(C)cc1,-2.793
VDTNNGKXZGSZIP-UHFFFAOYSA-N,CCCCNC(=O)NS(=O)(=O)c1ccc(N)cc1,-2.306
AFOGBLYPWJJVAL-UHFFFAOYSA-N,CCCCNC(=O)NS(=O)(=O)c1ccccc1,-2.459
IRIAEXORFWYRCZ-UHFFFAOYSA-N,CCCCOC(=O)c1ccccc1C(=O)OCc1ccccc1,-4.952
PUFQVTATUTYEAL-UHFFFAOYSA-N,CCCCOc1cc(C(=O)NCCN(CC)CC)c2ccccc2n1,-3.413
QNIUOGIMJWORNZ-UHFFFAOYSA-N,CCCCOc1ccc(C(=O)OCCN(CC)CC)cc1,-2.911
ZOKXUAHZSKEQSS-UHFFFAOYSA-N,CCCCSP(=O)(SCCCC)SCCCC,-2.922
CJHXCRMKMMBYJQ-UHFFFAOYSA-N,CCCCc1c(C)nc(N(C)C)nc1O,-2.188
BBXXLROWFHWFQY-UHFFFAOYSA-N,CCCCc1c(C)nc(NCC)nc1O,-2.62
DSKJPMWIHSOYEA-UHFFFAOYSA-N,CCCCc1c(C)nc(NCC)nc1OS(=O)(=O)N(C)C,-3.202
ZSDSQXJSNMTJDA-UHFFFAOYSA-N,CCCN(CCC)c1c([N+](=O)[O-])cc(C(F)(F)F)cc1[N+](=O)[O-],-4.73
UNAHYJYOSSSJHH-UHFFFAOYSA-N,CCCN(CCC)c1c([N+](=O)[O-])cc(S(N)(=O)=O)cc1[N+](=O)[O-],-2.386
RKWGIWYCVPQPMF-UHFFFAOYSA-N,CCCNC(=O)NS(=O)(=O)c1ccc(Cl)cc1,-3.338
YKYONYBAUNKHLG-UHFFFAOYSA-N,CCCOC(C)=O,0.011
KFNNIILCVOLYIR-UHFFFAOYSA-N,CCCOC=O,0.772
JSZOAYXJRCEYSX-UHFFFAOYSA-N,CCC[N+](=O)[O-],-0.224
KNAHARQHSZJURB-UHFFFAOYSA-N,CCCc1cc(=O)[nH]c(=S)[nH]1,-2.273
NNJVILVZKWQKPM-UHFFFAOYSA-N,CCN(CC)CC(=O)Nc1c(C)cccc1C,-2.364
TTWJBBZEZQICBI-UHFFFAOYSA-N,CCN(CC)CCNC(=O)c1cc(Cl)c(N)cc1OC,-2.186
MFDFERRIHVXMIY-UHFFFAOYSA-N,CCN(CC)CCOC(=O)c1ccc(N)cc1,-1.8
OFDYMSKSGFSLLM-UHFFFAOYSA-N,CCN(CC)c1c([N+](=O)[O-])cc(C(F)(F)F)c(N)c1[N+](=O)[O-],-4.0
HFBWPRKWDIRYNX-UHFFFAOYSA-N,CCNc1nc(Cl)nc(N(CC)CC)n1,-2.795
MXWJVTOOROXGIU-UHFFFAOYSA-N,CCNc1nc(Cl)nc(NC(C)C)n1,-2.817
ODCWYMIRDDJXKW-UHFFFAOYSA-N,CCNc1nc(Cl)nc(NCC)n1,-2.498
JCLHQFUTFHUXNN-UHFFFAOYSA-N,CCOC(=O)C(c1c(O)c2ccccc2oc1=O)c1c(O)c2ccccc2oc1=O,-6.014
XADCESSVHJOZHK-UHFFFAOYSA-N,CCOC(=O)C1(c2ccccc2)CCN(C)CC1,-2.243
KBEBGUQPQBELIU-UHFFFAOYSA-N,CCOC(=O)C=Cc1ccccc1,-2.346
FKRCODPIKNYEAC-UHFFFAOYSA-N,CCOC(=O)CC,-0.017
IYXGSMUGOJNHAZ-UHFFFAOYSA-N,CCOC(=O)CC(=O)OCC,-0.526
JXSJBGJIGXNWCI-UHFFFAOYSA-N,CCOC(=O)CC(SP(=S)(OC)OC)C(=O)OCC,-3.131
BLFLLBZGZJTVJG-UHFFFAOYSA-N,CCOC(=O)c1ccc(N)cc1,-1.973
NUVBSKCKDOMJSU-UHFFFAOYSA-N,CCOC(=O)c1ccc(O)cc1,-1.895
FLKPEMZONWLCSK-UHFFFAOYSA-N,CCOC(=O)c1ccccc1C(=O)OCC,-2.533
IRCMYGHHKLLGHV-UHFFFAOYSA-N,CCOC1Oc2ccc(OS(C)(=O)=O)cc2C1(C)C,-3.322
DQWPFSLDHJDLRL-UHFFFAOYSA-N,CCOP(=O)(OCC)OCC,0.07
MTBZIGHNGSTDJV-UHFFFAOYSA-N,CCOP(=S)(OCC)N1C(=O)c2ccccc2C1=O,-4.056
FHIVAFMUCKRCQO-UHFFFAOYSA-N,CCOP(=S)(OCC)Oc1cc(C)nc(C(C)C)n1,-4.642
LCCNCVORNKJIRZ-UHFFFAOYSA-N,CCOP(=S)(OCC)Oc1ccc([N+](=O)[O-])cc1,-3.948
XDNBJTQLKCIJBV-UHFFFAOYSA-N,CCOP(=S)(OCC)Oc1ccc([S+](C)[O-])cc1,-1.136
BXNANOICGRISHX-UHFFFAOYSA-N,CCOP(=S)(OCC)Oc1ccc2c(C)c(Cl)c(=O)oc2c1,-6.477
SBPBAQFWLVIOKP-UHFFFAOYSA-N,CCOP(=S)(OCC)Oc1nc(Cl)c(Cl)cc1Cl,-6.189
MUMQYXACQUZOFP-UHFFFAOYSA-N,CCOP(=S)(OCC)SC(CCl)N1C(=O)c2ccccc2C1=O,-5.743
DOFZAZXDOSGAJZ-UHFFFAOYSA-N,CCOP(=S)(OCC)SCCSCC,-3.717
BULVZWIRKLYCBC-UHFFFAOYSA-N,CCOP(=S)(OCC)SCSCC,-3.302
RIZMRRKBZQXFOY-UHFFFAOYSA-N,CCOP(=S)(OCC)SCSP(=S)(OCC)OCC,-4.343
VEDTXTNSFWUXGQ-UHFFFAOYSA-N,CCOP(=S)(OCC)SCSc1ccc(Cl)cc1,-5.782
OWWVHQUOYSPNNE-UHFFFAOYSA-N,CCOc1ccc(C(=O)OCCN(CC)CC)cc1,-2.275
CPJSUEIXXCENMM-UHFFFAOYSA-N,CCOc1ccc(NC(C)=O)cc1,-2.316
OUZWUKMCLIBBOG-UHFFFAOYSA-N,CCOc1ccc2nc(S(N)(=O)=O)sc2c1,-2.408
MBDUIEKYVPVZJH-UHFFFAOYSA-N,CCS(=O)(=O)CC,0.193
DSNHSQKRULAAEI-UHFFFAOYSA-N,CCc1ccc(CC)cc1,-3.414
WVQBLGZPHOPPFO-UHFFFAOYSA-N,CCc1cccc(C)c1N(C(=O)CCl)C(C)COC,-4.028
XCSGPAVHZFQHGE-UHFFFAOYSA-N,CCc1cccc(CC)c1N(COC)C(=O)CCl,-3.824
YNQLUTRBYVCPMQ-UHFFFAOYSA-N,CCc1ccccc1,-2.326
JCCCMAAJYSNBPR-UHFFFAOYSA-N,CCc1cccs1,-1.842
SVYBEBLNQGDRHF-UHFFFAOYSA-N,CCc1nnc(NS(=O)(=O)c2ccc(N)cc2)s1,-2.989
MHWLWQUZZRMNGJ-UHFFFAOYSA-N,CCn1cc(C(=O)O)c(=O)c2ccc(C)nc21,-2.506
JOHZPMXAZQZXHR-UHFFFAOYSA-N,CCn1cc(C(=O)O)c(=O)c2cnc(N3CCNCC3)nc21,-2.058
QAHFOPIILNICLA-UHFFFAOYSA-N,CN(C)C(=O)C(c1ccccc1)c1ccccc1,-3.238
YGLMVCVJLXREAK-UHFFFAOYSA-N,CN(C)C(=O)NC1CC2CC1C1CCCC21,-2.235
BMLIZLVNXIYGCK-UHFFFAOYSA-N,CN(C)C(=O)Nc1ccc(Cl)cc1,-2.439
RZILCCPWPBTYDO-UHFFFAOYSA-N,CN(C)C(=O)Nc1cccc(C(F)(F)F)c1,-2.778
HMEYVGGHISAPJR-UHFFFAOYSA-N,CN(C)C1C(O)=C(C(=O)NCN2CCCC2)C(=O)C2(O)C(O)=C3C(=O)c4c(O)cccc4C(C)(O)C3CC12,-2.522
CYDMQBQPVICBEU-UHFFFAOYSA-N,CN(C)C1C(O)=C(C(N)=O)C(=O)C2(O)C(O)=C3C(=O)c4c(O)ccc(Cl)c4C(C)(O)C3CC12,-3.004
FMTDIUIBLCQGJB-UHFFFAOYSA-N,CN(C)C1C(O)=C(C(N)=O)C(=O)C2(O)C(O)=C3C(=O)c4c(O)ccc(Cl)c4C(O)C3CC12,-2.863
IWVCMVBTMGNXQD-UHFFFAOYSA-N,CN(C)C1C(O)=C(C(N)=O)C(=O)C2(O)C(O)=C3C(=O)c4c(O)cccc4C(C)(O)C3C(O)C12,-2.359
OFVLGDICTFRJMM-UHFFFAOYSA-N,CN(C)C1C(O)=C(C(N)=O)C(=O)C2(O)C(O)=C3C(=O)c4c(O)cccc4C(C)(O)C3CC12,-2.621
KRMDCWKBEZIMAB-UHFFFAOYSA-N,CN(C)CCC=C1c2ccccc2CCc2ccccc21,-4.214
ODQWQRRAPPTVAG-UHFFFAOYSA-N,CN(C)CCC=C1c2ccccc2COc2ccccc21,-3.655
BCGWQEUPMDMJNV-UHFFFAOYSA-N,CN(C)CCCN1c2ccccc2CCc2ccccc21,-3.578
XSCGXQMFQXDFCW-UHFFFAOYSA-N,CN(C)CCCN1c2ccccc2Sc2ccc(C(F)(F)F)cc21,-4.888
ZPEIMTDSQAKGNT-UHFFFAOYSA-N,CN(C)CCCN1c2ccccc2Sc2ccc(Cl)cc21,-4.445
ZGUGWUXLJSTTMA-UHFFFAOYSA-N,CN(C)CCCN1c2ccccc2Sc2ccccc21,-3.662
UFLGIAIHIAPJJC-UHFFFAOYSA-N,CN(C)CCN(Cc1ccccc1)c1ccccn1,-2.117
HNJJXZKZRAWDPF-UHFFFAOYSA-N,CN(C)CCN(Cc1cccs1)c1ccccn1,-2.351
NOQGZXFMHARMLW-UHFFFAOYSA-N,CN(C)NC(=O)CCC(=O)O,-0.023
AAOVKJBEBIDNHE-UHFFFAOYSA-N,CN1C(=O)CN=C(c2ccccc2)c2cc(Cl)ccc21,-4.835
GWUSZQUVEVMBPI-UHFFFAOYSA-N,CN1C(=O)CN=C(c2ccccc2)c2cc([N+](=O)[O-])ccc21,-5.16
QYSPLQLAKJAUJT-UHFFFAOYSA-N,CN1C(C(=O)Nc2ccccn2)=C(O)c2ccccc2S1(=O)=O,-3.675
STECJAGHUSJQJN-UHFFFAOYSA-N,CN1C2CC(OC(=O)C(CO)c3ccccc3)CC1C1OC12,-1.729
PHMBVCPLDPDESM-UHFFFAOYSA-N,CN1C2CCC1C(C(=O)O)C(O)C2,-0.175
RKUNBYITZUJHSG-UHFFFAOYSA-N,CN1C2CCC1CC(OC(=O)C(CO)c1ccccc1)C2,-2.08
RKUNBYITZUJHSG-UHFFFAOYSA-N,CN1C2CCC1CC(OC(=O)C(CO)c1ccccc1)C2,-2.08
BQJCRHHNABKAKU-UHFFFAOYSA-N,CN1CCC23c4c5ccc(O)c4OC2C(O)C=CC3C1C5,-2.37
CBHCDHNUZWWAPP-UHFFFAOYSA-N,CN1CCCC(CN2c3ccccc3Sc3ccccc32)C1,-3.986
SNICXCGAKADSCV-UHFFFAOYSA-N,CN1CCCC1c1cccnc1,-0.579
PAMIQIKDUOTOBW-UHFFFAOYSA-N,CN1CCCCC1,0.452
ZEWQUBUPAILYHI-UHFFFAOYSA-N,CN1CCN(CCCN2c3ccccc3Sc3ccc(C(F)(F)F)cc32)CC1,-3.956
WIKYUJGCLQQFNW-UHFFFAOYSA-N,CN1CCN(CCCN2c3ccccc3Sc3ccc(Cl)cc32)CC1,-3.635
LMINNBXUMGNKMM-UHFFFAOYSA-N,CN1c2ccccc2Sc2ccc(CC(=O)O)cc21,-3.814
AQIXAKUUQRKLND-UHFFFAOYSA-N,CNC(=NC#N)NCCSCc1nc[nH]c1C,-2.246
FZSVSABTBYGOQH-UHFFFAOYSA-N,CNC(=O)ON=C(CSC)C(C)(C)C,-1.922
QCQPGRMMDFIQMB-UHFFFAOYSA-N,CNC(=O)ON=C1C(Cl)C2CC(C#N)C1C2,-2.738
SLZWBCGZQRRUNG-UHFFFAOYSA-N,CNC(=O)Oc1cc(C(C)(C)C)cc(C(C)(C)C)c1,-4.319
SDKQRNRRDYRQKY-UHFFFAOYSA-N,CNC(=O)Oc1ccccc1C1OCCO1,-1.634
KWGRBVOPPLSCSI-UHFFFAOYSA-N,CNC(C)C(O)c1ccccc1,-0.515
HCYAFALTSJYZDH-UHFFFAOYSA-N,CNCCCN1c2ccccc2CCc2ccccc21,-3.321
WVMBPWMAQDVZCM-UHFFFAOYSA-N,CNc1ccccc1C(=O)O,-1.349
NVGOPFQZYCNLDU-UHFFFAOYSA-N,CNc1cnn(-c2cccc(C(F)(F)F)c2)c(=O)c1Cl,-4.96
LINPVWIEWJTEEJ-UHFFFAOYSA-N,COC(=O)C1(O)c2ccccc2-c2ccc(Cl)cc21,-4.304
ZPUCINDJVBIVPJ-UHFFFAOYSA-N,COC(=O)C1C(OC(=O)c2ccccc2)CC2CCC1N2C,-2.432
VGQLNJWOULYVFV-UHFFFAOYSA-N,COC(=O)C1C2C=CC(C2)C1C(=O)OC,-1.655
VGPYEHKOIGNJKV-UHFFFAOYSA-N,COC(=O)NS(=O)(=O)c1ccc(N)cc1,-2.232
OPXLLQIJSORQAM-UHFFFAOYSA-N,COC(=O)Nc1nc2ccc(C(=O)c3ccccc3)cc2[nH]1,-5.006
DDIZAANNODHTRB-UHFFFAOYSA-N,COC(=O)c1ccc(OC)cc1,-1.646
KXKVLQRXCPHEJC-UHFFFAOYSA-N,COC(C)=O,1.186
DDUHZTYCFQRHIY-UHFFFAOYSA-N,COC1=CC(=O)CC(C)C12Oc1c(Cl)c(OC)cc(OC)c1C2=O,-4.818
ZQEIXNIJLIKNTD-UHFFFAOYSA-N,COCC(=O)N(c1c(C)cccc1C)C(C)C(=O)OC,-2.577
LKJPSUCKSLORMF-UHFFFAOYSA-N,CON(C)C(=O)Nc1ccc(Cl)cc1,-2.656
NFACJZMKEDPNKN-UHFFFAOYSA-N,COP(=O)(OC)C(O)C(Cl)(Cl)Cl,-0.727
NYQDCVLCJXRDSK-UHFFFAOYSA-N,COP(=S)(OC)Oc1cc(Cl)c(Br)cc1Cl,-5.909
JHJOOSLFWRRSGU-UHFFFAOYSA-N,COP(=S)(OC)Oc1cc(Cl)c(Cl)cc1Cl,-5.905
LFVLUOAHQIVABZ-UHFFFAOYSA-N,COP(=S)(OC)Oc1cc(Cl)c(I)cc1Cl,-5.981
PNVJTZOFSHSLTO-UHFFFAOYSA-N,COP(=S)(OC)Oc1ccc(SC)c(C)c1,-4.37
ZNOLGFHPUIJIMJ-UHFFFAOYSA-N,COP(=S)(OC)Oc1ccc([N+](=O)[O-])c(C)c1,-3.711
RLBIQVVOMOPOHC-UHFFFAOYSA-N,COP(=S)(OC)Oc1ccc([N+](=O)[O-])cc1,-3.328
OTKXWJHPGBRXCR-UHFFFAOYSA-N,COP(=S)(OC)Oc1ccc([N+](=O)[O-])cc1Cl,-3.997
HRBKVYFZANMGRE-UHFFFAOYSA-N,COP(=S)(OC)Oc1nc(Cl)c(Cl)cc1Cl,-5.635
IWEDIXLBFLAXBO-UHFFFAOYSA-N,COc1c(Cl)ccc(Cl)c1C(=O)O,-2.932
YZZVKLJKDFFSFL-UHFFFAOYSA-N,COc1c(O)c(Cl)c(Cl)c(Cl)c1Cl,-3.751
HSMPDPBYAYSOBC-UHFFFAOYSA-N,COc1c2occc2c(OC)c2c(=O)cc(C)oc12,-3.729
QXKHYNVANLEOEG-UHFFFAOYSA-N,COc1c2occc2cc2ccc(=O)oc12,-3.563
WKOLLVMJNQIZCI-UHFFFAOYSA-N,COc1cc(C(=O)O)ccc1O,-1.673
HAAFFTHBNFBVKY-UHFFFAOYSA-N,COc1cc(Cl)c(Cl)cc1O,-2.673
QKLSCPPJEVXONT-UHFFFAOYSA-N,COc1cc(NS(=O)(=O)c2ccc(N)cc2)nc(C)n1,-3.528
ZZORFUFYDOWNEF-UHFFFAOYSA-N,COc1cc(NS(=O)(=O)c2ccc(N)cc2)nc(OC)n1,-3.681
XOXYHGOIRWABTC-UHFFFAOYSA-N,COc1cc(O)c2c(=O)c3cc(O)ccc3oc2c1,-4.39
RRKTZKIUPZVBMF-UHFFFAOYSA-N,COc1cc2c(cc1OC)C13CCN4CC5=CCOC6CC(=O)N2C1C6C5CC43,-3.56
HUTDUHSNJYTCAR-UHFFFAOYSA-N,COc1ccc(C(O)(c2cncnc2)C2CC2)cc1,-2.446
IAKOZHOLGAGEJT-UHFFFAOYSA-N,COc1ccc(C(c2ccc(OC)cc2)C(Cl)(Cl)Cl)cc1,-6.019
HVXXOIGTXJOVON-UHFFFAOYSA-N,COc1ccc(C=O)c(C(=O)O)c1OC,-2.003
YKJYKKNCCRKFSL-UHFFFAOYSA-N,COc1ccc(CC2NCC(O)C2OC(C)=O)cc1,-1.733
ZNNLBTZKUZBEKO-UHFFFAOYSA-N,COc1ccc(Cl)cc1C(=O)NCCc1ccc(S(=O)(=O)NC(=O)NC2CCCCC2)cc1,-6.576
XVAIDCNLVLTVFM-UHFFFAOYSA-N,COc1ccc(NC(C)=O)cc1,-1.932
VLYWMPOKSSWJAL-UHFFFAOYSA-N,COc1ccc(NS(=O)(=O)c2ccc(N)cc2)nn1,-3.354
BNUHAJGCKIQFGE-UHFFFAOYSA-N,COc1ccc([N+](=O)[O-])cc1,-2.417
VRQVVMDWGGWHTJ-UHFFFAOYSA-N,COc1ccc2c(c1)N(CC(C)CN(C)C)c1ccccc1S2,-4.181
NKPPORKKCMYYTO-UHFFFAOYSA-N,COc1ccc2c(c1)c(CC(=O)O)c(C)n2C(=O)C=Cc1ccccc1,-5.065
CGIGDMFJXJATDK-UHFFFAOYSA-N,COc1ccc2c(c1)c(CC(=O)O)c(C)n2C(=O)c1ccc(Cl)cc1,-5.469
YFNUPHWNTLVIMV-UHFFFAOYSA-N,COc1ccc2c(c1O)C13CCN(C)C1(C=CC(=O)C3)CC2,-3.261
ORFFGRQMMWVHIB-UHFFFAOYSA-N,COc1ccc2c(c1OC)C(=O)OC2,-2.139
AKNNEGZIBPJZJG-UHFFFAOYSA-N,COc1ccc2c(c1OC)C(=O)OC2C1c2c(cc3c(c2OC)OCO3)CCN1C,-3.549
JZUTXVTYJDCMDU-UHFFFAOYSA-N,COc1ccc2c(c1OC)C(=O)OC2C1c2cc3c(cc2CCN1C)OCO3,-3.618
OROGSEYTTFOCAN-UHFFFAOYSA-N,COc1ccc2c3c1OC1C(O)C=CC4C(C2)N(C)CCC341,-2.605
CMWTZPSULFXXJA-UHFFFAOYSA-N,COc1ccc2cc(C(C)C(=O)O)ccc2c1,-3.469
MBRLOUHOWLUMFF-UHFFFAOYSA-N,COc1ccc2ccc(=O)oc2c1CC=C(C)C,-4.309
RDOXTESZEPMUJZ-UHFFFAOYSA-N,COc1ccccc1,-1.008
CFBYEGUGFPZCNF-UHFFFAOYSA-N,COc1ccccc1[N+](=O)[O-],-2.38
GPTONYMQFTZPKC-UHFFFAOYSA-N,COc1cnc(NS(=O)(=O)c2ccc(N)cc2)nc1,-3.291
NMUINCUJOZFODB-UHFFFAOYSA-N,COc1cnc2cncnc2n1,-1.158
FFEARJCKVFRZRR-UHFFFAOYSA-N,CSCCC(N)C(=O)O,0.012
VNPCIBFTAYHHLJ-UHFFFAOYSA-N,CSc1cnc2cncnc2n1,-1.527
XKENOTHGZDIXRS-UHFFFAOYSA-N,CSc1ncnc2nccnc12,-1.454
NBQCNZYJJMBDKY-UHFFFAOYSA-N,Cc1[nH]c(=O)n(C(C)(C)C)c(=O)c1Cl,-2.698
RMMXTBMQSGEXHJ-UHFFFAOYSA-N,Cc1c(N(C)C)c(=O)n(-c2ccccc2)n1C,-2.273
RLFWWDJHLFCNIJ-UHFFFAOYSA-N,Cc1c(N)c(=O)n(-c2ccccc2)n1C,-2.215
ARSRBNBHOADGJU-UHFFFAOYSA-N,Cc1c2ccccc2c(C)c2c1ccc1ccccc12,-7.13
JTGMTYWYUZDRBK-UHFFFAOYSA-N,Cc1c2ccccc2c(C)c2ccccc12,-5.6
CPGPAVAKSZHMBP-UHFFFAOYSA-N,Cc1c2ccccc2cc2ccccc12,-5.088
RWQNBRDOKXIBIV-UHFFFAOYSA-N,Cc1c[nH]c(=O)[nH]c1=O,-1.073
SHVCSCWHWMSGTE-UHFFFAOYSA-N,Cc1cc(=O)[nH]c(=O)[nH]1,-1.112
HWGBHCRJGXAGEU-UHFFFAOYSA-N,Cc1cc(=O)[nH]c(=S)[nH]1,-1.803
VEQOALNAAJBPNY-UHFFFAOYSA-N,Cc1cc(=O)n(-c2ccccc2)n1C,-2.113
ASWVTGNCAZCNNR-UHFFFAOYSA-N,Cc1cc(C)nc(NS(=O)(=O)c2ccc(N)cc2)n1,-3.245
STUSTWKEFDQFFZ-UHFFFAOYSA-N,Cc1cc(Cl)ccc1N=CN(C)C,-2.113
WNTGYJSOUMFZEP-UHFFFAOYSA-N,Cc1cc(Cl)ccc1OC(C)C(=O)O,-2.803
WHKUVVPPKQRRBV-UHFFFAOYSA-N,Cc1cc(Cl)ccc1OCC(=O)O,-2.537
YZMCKZRAOLZXAZ-UHFFFAOYSA-N,Cc1cc(NS(=O)(=O)c2ccc(N)cc2)nc(C)n1,-3.215
JLKIGFTWXXRPMT-UHFFFAOYSA-N,Cc1cc(NS(=O)(=O)c2ccc(N)cc2)no1,-2.787
NWINIEGDLHHNLH-UHFFFAOYSA-N,Cc1cc(O)c2ccccc2n1,-2.188
OSDLLIBGSJNGJE-UHFFFAOYSA-N,Cc1cc(O)cc(C)c1Cl,-2.284
JVHMUUUYNIPCPF-UHFFFAOYSA-N,Cc1cc(O)ccc1OP(=O)(Oc1cc(O)ccc1C)Oc1c(C)cccc1O,-5.951
KGVPNLBXJKTABS-UHFFFAOYSA-N,Cc1cc(O)no1,-0.214
GEDIWDLJKRKBFT-UHFFFAOYSA-N,Cc1cc(OC(=O)N(C)C)n(-c2ccccc2)n1,-2.739
WHTBVLXUSXVMEV-UHFFFAOYSA-N,Cc1cc(S(=O)(=O)c2ccccc2)ccc1NS(=O)(=O)C(F)(F)F,-4.349
WWGUMAYGTYQSGA-UHFFFAOYSA-N,Cc1cc2ccccc2cc1C,-3.932
AUNGANRZJHBGPY-UHFFFAOYSA-N,Cc1cc2nc3c(=O)[nH]c(=O)nc-3n(CC(O)C(O)C(O)CO)c2cc1C,-2.06
LPNBBFKOUUSUDB-UHFFFAOYSA-N,Cc1ccc(C(=O)O)cc1,-1.385
MGSRCZKZVOBKFT-UHFFFAOYSA-N,Cc1ccc(C(C)C)c(O)c1,-2.09
HFPZCAJZSCWRBC-UHFFFAOYSA-N,Cc1ccc(C(C)C)cc1,-3.283
RECUKUPTGUEGMW-UHFFFAOYSA-N,Cc1ccc(C(C)C)cc1O,-2.089
GWHJZXXIDMPWGX-UHFFFAOYSA-N,Cc1ccc(C)c(C)c1,-2.901
FSAWRQYDMHSDRN-UHFFFAOYSA-N,Cc1ccc(C)c2c(C)cccc12,-4.495
QXAITBQSYVNQDR-UHFFFAOYSA-N,Cc1ccc(N=CN(C)C=Nc2ccc(C)cc2C)c(C)c1,-4.236
RIGBPMDIGYBTBJ-UHFFFAOYSA-N,Cc1ccc(S(=O)(=O)NC(=O)NC2CCCCC2)cc1,-3.281
OUDSBRTVNLOZBN-UHFFFAOYSA-N,Cc1ccc(S(=O)(=O)NC(=O)NN2CCCCCC2)cc1,-3.075
LMYRWZFENFIFIT-UHFFFAOYSA-N,Cc1ccc(S(N)(=O)=O)cc1,-1.208
ZPTVNYMJQHSSEA-UHFFFAOYSA-N,Cc1ccc([N+](=O)[O-])cc1,-2.165
PPQNQXQZIWHJRB-UHFFFAOYSA-N,Cc1ccc2cc3c(ccc4ccccc43)c3c2c1CC3,-7.708
XRTJYEIMLZALBD-UHFFFAOYSA-N,Cc1ccc2nc(-c3ccc(N)cc3)sc2c1,-4.779
GPSDUZXPYCFOSQ-UHFFFAOYSA-N,Cc1cccc(C(=O)O)c1,-1.389
INWLQCZOYSRPNW-UHFFFAOYSA-N,Cc1cccc(C)c1NC(=O)C1CCCCN1C,-2.678
MTZBBNMLMNBNJL-UHFFFAOYSA-N,Cc1cccc(C)c1NC(=O)c1cc(S(N)(=O)=O)c(Cl)cc1O,-3.474
HYYBABOKPJLUIN-UHFFFAOYSA-N,Cc1cccc(Nc2ccccc2C(=O)O)c1C,-3.825
FDLFMPKQBNPIER-UHFFFAOYSA-N,Cc1cccc(Oc2cccc(C)c2)c1,-4.542
QZYHIOPPLUPUJF-UHFFFAOYSA-N,Cc1cccc([N+](=O)[O-])c1,-2.165
SDDBCEWUYXVGCQ-UHFFFAOYSA-N,Cc1cccc2c(C)cccc12,-3.94
GKEUODMJRFDLJY-UHFFFAOYSA-N,Cc1cccc2c1Cc1ccccc1-2,-4.801
ZWLPBLYKEWSWPD-UHFFFAOYSA-N,Cc1ccccc1C(=O)O,-1.297
AQCHWTWZEMGIFD-UHFFFAOYSA-N,Cc1ccccc1N1C(=O)c2cc(S(N)(=O)=O)c(Cl)cc2NC1C,-3.725
YCMLQMDWSXFTIF-UHFFFAOYSA-N,Cc1ccccc1S(N)(=O)=O,-1.145
PLAZTCDQAHEYBI-UHFFFAOYSA-N,Cc1ccccc1[N+](=O)[O-],-2.118
QPPBRPIAZZHUNT-UHFFFAOYSA-N,Cc1ccnc(NS(=O)(=O)c2ccc(N)cc2)n1,-2.987
JIVLDFFWTQYGSR-UHFFFAOYSA-N,Cc1ccnc2c1ccc1c(C)ccnc12,-3.518
QENGPZGAWFQWCZ-UHFFFAOYSA-N,Cc1ccsc1,-1.281
DZQVFHSCSRACSX-UHFFFAOYSA-N,Cc1cnc(NS(=O)(=O)c2ccc(N)cc2)nc1,-2.996
ZLAQATDNGLKIEV-UHFFFAOYSA-N,Cc1cnc(S)nc1O,-1.102
KOCYTWBTXZOUFS-UHFFFAOYSA-N,Cc1cnc2cncnc2n1,-0.974
YFGYUFNIOHWBOB-UHFFFAOYSA-N,Cc1nc(N(C)C)nc(OC(=O)N(C)C)c1C,-1.689
CYFLXLSBHQBMFT-UHFFFAOYSA-N,Cc1nc(NS(=O)(=O)c2ccc(N)cc2)oc1C,-2.965
LDZYRENCLPUXAX-UHFFFAOYSA-N,Cc1nc2ccccc2[nH]1,-1.619
VAOCPAMSLUNLGC-UHFFFAOYSA-N,Cc1ncc([N+](=O)[O-])n1CCO,-1.056
VACCAVUAMIDAGB-UHFFFAOYSA-N,Cc1nnc(NS(=O)(=O)c2ccc(N)cc2)s1,-2.864
JOFWLTCLBGQGBO-UHFFFAOYSA-N,Cc1nnc2n1-c1ccc(Cl)cc1C(c1ccccc1Cl)=NC2,-6.782
NHUHCSRWZMLRLA-UHFFFAOYSA-N,Cc1noc(NS(=O)(=O)c2ccc(N)cc2)c1C,-2.984
JFSPBVWPKOEZCB-UHFFFAOYSA-N,Cc1occc1C(=O)Nc1ccccc1,-2.842
UCNVFOCBFJOQAL-UHFFFAOYSA-N,ClC(Cl)=C(c1ccc(Cl)cc1)c1ccc(Cl)cc1,-7.067
ZDYJWDIWLRZXDB-UHFFFAOYSA-N,ClC(Cl)=C(c1ccc(Cl)cc1)c1ccccc1Cl,-7.035
WVFBDVFCOCLEFM-UHFFFAOYSA-N,ClC(Cl)=CC(Cl)=C(Cl)Cl,-3.682
FMWLUWPQPKEARP-UHFFFAOYSA-N,ClC(Cl)Br,-0.791
VUNCWTMEJYMOOR-UHFFFAOYSA-N,ClC1=C(Cl)C(Cl)(Cl)C(Cl)=C1Cl,-5.017
BIWJNBZANLAXMG-UHFFFAOYSA-N,ClC1=C(Cl)C2(Cl)C3C(Cl)C(Cl)CC3C1(Cl)C2(Cl)Cl,-6.943
FRCCEHPWNOQAEU-UHFFFAOYSA-N,ClC1=C(Cl)C2(Cl)C3C(Cl)C=CC3C1(Cl)C2(Cl)Cl,-6.569
QBYJBZPUGVGKQQ-UHFFFAOYSA-N,ClC1=C(Cl)C2(Cl)C3C4C=CC(C4)C3C1(Cl)C2(Cl)Cl,-6.884
ZXFXBSWRVIQKOD-UHFFFAOYSA-N,ClC1=C(Cl)C2(Cl)C3C4OC4C(Cl)C3C1(Cl)C2(Cl)Cl,-5.851
XCJXQCUJXDUNDN-UHFFFAOYSA-N,ClC1=C(Cl)C2(Cl)C3CC=CC3C1(Cl)C2(Cl)Cl,-6.201
ONXPZLFXDMAPRO-UHFFFAOYSA-N,Clc1c(Cl)c(Cl)c(-c2c(Cl)c(Cl)c(Cl)c(Cl)c2Cl)c(Cl)c1Cl,-10.273
GGMPTLAAIUQMIE-UHFFFAOYSA-N,Clc1c(Cl)c(Cl)c(-c2ccccc2)c(Cl)c1Cl,-7.831
JFIMDKGRGPNPRQ-UHFFFAOYSA-N,Clc1cc(-c2c(Cl)c(Cl)c(Cl)c(Cl)c2Cl)c(Cl)c(Cl)c1Cl,-10.074
DTMRKGRREZAYAP-UHFFFAOYSA-N,Clc1cc(-c2cc(Cl)c(Cl)c(Cl)c2Cl)c(Cl)c(Cl)c1Cl,-9.793
HLQDGCWIOSOMDP-UHFFFAOYSA-N,Clc1cc(-c2ccccc2)c(Cl)c(Cl)c1Cl,-6.999
KQBFUDNJKCZEDQ-UHFFFAOYSA-N,Clc1cc(Cl)c(-c2c(Cl)cc(Cl)c(Cl)c2Cl)cc1Cl,-9.391
ICOAEPDGFWLUTI-UHFFFAOYSA-N,Clc1cc(Cl)c(-c2c(Cl)cc(Cl)cc2Cl)c(Cl)c1,-8.818
MTCPZNVSDFCBBE-UHFFFAOYSA-N,Clc1cc(Cl)c(-c2c(Cl)cccc2Cl)c(Cl)c1,-7.941
MVWHGTYKUMDIHL-UHFFFAOYSA-N,Clc1cc(Cl)c(-c2cc(Cl)c(Cl)cc2Cl)cc1Cl,-8.832
RPUMZMSNLZHIGZ-UHFFFAOYSA-N,Clc1cc(Cl)c(-c2ccc(Cl)c(Cl)c2Cl)cc1Cl,-8.75
MTLMVEWEYZFYTH-UHFFFAOYSA-N,Clc1cc(Cl)c(-c2ccccc2)c(Cl)c1,-6.098
VGVIKVCCUATMNG-UHFFFAOYSA-N,Clc1cc(Cl)c(-c2ccccc2)cc1Cl,-6.103
XIFFTDRFWYFAPO-UHFFFAOYSA-N,Clc1cc(Cl)c(Cl)c(-c2c(Cl)c(Cl)c(Cl)c(Cl)c2Cl)c1Cl,-10.073
JPOPEORRMSDUIP-UHFFFAOYSA-N,Clc1cc(Cl)c(Cl)c(-c2c(Cl)c(Cl)cc(Cl)c2Cl)c1Cl,-9.791
QZYNWJQFTJXIRN-UHFFFAOYSA-N,Clc1cc(Cl)c(Cl)c(Cl)c1,-4.849
CEOCDNVZRAIOQZ-UHFFFAOYSA-N,Clc1cc(Cl)c(Cl)c(Cl)c1Cl,-5.859
SZYWFOPNFNROQB-UHFFFAOYSA-N,Clc1cc(Cl)c2nsnc2c1Cl,-4.456
XKEFYDZQGKAQCN-UHFFFAOYSA-N,Clc1cc(Cl)cc(Cl)c1,-3.852
TZMHVHLTPWKZCI-UHFFFAOYSA-N,Clc1ccc(-c2c(Cl)cc(Cl)c(Cl)c2Cl)c(Cl)c1Cl,-9.303
ZQUPQXINXTWCQR-UHFFFAOYSA-N,Clc1ccc(-c2c(Cl)cc(Cl)c(Cl)c2Cl)cc1Cl,-8.744
LCXMEXLGMKFLQO-UHFFFAOYSA-N,Clc1ccc(-c2cc(Cl)c(Cl)c(Cl)c2Cl)cc1Cl,-8.745
IUTPYMGCWINGEY-UHFFFAOYSA-N,Clc1ccc(-c2cc(Cl)c(Cl)cc2Cl)cc1Cl,-8.015
ZWPVHELAQPIZHO-UHFFFAOYSA-N,Clc1ccc(-c2cc(Cl)ccc2Cl)c(Cl)c1,-7.084
VAHKBZSAUKPEOV-UHFFFAOYSA-N,Clc1ccc(-c2cc(Cl)ccc2Cl)cc1,-6.12
RKLLTEAEZIJBAU-UHFFFAOYSA-N,Clc1ccc(-c2ccc(Cl)c(Cl)c2)c(Cl)c1,-7.085
BTAGRXWGMYTPBY-UHFFFAOYSA-N,Clc1ccc(-c2ccc(Cl)c(Cl)c2Cl)c(Cl)c1Cl,-8.673
YTBRNEUEFCNVHC-UHFFFAOYSA-N,Clc1ccc(-c2ccc(Cl)cc2)cc1,-5.187
QORAVNMWUNPXAO-UHFFFAOYSA-N,Clc1ccc(-c2ccc(Cl)cc2Cl)c(Cl)c1,-7.085
BZTYNSQSZHARAZ-UHFFFAOYSA-N,Clc1ccc(-c2ccc(Cl)cc2Cl)cc1,-6.12
ZMHWQAHZKUPENF-UHFFFAOYSA-N,Clc1ccc(-c2cccc(Cl)c2Cl)cc1,-6.093
WEJZHZJJXPXXMU-UHFFFAOYSA-N,Clc1ccc(-c2ccccc2)c(Cl)c1,-5.188
FPWNLURCHDRMHC-UHFFFAOYSA-N,Clc1ccc(-c2ccccc2)cc1,-4.327
ZGHQUYZPMWMLBM-UHFFFAOYSA-N,Clc1ccc(-c2ccccc2)cc1Cl,-5.189
UFNIBRDIUNVOMX-UHFFFAOYSA-N,Clc1ccc(-c2ccccc2Cl)cc1,-5.181
RIMXLXBUOQMDHV-UHFFFAOYSA-N,Clc1ccc(-c2ccccc2Cl)cc1Cl,-6.099
YVGGHNCTFXOJCH-UHFFFAOYSA-N,Clc1ccc(C(c2ccc(Cl)cc2)C(Cl)(Cl)Cl)cc1,-6.979
AHJKRLASYNVKDZ-UHFFFAOYSA-N,Clc1ccc(C(c2ccc(Cl)cc2)C(Cl)Cl)cc1,-6.482
CVUGPAFCQJIYDT-UHFFFAOYSA-N,Clc1ccc(C(c2ccccc2Cl)C(Cl)(Cl)Cl)cc1,-6.945
JWBOIMRXGHLCPP-UHFFFAOYSA-N,Clc1ccc(C(c2ccccc2Cl)C(Cl)Cl)cc1,-6.458
PYZHTHZEHQHHEN-UHFFFAOYSA-N,Clc1ccc(Cl)c(-c2c(Cl)c(Cl)c(Cl)c(Cl)c2Cl)c1,-9.3
UHCLFIWDCYOTOL-UHFFFAOYSA-N,Clc1ccc(Cl)c(-c2c(Cl)c(Cl)cc(Cl)c2Cl)c1,-8.743
FZFUUSROAHKTTF-UHFFFAOYSA-N,Clc1ccc(Cl)c(-c2c(Cl)ccc(Cl)c2Cl)c1Cl,-8.671
SFTUSTXGTCCSHX-UHFFFAOYSA-N,Clc1ccc(Cl)c(-c2c(Cl)cccc2Cl)c1,-7.037
UCLKLGIYGBLTSM-UHFFFAOYSA-N,Clc1ccc(Cl)c(-c2cc(Cl)c(Cl)c(Cl)c2Cl)c1,-8.745
LAHWLEDBADHJGA-UHFFFAOYSA-N,Clc1ccc(Cl)c(-c2cc(Cl)c(Cl)cc2Cl)c1,-8.015
HCWZEPKLWVAEOV-UHFFFAOYSA-N,Clc1ccc(Cl)c(-c2cc(Cl)ccc2Cl)c1,-7.084
KENZYIHFBRWMOD-UHFFFAOYSA-N,Clc1ccc(Cl)c(-c2ccc(Cl)c(Cl)c2)c1,-7.085
OPKYDBFRKPQCBS-UHFFFAOYSA-N,Clc1ccc(Cl)c(-c2ccc(Cl)c(Cl)c2Cl)c1,-7.947
ALDJIKXAHSDLLB-UHFFFAOYSA-N,Clc1ccc(Cl)c(-c2cccc(Cl)c2Cl)c1,-7.039
LVROLHVSYNLFBE-UHFFFAOYSA-N,Clc1ccc(Cl)c(-c2ccccc2)c1Cl,-6.074
DCMURXAZTZQAFB-UHFFFAOYSA-N,Clc1ccc(Cl)c(-c2ccccc2Cl)c1,-6.098
OCJBOOLMMGQPQU-UHFFFAOYSA-N,Clc1ccc(Cl)cc1,-2.82
RVWLHPJFOKUPNM-UHFFFAOYSA-N,Clc1cccc(-c2c(Cl)c(Cl)cc(Cl)c2Cl)c1Cl,-8.666
VQQKIXKPMJTUMP-UHFFFAOYSA-N,Clc1cccc(-c2cc(Cl)c(Cl)c(Cl)c2Cl)c1Cl,-8.667
ONNCPBRWFSKDMQ-UHFFFAOYSA-N,Clc1cccc(-c2cc(Cl)ccc2Cl)c1,-6.123
AUGNBQPSMWGAJE-UHFFFAOYSA-N,Clc1cccc(-c2ccc(Cl)c(Cl)c2Cl)c1Cl,-7.891
KTXUOWUHFLBZPW-UHFFFAOYSA-N,Clc1cccc(-c2cccc(Cl)c2)c1,-5.199
VTLYHLREPCPDKX-UHFFFAOYSA-N,Clc1cccc(-c2cccc(Cl)c2Cl)c1Cl,-7.004
NMWSKOLWZZWHPL-UHFFFAOYSA-N,Clc1cccc(-c2ccccc2)c1,-4.336
DCUJJWWUNKIJPH-UHFFFAOYSA-N,Clc1cccc(C(Cl)(Cl)Cl)n1,-3.371
PXAGFNRKXSYIHU-UHFFFAOYSA-N,Clc1cccc(Cl)c1-c1c(Cl)cccc1Cl,-7.002
IYZWUWBAFUBNCH-UHFFFAOYSA-N,Clc1cccc(Cl)c1-c1ccccc1,-5.184
QGDKRLQRLFUJPP-UHFFFAOYSA-N,Clc1ccccc1-c1c(Cl)cc(Cl)c(Cl)c1Cl,-7.886
AIURIRUDHVDRFQ-UHFFFAOYSA-N,Clc1ccccc1-c1cc(Cl)c(Cl)c(Cl)c1Cl,-7.888
LAXBNTIAOJWAOP-UHFFFAOYSA-N,Clc1ccccc1-c1ccccc1,-4.349
JAYCNKDKIKZTAF-UHFFFAOYSA-N,Clc1ccccc1-c1ccccc1Cl,-5.187
QFDRTQONISXGJA-UHFFFAOYSA-N,Cn1c(=O)[nH]c2[nH]c(=O)[nH]c2c1=O,-2.231
RYYVLZVUVIJVGH-UHFFFAOYSA-N,Cn1c(=O)c2c(ncn2C)n(C)c1=O,-1.132
KSCFJBIXMNOVSH-UHFFFAOYSA-N,Cn1c(=O)c2c(ncn2CC(O)CO)n(C)c1=O,-0.958
ZFXYFBGIUFBOJW-UHFFFAOYSA-N,Cn1c(=O)c2nc[nH]c2n(C)c1=O,-1.443
LRUUNMYPIBZBQH-UHFFFAOYSA-N,Cn1c(=O)on(-c2ccc(Cl)c(Cl)c2)c1=O,-3.573
YWBVHLJPRPCRSD-UHFFFAOYSA-N,Cn1cc(-c2ccccc2)c(=O)c(-c2cccc(C(F)(F)F)c2)c1,-5.6
XBCXJKGHPABGSD-UHFFFAOYSA-N,Cn1ccc(=O)[nH]c1=O,-0.713
DVVGIUUJYPYENY-UHFFFAOYSA-N,Cn1ccccc1=O,-0.262
LXMQMMSGERCRSU-UHFFFAOYSA-N,FC(F)(F)c1cccc(C(c2ccccc2)(c2ccccc2)n2cncn2)c1,-6.269
VJOVAKSZILJDBB-UHFFFAOYSA-N,Ic1[nH]c(I)c(I)c1I,-3.251
XUCIJNAGGSZNQT-UHFFFAOYSA-N,N#CC(OC1OC(COC2OC(CO)C(O)C(O)C2O)C(O)C(O)C1O)c1ccccc1,-1.204
QGBSISYHAICWAH-UHFFFAOYSA-N,N#CN=C(N)N,-0.774
CRQQGFGUEAVUIL-UHFFFAOYSA-N,N#Cc1c(Cl)c(Cl)c(Cl)c(C#N)c1Cl,-4.797
YOYAIZYFCNQIRF-UHFFFAOYSA-N,N#Cc1c(Cl)cccc1Cl,-3.055
UPMXNNIRAGDFEH-UHFFFAOYSA-N,N#Cc1cc(Br)c(O)c(Br)c1,-2.871
NRXQIUSYPAHGNM-UHFFFAOYSA-N,N#Cc1cc(I)c(O)c(I)c1,-2.942
LUALIOATIOESLM-UHFFFAOYSA-N,N#Cc1ccc2c(c1)N(CCCN1CCC(O)CC1)c1ccccc1S2,-3.85
XQZYPMVTSDWCCE-UHFFFAOYSA-N,N#Cc1ccccc1C#N,-1.797
BPMFZUMJYQTVII-UHFFFAOYSA-N,N=C(N)NCC(=O)O,0.004
BRBKOPJOKNSWSG-UHFFFAOYSA-N,N=C(N)NS(=O)(=O)c1ccc(N)cc1,-1.642
IDCPFAYURAQKDZ-UHFFFAOYSA-N,N=C(N)N[N+](=O)[O-],-0.649
DCXYFEDJOCDNAF-UHFFFAOYSA-N,NC(=O)CC(N)C(=O)O,0.184
ZDXPYRJPNDTMRX-UHFFFAOYSA-N,NC(=O)CCC(N)C(=O)O,0.197
PUJDIJCNWFYVJX-UHFFFAOYSA-N,NC(=O)OCc1ccccc1,-1.303
SKZKKFZAGNVIMN-UHFFFAOYSA-N,NC(=O)c1ccccc1O,-1.245
QIVBCDIJIAJPQS-UHFFFAOYSA-N,NC(Cc1c[nH]c2ccccc12)C(=O)O,-1.625
HNDVDQJCIGZPNO-UHFFFAOYSA-N,NC(Cc1c[nH]cn1)C(=O)O,-0.374
NYPYHUZRZVSYKL-UHFFFAOYSA-N,NC(Cc1cc(I)c(O)c(I)c1)C(=O)O,-1.964
AUYYCJSJGJYCDS-UHFFFAOYSA-N,NC(Cc1cc(I)c(Oc2ccc(O)c(I)c2)c(I)c1)C(=O)O,-4.078
WTDRDQBEARUVNC-UHFFFAOYSA-N,NC(Cc1ccc(O)c(O)c1)C(=O)O,-1.193
OUYCCCASQSFEME-UHFFFAOYSA-N,NC(Cc1ccc(O)cc1)C(=O)O,-1.081
LKCWBDHBTVXHDL-UHFFFAOYSA-N,NCCC(O)C(=O)NC1CC(N)C(OC2OC(CN)C(O)C(O)C2O)C(O)C1OC1OC(CO)C(O)C(N)C1O,-0.498
GUOSQNAUYHMCRU-UHFFFAOYSA-N,NCCCCCCCCCCC(=O)O,-1.896
WGQKYBSKWIADBV-UHFFFAOYSA-N,NCc1ccccc1,-0.021
MOCKWYUCPREFCZ-UHFFFAOYSA-N,NNC(=O)Nc1ccccc1,-1.119
QRXWMOHMRWLFEY-UHFFFAOYSA-N,NNC(=O)c1ccncc1,-0.784
HKOOXMFOFWEVGF-UHFFFAOYSA-N,NNc1ccccc1,-0.101
ZZUFCTLCJUWOSV-UHFFFAOYSA-N,NS(=O)(=O)c1cc(C(=O)O)c(NCc2ccco2)cc1Cl,-2.818
HDWIHXWEUNVBIY-UHFFFAOYSA-N,NS(=O)(=O)c1cc2c(cc1C(F)(F)F)NC(Cc1ccccc1)NS2(=O)=O,-3.565
JBMKAUGHUNFTOL-UHFFFAOYSA-N,NS(=O)(=O)c1cc2c(cc1Cl)N=CNS2(=O)=O,-2.642
LMJSLTNSBFUCMU-UHFFFAOYSA-N,NS(=O)(=O)c1cc2c(cc1Cl)NC(C(Cl)Cl)NS2(=O)=O,-2.827
JZUFKLXOESDKRF-UHFFFAOYSA-N,NS(=O)(=O)c1cc2c(cc1Cl)NCNS2(=O)=O,-2.318
KHBQMWCZKVMBLN-UHFFFAOYSA-N,NS(=O)(=O)c1ccccc1,-0.979
NQQVFXUMIDALNH-UHFFFAOYSA-N,Nc1c(Cl)c(Cl)nc(C(=O)O)c1Cl,-2.566
HSSBORCLYSCBJR-UHFFFAOYSA-N,Nc1cc(Cl)cc(C(=O)O)c1Cl,-2.584
KIVUHCNVDWYUNP-UHFFFAOYSA-N,Nc1cc2c3ccccc3ccc2c2ccccc12,-5.07
OPTASPLRGRRNAP-UHFFFAOYSA-N,Nc1cc[nH]c(=O)n1,-1.192
HUWXDEQWWKGHRV-UHFFFAOYSA-N,Nc1ccc(-c2ccc(N)c(Cl)c2)cc1Cl,-3.678
HFACYLZERDEVSX-UHFFFAOYSA-N,Nc1ccc(-c2ccc(N)cc2)cc1,-2.421
ALYNCZNDIQEVRV-UHFFFAOYSA-N,Nc1ccc(C(=O)O)cc1,-1.325
PLIKAWJENQZMHA-UHFFFAOYSA-N,Nc1ccc(O)cc1,-0.547
GECHUMIMRBOMGK-UHFFFAOYSA-N,Nc1ccc(S(=O)(=O)Nc2ccccn2)cc1,-2.982
QWCJHSGMANYXCW-UHFFFAOYSA-N,Nc1ccc(S(=O)(=O)Nc2ccnn2-c2ccccc2)cc1,-3.899
YEAICDDXRUOCKJ-UHFFFAOYSA-N,Nc1ccc(S(=O)(=O)Nc2cnccn2)cc1,-2.804
SEEPANYCNGTZFQ-UHFFFAOYSA-N,Nc1ccc(S(=O)(=O)Nc2ncccn2)cc1,-2.851
JNMRHUJNCSQMMB-UHFFFAOYSA-N,Nc1ccc(S(=O)(=O)Nc2nccs2)cc1,-2.889
MQJKPEGWNLWLTK-UHFFFAOYSA-N,Nc1ccc(S(=O)(=O)c2ccc(N)cc2)cc1,-3.274
FDDDEECHVMSUSB-UHFFFAOYSA-N,Nc1ccc(S(N)(=O)=O)cc1,-1.24
TYMLOMAKGOJONV-UHFFFAOYSA-N,Nc1ccc([N+](=O)[O-])cc1,-1.923
VIUDTWATMPPKEL-UHFFFAOYSA-N,Nc1cccc(C(F)(F)F)c1,-1.86
XJCVRTZCHMZPBD-UHFFFAOYSA-N,Nc1cccc([N+](=O)[O-])c1,-1.921
RWZYAGGXGHYGMB-UHFFFAOYSA-N,Nc1ccccc1C(=O)O,-1.263
DPJCXCZTLWNFOH-UHFFFAOYSA-N,Nc1ccccc1[N+](=O)[O-],-1.882
ODNZLRLWXRXPOH-UHFFFAOYSA-N,Nc1cnn(-c2ccccc2)c(=O)c1Br,-3.376
WYKYKTKDBLFHCY-UHFFFAOYSA-N,Nc1cnn(-c2ccccc2)c(=O)c1Cl,-3.367
RAIPHJJURHTUIC-UHFFFAOYSA-N,Nc1nccs1,-0.788
GFFGJBXGBJISGV-UHFFFAOYSA-N,Nc1ncnc2[nH]cnc12,-1.705
HDZZVAMISRMYHH-UHFFFAOYSA-N,Nc1ncnc2c1ccn2C1OC(CO)C(O)C1O,-1.224
MXXWOMGUGJBKIW-UHFFFAOYSA-N,O=C(C=CC=Cc1ccc2c(c1)OCO2)N1CCCCC1,-3.316
LNEPOXFFQSENCJ-UHFFFAOYSA-N,O=C(CCCN1CCC(O)(c2ccc(Cl)cc2)CC1)c1ccc(F)cc1,-4.201
CULUWZNBISUWAS-UHFFFAOYSA-N,O=C(Cn1ccnc1[N+](=O)[O-])NCc1ccccc1,-3.023
QQQYTWIFVNKMRW-UHFFFAOYSA-N,O=C(NC(=O)c1c(F)cccc1F)Nc1ccc(Cl)cc1,-6.213
ZHDORMMHAKXTPT-UHFFFAOYSA-N,O=C(NC(=O)c1ccccc1)c1ccccc1,-3.634
WIIZWVCIJKGZOK-UHFFFAOYSA-N,O=C(NC(CO)C(O)c1ccc([N+](=O)[O-])cc1)C(Cl)Cl,-2.075
RJMUSRYZPJIFPJ-UHFFFAOYSA-N,O=C(Nc1ccc([N+](=O)[O-])cc1Cl)c1cc(Cl)ccc1O,-5.3
MCOQHIWZJUDQIC-UHFFFAOYSA-N,O=C(Nc1cccc(Cl)c1)OCC#CCCl,-4.271
GWEHVDNNLFDJLR-UHFFFAOYSA-N,O=C(Nc1ccccc1)Nc1ccccc1,-3.567
LJOZMWRYMKECFF-UHFFFAOYSA-N,O=C(Nc1ccccc1)c1ccccc1I,-4.718
WKEDVNSFRWHDNR-UHFFFAOYSA-N,O=C(Nc1ccccc1)c1ccccc1O,-3.275
MUBZPKHOEPUJKR-UHFFFAOYSA-N,O=C(O)C(=O)O,-0.754
JACRWUWPXAESPB-UHFFFAOYSA-N,O=C(O)C(CO)c1ccccc1,-0.831
UKXSKSHDVLQNKG-UHFFFAOYSA-N,O=C(O)C(O)(c1ccccc1)c1ccccc1,-2.268
PYHXGXCGESYPCW-UHFFFAOYSA-N,O=C(O)C(c1ccccc1)c1ccccc1,-2.767
GXEKYRXVRROBEV-UHFFFAOYSA-N,O=C(O)C1C2CCC(O2)C1C(=O)O,-0.558
NZNMSOFKMUBTKW-UHFFFAOYSA-N,O=C(O)C1CCCCC1,-0.611
LOIYMIARKYCTBW-UHFFFAOYSA-N,O=C(O)C=Cc1c[nH]cn1,-0.587
WBYWAXJHAXSJNI-UHFFFAOYSA-N,O=C(O)C=Cc1ccccc1,-1.314
KRKNYBCHXYNGOX-UHFFFAOYSA-N,O=C(O)CC(O)(CC(=O)O)C(=O)O,-0.202
KDYFGRWQOYBRFD-UHFFFAOYSA-N,O=C(O)CCC(=O)O,0.305
ZPAKPRAICRBAOD-UHFFFAOYSA-N,O=C(O)CCC(=O)c1ccc(-c2ccccc2)cc1,-3.503
JFCQEDHGNNZCLN-UHFFFAOYSA-N,O=C(O)CCCC(=O)O,0.105
WNLRTRBMVRJNCN-UHFFFAOYSA-N,O=C(O)CCCCC(=O)O,-0.181
BDJRBEYXGGNYIS-UHFFFAOYSA-N,O=C(O)CCCCCCCC(=O)O,-1.218
YIVXMZJTEQBPQO-UHFFFAOYSA-N,O=C(O)CCCOc1ccc(Cl)cc1Cl,-3.273
KMRNTNDWADEIIX-UHFFFAOYSA-N,O=C(O)CCI,0.185
XMIIGOLPHOKFCH-UHFFFAOYSA-N,O=C(O)CCc1ccccc1,-1.281
FOCAUTSVDIKZOP-UHFFFAOYSA-N,O=C(O)CCl,0.673
QIAFMBKCNZACKA-UHFFFAOYSA-N,O=C(O)CNC(=O)c1ccccc1,-1.364
SMYMJHWAQXWPDB-UHFFFAOYSA-N,O=C(O)COc1cc(Cl)c(Cl)cc1Cl,-3.434
SODPIMGUZLOIPE-UHFFFAOYSA-N,O=C(O)COc1ccc(Cl)cc1,-2.164
OVSKIKFHRZPJSS-UHFFFAOYSA-N,O=C(O)COc1ccc(Cl)cc1Cl,-2.812
LCPDWSOZIOUXRV-UHFFFAOYSA-N,O=C(O)COc1ccccc1,-1.232
OPQYFNRLWBWCST-UHFFFAOYSA-N,O=C(O)COc1ccccc1Cl,-2.107
QZXCCPZJCKEPSA-UHFFFAOYSA-N,O=C(O)Cc1c(Cl)ccc(Cl)c1Cl,-3.199
SEOVTRFCIGRIMH-UHFFFAOYSA-N,O=C(O)Cc1c[nH]c2ccccc12,-1.987
PRPINYUDVPFIRX-UHFFFAOYSA-N,O=C(O)Cc1cccc2ccccc12,-2.575
WLJVXDMOQOGPHL-UHFFFAOYSA-N,O=C(O)Cc1ccccc1,-1.009
HYJSGOXICXYZGS-UHFFFAOYSA-N,O=C(O)Cn1c(=O)sc2cccc(Cl)c21,-2.789
PXQPEWDEAKTCGB-UHFFFAOYSA-N,O=C(O)c1cc(=O)[nH]c(=O)[nH]1,-2.015
DHZVWQPHNWDCFS-UHFFFAOYSA-N,O=C(O)c1cc(I)cc(I)c1O,-2.469
LNTHITQWFMADLM-UHFFFAOYSA-N,O=C(O)c1cc(O)c(O)c(O)c1,-1.734
XRHGYUZYPHTUJZ-UHFFFAOYSA-N,O=C(O)c1ccc(Cl)cc1,-1.882
FJKROLUGYXJWQN-UHFFFAOYSA-N,O=C(O)c1ccc(O)cc1,-1.271
OTLNPYWUJOZPPA-UHFFFAOYSA-N,O=C(O)c1ccc([N+](=O)[O-])cc1,-2.026
LULAYUGMBFYYEX-UHFFFAOYSA-N,O=C(O)c1cccc(Cl)c1,-1.884
KVBWBCRPWVKFQT-UHFFFAOYSA-N,O=C(O)c1cccc(I)c1,-1.895
AFPHTEQTJZKQAQ-UHFFFAOYSA-N,O=C(O)c1cccc([N+](=O)[O-])c1,-2.026
WPYMKLBDIGXBTP-UHFFFAOYSA-N,O=C(O)c1ccccc1,-0.921
GWZCCUDJHOGOSO-UHFFFAOYSA-N,O=C(O)c1ccccc1-c1ccccc1C(=O)O,-3.274
XNGIFLGASWRNHJ-UHFFFAOYSA-N,O=C(O)c1ccccc1C(=O)O,-1.576
FBRJYBGLCHWYOE-UHFFFAOYSA-N,O=C(O)c1ccccc1C(F)(F)F,-2.141
IKCLCGXPQILATA-UHFFFAOYSA-N,O=C(O)c1ccccc1Cl,-1.823
CJNZAXGUTKBIHP-UHFFFAOYSA-N,O=C(O)c1ccccc1I,-1.84
LPEPZBJOKDYZAD-UHFFFAOYSA-N,O=C(O)c1ccccc1Nc1cccc(C(F)(F)F)c1,-4.344
YGSDEFSMJLZEOE-UHFFFAOYSA-N,O=C(O)c1ccccc1O,-1.211
PVNIIMVLHYAWGP-UHFFFAOYSA-N,O=C(O)c1cccnc1,-0.776
JZFPYUNJRRFVQU-UHFFFAOYSA-N,O=C(O)c1cccnc1Nc1cccc(C(F)(F)F)c1,-3.927
SMNDYUVBFMFKNZ-UHFFFAOYSA-N,O=C(O)c1ccco1,-0.59
YNVOMSDITJMNET-UHFFFAOYSA-N,O=C(O)c1ccsc1,-1.019
ZQBAKBUEJOMQEX-UHFFFAOYSA-N,O=C(Oc1ccccc1)c1ccccc1O,-3.61
ISAOCJYIOMOJEB-UHFFFAOYSA-N,O=C(c1ccccc1)C(O)c1ccccc1,-2.37
RWCCWEUUXYIKHB-UHFFFAOYSA-N,O=C(c1ccccc1)c1ccccc1,-3.069
ZIEWAMOXCOLNSJ-UHFFFAOYSA-N,O=C1C(Cl)=C(NC(=O)C(Cl)Cl)C(=O)c2ccccc21,-5.051
JHRWWRDRBPCWTF-UHFFFAOYSA-N,O=C1C2CC=CCC2C(=O)N1SC(Cl)(Cl)C(Cl)Cl,-4.217
HLUCICHZHWJHLL-UHFFFAOYSA-N,O=C1C=C2CC3(O)COc4c(ccc(O)c4O)C3=C2C=C1O,-3.282
KKIYXTAGNVTYLV-UHFFFAOYSA-N,O=C1C=CC(O)(c2cc(O)ccc2O)C=C1,-2.212
SBHXYTNGIZCORC-UHFFFAOYSA-N,O=C1CC(c2ccc(O)c(O)c2)Oc2cc(O)cc(O)c21,-3.839
QMGVPVSNSZLJIA-UHFFFAOYSA-N,O=C1CC2OCC=C3CN4CCC56c7ccccc7N1C5C2C3CC46,-3.326
NXFQHRVNIOXGAQ-UHFFFAOYSA-N,O=C1CN(N=Cc2ccc([N+](=O)[O-])o2)C(=O)N1,-2.965
KJONHKAYOJNZEC-UHFFFAOYSA-N,O=C1CN=C(c2ccccc2)c2cc([N+](=O)[O-])ccc2N1,-5.448
HIMXGTXNXJYFGB-UHFFFAOYSA-N,O=C1NC(=O)C(=O)C(=O)N1,-2.215
ZFLIKDUSUDBGCD-UHFFFAOYSA-N,O=C1NC(=O)C(=O)N1,-2.073
IWDDXZKCDHOOSF-UHFFFAOYSA-N,O=C1NC(=O)C(O)(C2(O)C(=O)NC(=O)NC2=O)C(=O)N1,-2.116
ABICJYZKIYUWEE-UHFFFAOYSA-N,O=C1NC(=O)C([N+](=O)[O-])C(=O)N1,-1.753
CXOFVDLJLONNDW-UHFFFAOYSA-N,O=C1NC(=O)C(c2ccccc2)(c2ccccc2)N1,-3.896
XKJCHHZQLQNZHY-UHFFFAOYSA-N,O=C1NC(=O)c2ccccc21,-2.072
RDXLYGJSWZYTFJ-UHFFFAOYSA-N,O=C1NCCN1c1ncc([N+](=O)[O-])s1,-2.53
CVHZOJJKTDOEJC-UHFFFAOYSA-N,O=C1NS(=O)(=O)c2ccccc21,-2.255
DIWRORZWFLOCLC-UHFFFAOYSA-N,O=C1Nc2ccc(Cl)cc2C(c2ccccc2Cl)=NC1O,-4.809
LGRFSURHDFAFJT-UHFFFAOYSA-N,O=C1OC(=O)c2ccccc21,-1.996
KJFMBFZCATUALV-UHFFFAOYSA-N,O=C1OC(c2ccc(O)cc2)(c2ccc(O)cc2)c2ccccc21,-5.795
RGCKGOZRHPZPFP-UHFFFAOYSA-N,O=C1c2ccccc2C(=O)c2c1ccc(O)c2O,-4.149
RZVHIXYEVGDQDX-UHFFFAOYSA-N,O=C1c2ccccc2C(=O)c2ccccc21,-4.073
RROQIUMZODEXOR-UHFFFAOYSA-N,O=CNC(N1CCN(C(NC=O)C(Cl)(Cl)Cl)CC1)C(Cl)(Cl)Cl,-1.408
RGHHSNMVTDWUBI-UHFFFAOYSA-N,O=Cc1ccc(O)cc1,-1.075
SATCULPHIDQDRE-UHFFFAOYSA-N,O=Cc1ccc2c(c1)OCO2,-1.558
SMQUZDBALVYZAC-UHFFFAOYSA-N,O=Cc1ccccc1O,-0.951
HYBBIBNJHNGZAN-UHFFFAOYSA-N,O=Cc1ccco1,0.012
UBUCNCOMADRQHX-UHFFFAOYSA-N,O=NN(c1ccccc1)c1ccccc1,-3.181
LUYAMNYBNTVQJG-UHFFFAOYSA-N,O=S(=O)(CCCl)CCCl,-1.369
MOYKHGMNXAOIAT-UHFFFAOYSA-N,O=[N+]([O-])OC1COC2C(O[N+](=O)[O-])COC12,-1.805
SNIOPGDIGTZGOP-UHFFFAOYSA-N,O=[N+]([O-])OCC(CO[N+](=O)[O-])O[N+](=O)[O-],-1.828
LKPLKUMXSAEKID-UHFFFAOYSA-N,O=[N+]([O-])c1c(Cl)c(Cl)c(Cl)c(Cl)c1Cl,-4.913
PTBKFATYSVLSSD-UHFFFAOYSA-N,O=[N+]([O-])c1ccc(C=NO)o1,-1.758
BTJIUGUIPKRLHP-UHFFFAOYSA-N,O=[N+]([O-])c1ccc(O)cc1,-1.828
XITQUSLLOSKDTB-UHFFFAOYSA-N,O=[N+]([O-])c1ccc(Oc2ccc(Cl)cc2Cl)cc1,-6.18
RTZZCYNQPHTPPL-UHFFFAOYSA-N,O=[N+]([O-])c1cccc(O)c1,-1.827
RJKGJBPXVHTNJL-UHFFFAOYSA-N,O=[N+]([O-])c1cccc2ccccc12,-3.451
LQNUZADURLCDLV-UHFFFAOYSA-N,O=[N+]([O-])c1ccccc1,-1.725
IQUPABOKLQSFBK-UHFFFAOYSA-N,O=[N+]([O-])c1ccccc1O,-1.784
GHASVSINZRGABV-UHFFFAOYSA-N,O=c1[nH]cc(F)c(=O)[nH]1,-1.699
FDGQSTZJBFJUBT-UHFFFAOYSA-N,O=c1[nH]cnc2nc[nH]c12,-2.13
YXOLAZRVSSWPPT-UHFFFAOYSA-N,O=c1c(O)c(-c2ccc(O)cc2O)oc2cc(O)cc(O)c12,-4.326
ISAKRJDGNUQOIC-UHFFFAOYSA-N,O=c1cc[nH]c(=O)[nH]1,-1.251
ZEMGGZBWXRYJHK-UHFFFAOYSA-N,O=c1cc[nH]c(=S)[nH]1,-1.839
LISFMEBWQUVKPJ-UHFFFAOYSA-N,O=c1ccc2ccccc2[nH]1,-2.364
ZYGHJZDHTFUPRJ-UHFFFAOYSA-N,O=c1ccc2ccccc2o1,-2.243
ANJTVLIZGCUXLD-UHFFFAOYSA-N,O=c1cccc2n1CC1CNCC2C1,-1.3
DNCYBUMDUBHIJZ-UHFFFAOYSA-N,O=c1ccnc[nH]1,-0.484
HTTLBYITFHMYFK-UHFFFAOYSA-N,O=c1oc(-c2ccccc2)nc2ccccc12,-4.191
GBGXVCNOKWAMIP-UHFFFAOYSA-N,OC(Cc1ccccc1)c1ccccc1,-2.149
JWUCHKBSVLQQCO-UHFFFAOYSA-N,OC(Cn1cncn1)(c1ccc(F)cc1)c1ccccc1F,-3.303
NHOWDZOIZKMVAI-UHFFFAOYSA-N,OC(c1ccc(Cl)cc1)(c1cncnc1)c1ccccc1Cl,-4.146
IHPDTPWNFBQHEB-UHFFFAOYSA-N,OC(c1ccccc1)C(O)c1ccccc1,-1.52
QILSFLSDHQAZET-UHFFFAOYSA-N,OC(c1ccccc1)c1ccccc1,-1.899
YQWCIPIEEBVRNY-UHFFFAOYSA-N,OC1C=CC2C1C1(Cl)C(Cl)=C(Cl)C2(Cl)C1(Cl)Cl,-4.163
AKRGPMZFCFDFQW-UHFFFAOYSA-N,OC1CCN2C1=Nc1ccccc1C2O,-1.396
OJYGBLRPYBAHRT-UHFFFAOYSA-N,OCC(O)C1OC2OC(C(Cl)(Cl)Cl)OC2C1O,-0.755
LKDRXBCSQODPBY-UHFFFAOYSA-N,OCC1(O)OCC(O)C(O)C1O,0.275
UGQMRVRMYYASKQ-UHFFFAOYSA-N,OCC1OC(n2cnc3c(O)ncnc32)C(O)C1O,-1.198
PLDUPXSUYLZYBN-UHFFFAOYSA-N,OCCN1CCN(CCCN2c3ccccc3Sc3ccc(C(F)(F)F)cc32)CC1,-3.299
RGCVKNLCSQQDEP-UHFFFAOYSA-N,OCCN1CCN(CCCN2c3ccccc3Sc3ccc(Cl)cc32)CC1,-3.094
NGFMICBWJRZIBI-UHFFFAOYSA-N,OCc1ccccc1OC1OC(CO)C(O)C(O)C1O,-0.754
AUKRYONWZHRJRE-UHFFFAOYSA-N,Oc1c2ccccc2cc2ccccc12,-3.477
XEFQLINVKFYRCS-UHFFFAOYSA-N,Oc1cc(Cl)ccc1Oc1ccc(Cl)cc1Cl,-5.529
YXVFYQXJAXKLAK-UHFFFAOYSA-N,Oc1ccc(-c2ccccc2)cc1,-2.48
MDNWOSOZYLHTCG-UHFFFAOYSA-N,Oc1ccc(Cl)cc1Cc1cc(Cl)ccc1O,-3.936
UMKXSOXZAXIOPJ-UHFFFAOYSA-N,Oc1ccc2c(c1)CCCC2,-2.078
HORNXRXVQWOLPJ-UHFFFAOYSA-N,Oc1cccc(Cl)c1,-1.274
BOKGTLAJQHTOKE-UHFFFAOYSA-N,Oc1cccc2c(O)cccc12,-1.955
GYESAYHWISMZOK-UHFFFAOYSA-N,Oc1cccc2ncccc12,-1.661
ISWSIDIOOBJBQZ-UHFFFAOYSA-N,Oc1ccccc1,-0.125
LLEMOWNGBBNAJR-UHFFFAOYSA-N,Oc1ccccc1-c1ccccc1,-2.438
UBQKCCHYAOITMY-UHFFFAOYSA-N,Oc1ccccn1,-0.105
GCNTZFIIOFTKIY-UHFFFAOYSA-N,Oc1ccncc1,0.024
OFCNXPDARWKPPY-UHFFFAOYSA-N,Oc1ncnc2[nH]ncc12,-1.41
GTLUQRDIJWHQGF-UHFFFAOYSA-N,S=c1[nH]cnc2nccnc12,-2.752
NJPMKYVXPKVRHL-UHFFFAOYSA-N,S=c1cnc2cncnc2[nH]1,-2.833
DAAQPMSPBHQGQA-UHFFFAOYSA-N,S=c1ncc2nccnc2[nH]1,-2.825
YXIWHUQXZSMYRE-UHFFFAOYSA-N,Sc1nc2ccccc2s1,-2.525
NOMHBBFEJSVGSC-UHFFFAOYSA-N,[O-][S+](CCCl)CCCl,-1.127
MWVTWFVJZLCBMC-UHFFFAOYSA-N,c1cc(-c2ccncc2)ccn1,-1.288
MBAIEZXRGAOPKH-UHFFFAOYSA-N,c1cc2c3c(ccc4c3c1CCC4)CCC2,-6.016
CWRYPZZKDGJXCA-UHFFFAOYSA-N,c1cc2c3c(cccc3c1)CC2,-4.02
CSHWQDPOILHKBI-UHFFFAOYSA-N,c1cc2cccc3c4cccc5cccc(c(c1)c23)c54,-7.352
KAESVJOAVNADME-UHFFFAOYSA-N,c1cc[nH]c1,1.056
XJKSTNDFUHDPQJ-UHFFFAOYSA-N,c1ccc(-c2ccc(-c3ccccc3)cc2)cc1,-5.83
ZUOUZKKEUPVFJK-UHFFFAOYSA-N,c1ccc(-c2ccccc2)cc1,-3.541
ROFVEXUMMXZLPA-UHFFFAOYSA-N,c1ccc(-c2ccccn2)nc1,-1.648
AWMVMTVKBNGEAK-UHFFFAOYSA-N,c1ccc(C2CO2)cc1,-1.064
QWUWMCYKGHVNAV-UHFFFAOYSA-N,c1ccc(CCc2ccccc2)cc1,-4.404
REYFJDPCWQRWAA-UHFFFAOYSA-N,c1ccc(CN(CC2=NCCN2)c2ccccc2)cc1,-3.005
CZZYITDELCSZES-UHFFFAOYSA-N,c1ccc(Cc2ccccc2)cc1,-3.912
DMLAVOWQYNRWNQ-UHFFFAOYSA-N,c1ccc(N=Nc2ccccc2)cc1,-3.513
YBQZXXMEJHZYMB-UHFFFAOYSA-N,c1ccc(NNc2ccccc2)cc1,-2.433
DMBHHRLKUKUOEG-UHFFFAOYSA-N,c1ccc(Nc2ccccc2)cc1,-3.038
USIUVYZYUHIAEV-UHFFFAOYSA-N,c1ccc(Oc2ccccc2)cc1,-3.664
SIKJAQJRHWYJAI-UHFFFAOYSA-N,c1ccc2[nH]ccc2c1,-0.968
BAXOFTOLAUCFNW-UHFFFAOYSA-N,c1ccc2[nH]ncc2c1,-0.999
QRUDEWIWKLJBPS-UHFFFAOYSA-N,c1ccc2[nH]nnc2c1,-1.028
FTOVXSOBNPWTSH-UHFFFAOYSA-N,c1ccc2c(c1)-c1cccc3c1c-2cc1ccccc13,-7.347
GVEPBJHOBDJJJI-UHFFFAOYSA-N,c1ccc2c(c1)-c1cccc3cccc-2c13,-5.797
PQNFLJBBNBOBRQ-UHFFFAOYSA-N,c1ccc2c(c1)CCC2,-2.856
LPAGFVYQRIESJQ-UHFFFAOYSA-N,c1ccc2c(c1)CCN2,-1.039
HKMTVMBEALTRRR-UHFFFAOYSA-N,c1ccc2c(c1)Cc1c-2ccc2ccccc12,-6.002
HAPOJKSPCGLOOD-UHFFFAOYSA-N,c1ccc2c(c1)Cc1cc3ccccc3cc1-2,-6.026
NIHNNTQXNPWCJQ-UHFFFAOYSA-N,c1ccc2c(c1)Cc1ccccc1-2,-4.268
NFBOHOGPQUYFRF-UHFFFAOYSA-N,c1ccc2c(c1)Oc1ccccc1O2,-3.723
UJOBWOGCFQCDNV-UHFFFAOYSA-N,c1ccc2c(c1)[nH]c1ccccc12,-3.252
TXVHTIQJNYSSKO-UHFFFAOYSA-N,c1ccc2c(c1)c1cccc3ccc4cccc2c4c31,-7.35
SLGBZMMZGDRARJ-UHFFFAOYSA-N,c1ccc2c(c1)c1ccccc1c1ccccc21,-6.357
FMMWHPNWAFZXNH-UHFFFAOYSA-N,c1ccc2c(c1)cc1ccc3cccc4ccc2c1c34,-7.407
IUILSTHMSGDSHQ-UHFFFAOYSA-N,c1ccc2c(c1)ccc1c3ccc4ccccc4c3[nH]c21,-6.546
WDECIBYCCFPHNR-UHFFFAOYSA-N,c1ccc2c(c1)ccc1c3ccccc3ccc21,-6.37
LHRCREOYAASXPZ-UHFFFAOYSA-N,c1ccc2c(c1)ccc1cc3c(ccc4ccccc43)cc12,-7.728
YNPNZTXNASCQKK-UHFFFAOYSA-N,c1ccc2c(c1)ccc1ccccc12,-4.613
HCAUQPZEWLULFJ-UHFFFAOYSA-N,c1ccc2c(c1)ccc1ncccc12,-3.392
RDOWQLZANAYVLL-UHFFFAOYSA-N,c1ccc2c(c1)cnc1ccccc12,-3.447
TXCDCPKCNAJMEE-UHFFFAOYSA-N,c1ccc2c(c1)oc1ccccc12,-3.433
IYYZUPMFVPLQIF-UHFFFAOYSA-N,c1ccc2c(c1)sc1ccccc12,-4.54
KHNYNFUTFKJLDD-UHFFFAOYSA-N,c1ccc2c3c(ccc2c1)-c1cccc2cccc-3c12,-7.349
HAXBIWFMXWRORI-UHFFFAOYSA-N,c1ccc2cc3c(cc2c1)-c1cccc2cccc-3c12,-7.406
IFLREYGFSNHWGE-UHFFFAOYSA-N,c1ccc2cc3cc4ccccc4cc3cc2c1,-6.42
WPTCSQBWLUUYDV-UHFFFAOYSA-N,c1ccc2nc(-c3ccc4ccccc4n3)ccc2c1,-5.663
BCMCBBGGLRIHSE-UHFFFAOYSA-N,c1ccc2ocnc2c1,-1.002
IOJUPLGTWVMSFF-UHFFFAOYSA-N,c1ccc2scnc2c1,-1.911
JUJWROOIHBZHMG-UHFFFAOYSA-N,c1ccncc1,0.578
YLQBMQCUIZJEEH-UHFFFAOYSA-N,c1ccoc1,0.815
YTPLMLYBLZKORZ-UHFFFAOYSA-N,c1ccsc1,-1.017
OZKOMUDCMCEDTM-UHFFFAOYSA-N,c1cnc2c(c1)ccc1ncccc12,-2.75
CPNGPNLZQNNVQM-UHFFFAOYSA-N,c1cnc2ncncc2n1,-0.732
