smiles,logS,weight,inchikey
C#CC(C)N(C)C(=O)Nc1ccc(Cl)cc1,-3.9,1.0,BYYMILHAKOURNM-UHFFFAOYSA-N
C#CC1(O)CCC2C3CCC4=CC(=O)CCC4(C)C3CCC21C,-5.66,1.0,CHNXZKVNWQUJIB-UHFFFAOYSA-N
C#CC1(O)CCC2C3CCC4=CC(=O)CCC4C3CCC21C,-4.57,1.0,VIKNJXKGJWUCNN-UHFFFAOYSA-N
C#CC1(O)CCC2C3CCc4cc(O)ccc4C3CCC21C,-4.3,1.0,BFPYWIDHMRZLRN-UHFFFAOYSA-N
C#CC1(OC(C)=O)CCC2C3CCC4=CC(=O)CCC4C3CCC21C,-4.79,1.0,IMONTRJLAWHYGT-UHFFFAOYSA-N
C#CCCC,-1.64,1.0,IBXNCJKFFQIKKY-UHFFFAOYSA-N
C#CCCCC,-2.36,1.0,CGHIBGNXEGJPQZ-UHFFFAOYSA-N
C#CCCCCC,-3.01,1.0,YVXHZKKCZYLQOP-UHFFFAOYSA-N
C#CCCCCCC,-3.66,1.0,UMIPWJGWASORKV-UHFFFAOYSA-N
C#CCCCCCCC,-4.24,1.0,OSSQSXOTMIGBCF-UHFFFAOYSA-N
C1=CC=CCC=C1,-2.15,1.0,CHVJITGCYZJHLR-UHFFFAOYSA-N
C1=CCC=CC1,-1.97,1.0,UVJHQYIOXKWHFD-UHFFFAOYSA-N
C1=CCCC1,-2.1,1.0,LPIQUOYDBNQMRZ-UHFFFAOYSA-N
C1=CCCCC1,-2.59,1.0,HGCIXCUEYOPUTN-UHFFFAOYSA-N
C1=Cc2cccc3cccc1c23,-3.96,1.0,HXGDTGSAIMULJN-UHFFFAOYSA-N
C1CCN2CC3CC(CN4CCCCC34)C2C1,-1.89,1.0,SLRCCWJSBJZJBV-UHFFFAOYSA-N
C1CCNC1,1.15,1.0,RWRDLPDLKQPQOW-UHFFFAOYSA-N
C1CCOC1,0.56,1.0,WYURNTSHIVDZCO-UHFFFAOYSA-N
C=C(C(=O)O)c1ccccc1,-2.06,1.0,ONPJWQSDZCGSQM-UHFFFAOYSA-N
C=C(C)C(=O)O,0.01,1.0,CERQOIWHTDAKMF-UHFFFAOYSA-N
C=C(C)C(=O)OC,-0.8,1.0,VVQNEPGJFQJSBK-UHFFFAOYSA-N
C=C(C)C1CC=C(C)C(=O)C1,-2.06,1.0,ULDHMXUKGWMISQ-UHFFFAOYSA-N
C=C(C)C1CC=C(C)CC1,-4.0,1.0,XMGQYMWWDOXHJM-UHFFFAOYSA-N
C=C(C)C1CCC(C)C(=O)C1,-2.18,1.0,AZOCECCLWFDTAP-UHFFFAOYSA-N
C=C(C)C1Cc2c(ccc3c2OC2COc4cc(OC)c(OC)cc4C2C3=O)O1,-4.42,1.0,JUVIOZPCNVVQFO-UHFFFAOYSA-N
C=C(Cl)CSC(=S)N(CC)CC,-3.39,1.0,XJCLWVXTCRQIDI-UHFFFAOYSA-N
C=C(Cl)Cl,-1.64,1.0,LGXVIGDEPROXKC-UHFFFAOYSA-N
C=C1CC23CC1(O)CCC2C12C=CC(O)C(C)(C(=O)O1)C2C3C(=O)O,-1.84,1.0,IXORZMNAPKEEDV-UHFFFAOYSA-N
C=CC(=C)C,-2.03,1.0,RRHGJUQNOFWUDK-UHFFFAOYSA-N
C=CC(=O)CCC,-0.83,1.0,JTHNLKXLWOXOQK-UHFFFAOYSA-N
C=CC(=O)OC,-0.22,1.0,BAPJBEWLBFYGME-UHFFFAOYSA-N
C=CC(=O)OCC,-0.74,1.0,JIGUQPWFLRLWPJ-UHFFFAOYSA-N
C=CC(=O)OCC(C)C,-1.21,1.0,CFVWNXQPGQOHRJ-UHFFFAOYSA-N
C=CC(C)(O)CCC=C(C)C,-1.99,1.0,CDOSHBSSFJOMGT-UHFFFAOYSA-N
C=CC(N)=O,0.96,1.0,HRPVXLWXLXDGHG-UHFFFAOYSA-N
C=CC1CN2CCC1CC2C(O)c1ccnc2ccc(OC)cc12,-3.37,0.5,LOUPRKONTZGTKE-UHFFFAOYSA-N
C=CC1CN2CCC1CC2C(O)c1ccnc2ccc(OC)cc12,-2.76,0.5,LOUPRKONTZGTKE-UHFFFAOYSA-N
C=CC1CN2CCC1CC2C(O)c1ccnc2ccccc12,-3.09,0.5,KMPWYEUPVWOPIM-UHFFFAOYSA-N
C=CC1CN2CCC1CC2C(O)c1ccnc2ccccc12,-3.07,0.5,KMPWYEUPVWOPIM-UHFFFAOYSA-N
C=CCBr,-1.5,1.0,BHELZAPQIKSEDF-UHFFFAOYSA-N
C=CCC(C)C,-3.24,1.0,WSSSPWUEQFSQQG-UHFFFAOYSA-N
C=CCC1(C(C)C)C(=O)NC(=O)NC1=O,-1.71,1.0,UORJNBVJVRLXMQ-UHFFFAOYSA-N
C=CCC1(C(C)CCC)C(=O)NC(=S)NC1=O,-3.46,1.0,XLOMZPUITCYLMJ-UHFFFAOYSA-N
C=CCC1(c2ccccc2)C(=O)NC(=O)NC1=O,-2.18,1.0,WOIGZSBYKGQJGL-UHFFFAOYSA-N
C=CCCC,-2.68,1.0,YWAKXRMUMFPDSH-UHFFFAOYSA-N
C=CCCCC,-3.23,1.0,LIKMAJRDDDTEIG-UHFFFAOYSA-N
C=CCCCCCC,-4.44,1.0,KWKAKUADMBZCLK-UHFFFAOYSA-N
C=CCCCCCCC,-5.05,1.0,JRZJOMJEPLMPRA-UHFFFAOYSA-N
C=CCCCCCCCCC(=O)O,-3.4,1.0,FRPZMMHWLSIFAZ-UHFFFAOYSA-N
C=CCCl,-1.36,1.0,OSDWBNJEKMUWAV-UHFFFAOYSA-N
C=CCN(CC=C)C(=O)C(Cl)Cl,-1.62,1.0,YRMLFORXOOIJDR-UHFFFAOYSA-N
C=CCS[S+]([O-])CC=C,-0.83,1.0,JDLKFOPOAOFWQN-UHFFFAOYSA-N
C=CCc1ccc(O)c(OC)c1,-1.56,1.0,RRAFCDWBNXTKKO-UHFFFAOYSA-N
C=CCc1ccc(OC)cc1,-2.92,1.0,ZFMSMUAANRJZFM-UHFFFAOYSA-N
C=COCC,-0.85,1.0,FJKIXWOMBXYWOQ-UHFFFAOYSA-N
CC(=O)C1(C)CCC2C3C=C(C)C4=CC(=O)CCC4(C)C3CCC21C,-5.27,1.0,HCFSGRMEEXUOSS-UHFFFAOYSA-N
CC(=O)C1(O)CCC2C3CC(C)C4=CC(=O)C=CC4(C)C3(F)C(O)CC21C,-4.1,1.0,FAOZLTXFLGPHNG-UHFFFAOYSA-N
CC(=O)C1(O)CCC2C3CCC4=CC(=O)CCC4(C)C3CCC21C,-4.71,1.0,DBPWSSGDRRHUNT-UHFFFAOYSA-N
CC(=O)C1CCC2C3CC=C4CC(O)CCC4(C)C3CCC12C,-4.65,1.0,ORNBQBCIOKFOEO-UHFFFAOYSA-N
CC(=O)CC(=O)C(C)(C)C,-1.63,1.0,LCLCVVVHIPPHCG-UHFFFAOYSA-N
CC(=O)CC(=O)CC(C)C,-1.6,1.0,IGMOYJSFRIASIE-UHFFFAOYSA-N
CC(=O)CC(C)C,-1.42,1.0,NTIZESTWPVYFNL-UHFFFAOYSA-N
CC(=O)CCC(C)C,-1.33,1.0,FFWSICBKRCICMR-UHFFFAOYSA-N
CC(=O)CCC1C(=O)N(c2ccccc2)N(c2ccccc2)C1=O,-3.27,1.0,LGYTZKPVOAIUKX-UHFFFAOYSA-N
CC(=O)N(C)C,1.11,1.0,FXHOOIRPVKKKFG-UHFFFAOYSA-N
CC(=O)N(C)c1ccccc1,-0.95,1.0,LMTGCJANOQOGPI-UHFFFAOYSA-N
CC(=O)N(c1onc(C)c1C)S(=O)(=O)c1ccc(N)cc1,-3.59,1.0,JFNWFXVFBDDWCX-UHFFFAOYSA-N
CC(=O)N=c1sc(S(N)(=O)=O)nn1C,-1.83,1.0,FLOSMHQXBMRNHR-UHFFFAOYSA-N
CC(=O)NC(N)=O,-0.9,1.0,GKRZNOGGALENQJ-UHFFFAOYSA-N
CC(=O)NS(=O)(=O)c1ccc(N)cc1,-1.23,1.0,SKIVFJLNDNKQPD-UHFFFAOYSA-N
CC(=O)Nc1cc(NS(=O)(=O)C(F)(F)F)c(C)cc1C,-3.24,1.0,OKIBNKKYNPBDRS-UHFFFAOYSA-N
CC(=O)Nc1ccc(Br)cc1,-3.08,1.0,MSLICLMCQYQNPK-UHFFFAOYSA-N
CC(=O)Nc1ccc(C=O)cc1,-1.58,1.0,SKLUWKYNZNXSLX-UHFFFAOYSA-N
CC(=O)Nc1ccc(Cl)cc1,-2.84,1.0,GGUOCFNAWIODMF-UHFFFAOYSA-N
CC(=O)Nc1ccc(F)cc1,-1.78,1.0,JHEFOJNPLXSWNZ-UHFFFAOYSA-N
CC(=O)Nc1ccc(I)cc1,-3.25,1.0,SIULLDWIXYYVCU-UHFFFAOYSA-N
CC(=O)Nc1ccc(N)cc1,-0.98,1.0,CHMBIJAOCISYEW-UHFFFAOYSA-N
CC(=O)Nc1ccc(S(N)(=O)=O)cc1,-1.61,1.0,PKOFBDHYTMYVGJ-UHFFFAOYSA-N
CC(=O)Nc1ccc([N+](=O)[O-])cc1,-2.69,1.0,NQRLPDFELNCFHW-UHFFFAOYSA-N
CC(=O)Nc1ccccc1,-1.33,1.0,FZERHIULMFGESH-UHFFFAOYSA-N
CC(=O)Nc1ccccc1O,-2.24,1.0,ADVGKWPZRIDURE-UHFFFAOYSA-N
CC(=O)Nc1ccccc1[N+](=O)[O-],-1.91,1.0,BUNFNRVLMKHKIT-UHFFFAOYSA-N
CC(=O)Nc1nnc(S(N)(=O)=O)s1,-2.36,1.0,BZKPWHYZMXOIDC-UHFFFAOYSA-N
CC(=O)O,1.22,1.0,QTBSBXVTEAMEQO-UHFFFAOYSA-N
CC(=O)OC(C)C,-0.55,1.0,JMMWKPVZQRWMSS-UHFFFAOYSA-N
CC(=O)OC1(C(=O)CO)C(C)CC2C3CCC4=CC(=O)C=CC4(C)C3(F)C(O)CC21C,-4.9,1.0,FPVRUILUEYSIMD-UHFFFAOYSA-N
CC(=O)OC1(C(C)=O)CCC2C3C=C(C)C4=CC(=O)CCC4(C)C3CCC21C,-5.35,1.0,RQZAXGRLVPAYTJ-UHFFFAOYSA-N
CC(=O)OC1(C(C)=O)CCC2C3C=C(Cl)C4=CC(=O)C=CC4(C)C3CCC21C,-4.95,1.0,CGBCCZZJVKUAMX-UHFFFAOYSA-N
CC(=O)OC1CCC2(C)C(=CCC3C4CCC(=O)C4(C)CCC32)C1,-4.46,1.0,NCMZQTLCXHGLOK-UHFFFAOYSA-N
CC(=O)OC1CCCCC1,-1.67,1.0,YYLLIJHXUHJATK-UHFFFAOYSA-N
CC(=O)OCC(=O)C1(O)C(OC(C)=O)CC2C3CCC4=CC(=O)C=CC4(C)C3(F)C(O)CC21C,-4.13,1.0,XGMPVBXKDAHORN-UHFFFAOYSA-N
CC(=O)OCC(=O)C1(O)CCC2C3CCC4=CC(=O)C=CC4(C)C3C(O)CC21C,-4.37,1.0,LRJOMUJRLNCICJ-UHFFFAOYSA-N
CC(=O)OCC(=O)C1(O)CCC2C3CCC4=CC(=O)CCC4(C)C3C(=O)CC21C,-4.0,1.0,ITRJWOMZKQRYTA-UHFFFAOYSA-N
CC(=O)OCC(=O)C1(O)CCC2C3CCC4=CC(=O)CCC4(C)C3C(O)CC21C,-4.3,1.0,ALEXXDVDDISNDU-UHFFFAOYSA-N
CC(=O)OCCC(C)C,-1.92,1.0,MLFHJEHSLIIPHL-UHFFFAOYSA-N
CC(=O)OCCN1CCN(CCCN2c3ccccc3Sc3ccc(Cl)cc32)CC1,-4.7,1.0,AIUHRQHVWSUTGJ-UHFFFAOYSA-N
CC(=O)Oc1c(C(C)(C)C)cc([N+](=O)[O-])c(C)c1[N+](=O)[O-],-4.47,1.0,LWULXYSYLOIDQY-UHFFFAOYSA-N
CC(=O)Oc1ccccc1C(=O)O,-1.61,1.0,BSYNRYMUTXBXSQ-UHFFFAOYSA-N
CC(=O)SC1CC2=CC(=O)CCC2(C)C2CCC3(C)C(CCC34CCC(=O)O4)C12,-4.28,1.0,LXMSZDCAJNLERA-UHFFFAOYSA-N
CC(=O)c1ccc(S(=O)(=O)NC(=O)NC2CCCCC2)cc1,-2.06,1.0,VGZSUPCWNCWDAN-UHFFFAOYSA-N
CC(=O)c1cccc(N)c1,-1.28,1.0,CKQHAYFOPRIUOM-UHFFFAOYSA-N
CC(C(=O)O)c1ccc(-c2ccccc2)c(F)c1,-4.49,1.0,SYTBZMRGLBWNTM-UHFFFAOYSA-N
CC(C(=O)O)c1cccc(C(=O)c2ccccc2)c1,-3.7,1.0,DKYWVDODHFEZIM-UHFFFAOYSA-N
CC(C)(C(=O)O)C(C)(CC(=O)O)C(=O)O,-0.29,1.0,MJCJFUJXVGIUOD-UHFFFAOYSA-N
CC(C)(C)C(=O)C(Oc1ccc(Cl)cc1)n1cncn1,-3.61,1.0,WURBVZBTWMNKQT-UHFFFAOYSA-N
CC(C)(C)C(=O)OCC(=O)C1(O)CCC2C3CCC4=CC(=O)C=CC4(C)C3C(O)CC21C,-4.58,1.0,PHEOVVDXTQVHAZ-UHFFFAOYSA-N
CC(C)(C)CC(=O)OCC(=O)C1(O)CCC2C3CCC4=CC(=O)CCC4(C)C3C(O)CC21C,-5.51,1.0,FNFPHNZQOKBKHN-UHFFFAOYSA-N
CC(C)(C)COC(N)=O,-0.8,1.0,AFQYFVWMIRMBAE-UHFFFAOYSA-N
CC(C)(C)c1nnc(NS(=O)(=O)c2ccc(N)cc2)s1,-3.74,1.0,DVQVBLBKEXITIK-UHFFFAOYSA-N
CC(C)(S)C(N)C(=O)O,-0.13,1.0,VVNCNSJFMMFHPL-UHFFFAOYSA-N
CC(C)(c1ccc(O)cc1)c1ccc(O)cc1,-2.82,1.0,IISBACLAFKSPIT-UHFFFAOYSA-N
CC(C)=CC1C(C(=O)OCc2cccc(Oc3ccccc3)c2)C1(C)C,-5.24,1.0,SBNFWQZLDJGRLK-UHFFFAOYSA-N
CC(C)=CCCC(C)=CC=O,-2.06,1.0,WTEVQBCEXWBHNA-UHFFFAOYSA-N
CC(C)C(=O)O,0.28,1.0,KQNPFQTWMSNSAP-UHFFFAOYSA-N
CC(C)C1=CC2=CCC3C(C)(C(=O)O)CCCC3(C)C2CC1,-3.8,1.0,RSWGJHLUYNHPMX-UHFFFAOYSA-N
CC(C)CO,0.04,1.0,ZXEKIIBDNHEJCQ-UHFFFAOYSA-N
CC(C)Cc1ccc(C(C)C(=O)NO)cc1,-3.04,1.0,BYPIURIATSUHDW-UHFFFAOYSA-N
CC(C)Cc1ccc(C(C)C(=O)O)cc1,-3.99,1.0,HEFNNWSXXWATRW-UHFFFAOYSA-N
CC(C)N(C(=O)SCC(Cl)=C(Cl)Cl)C(C)C,-4.88,1.0,MWBPRDONLNQCFV-UHFFFAOYSA-N
CC(C)N(C(=O)SCC(Cl)=CCl)C(C)C,-4.08,1.0,SPANOECCGNXGNR-UHFFFAOYSA-N
CC(C)N1C(=O)c2ccccc2NS1(=O)=O,-2.68,1.0,ZOMSMJKLGFBRBS-UHFFFAOYSA-N
CC(C)Nc1nc(Cl)nc(NC(C)C)n1,-4.43,1.0,WJNRPILHGGKWCK-UHFFFAOYSA-N
CC(C)OC(=O)C(O)(c1ccc(Br)cc1)c1ccc(Br)cc1,-4.93,1.0,FOANIXZHAMJWOI-UHFFFAOYSA-N
CC(C)OC(=O)C(O)(c1ccc(Cl)cc1)c1ccc(Cl)cc1,-4.53,1.0,AXGUBXVWZBFQGA-UHFFFAOYSA-N
CC(C)OP(=S)(OC(C)C)SCCNS(=O)(=O)c1ccccc1,-4.2,1.0,RRNIZKPFKNDSRS-UHFFFAOYSA-N
CC(C)Oc1cc(-n2nc(C(C)(C)C)oc2=O)c(Cl)cc1Cl,-5.69,1.0,CHNUNORXWHYHNE-UHFFFAOYSA-N
CC(C)[N+](=O)[O-],-0.62,1.0,FGLBSLMDCBOPQK-UHFFFAOYSA-N
CC(C)c1ccc(NC(=O)N(C)C)cc1,-3.54,1.0,PUIYMUZLKQOUOZ-UHFFFAOYSA-N
CC(CCC(=O)NCC(=O)O)C1CCC2C3C(O)CC4CC(O)CCC4(C)C3CC(O)C12C,-5.15,1.0,RFDAIACWWDREDC-UHFFFAOYSA-N
CC(CCC(=O)O)C1CCC2C3C(O)CC4CC(O)CCC4(C)C3CC(O)C12C,-3.37,1.0,BHQCQFFYRZLCQQ-UHFFFAOYSA-N
CC(CCC(=O)O)C1CCC2C3C(O)CC4CC(O)CCC4(C)C3CCC12C,-4.29,0.5,RUDATBOHQWOJDD-UHFFFAOYSA-N
CC(CCC(=O)O)C1CCC2C3C(O)CC4CC(O)CCC4(C)C3CCC12C,-3.64,0.5,RUDATBOHQWOJDD-UHFFFAOYSA-N
CC(CCC(=O)O)C1CCC2C3CC(O)C4CC(O)CCC4(C)C3CC(O)C12C,-4.35,1.0,GCAHOAMXTYBLNZ-UHFFFAOYSA-N
CC(CCC(=O)O)C1CCC2C3CCC4CC(O)CCC4(C)C3CC(O)C12C,-3.95,1.0,KXGVEGMKQFWNSR-UHFFFAOYSA-N
CC(CN1c2ccccc2Sc2ccccc21)N(C)C,-4.26,1.0,PWWVAXIEGOYWEE-UHFFFAOYSA-N
CC(Cl)C(C)(C)Cl,-2.69,1.0,TXTORVZCRUFBBO-UHFFFAOYSA-N
CC(N)CC(=O)O,1.08,1.0,OQEBBZSWEGYTPG-UHFFFAOYSA-N
CC(O)C(N)C(=O)O,-0.09,1.0,AYFVYJQAPQTCCC-UHFFFAOYSA-N
CC(Oc1ccc(Cl)cc1Cl)C(=O)O,-2.45,1.0,MZHCENGPTKEIGP-UHFFFAOYSA-N
CC(Oc1ccccc1Cl)C(=O)O,-2.22,1.0,ZGWNXHRVUJVMCP-UHFFFAOYSA-N
CC1(C(=O)O)CCC(C(=O)O)C1(C)C,-1.42,1.0,LSPHULWDVZXLIL-UHFFFAOYSA-N
CC1(C)C(=O)N(Cl)C(=O)N1Cl,-2.6,1.0,KEQGZUUPPQEDPF-UHFFFAOYSA-N
CC1(C)C(C=C(Cl)Cl)C1C(=O)OCc1cccc(Oc2ccccc2)c1,-6.29,1.0,RLLPVAHGXHCWKJ-UHFFFAOYSA-N
CC1(C)OC2CC3C4CCC5=CC(=O)C=CC5(C)C4(F)C(O)CC3(C)C2(C(=O)CO)O1,-4.32,1.0,YNDXUCZADRHECN-UHFFFAOYSA-N
CC12C=CC(=O)C=C1CCC1C2C(O)CC2(C)C1CCC2(O)C(=O)CO,-3.21,1.0,OIGNJSKKLXVSLS-UHFFFAOYSA-N
CC12C=CC(=O)C=C1CCC1C3CC(O)C(O)(C(=O)CO)C3(C)CC(O)C12F,-3.69,1.0,GFNANZIMVAIWHM-UHFFFAOYSA-N
CC12CC(=O)C3C(CCC4=CC(=O)CCC43C)C1CCC2=O,-3.48,1.0,RZRPTBIGEANTGU-UHFFFAOYSA-N
CC12CC(O)C3C(CCC4CC(O)CCC43C)C1CCC2=O,-3.59,1.0,PIXFHVWJOVNKQK-UHFFFAOYSA-N
CC12CCC(=O)C=C1CCC1C2C(=O)CC2(C)C1CCC2(O)C(=O)CO,-3.11,1.0,MFYSYFVPBJMHGN-UHFFFAOYSA-N
CC12CCC(=O)C=C1CCC1C2C(O)CC2(C)C1CCC2(O)C(=O)CO,-2.97,1.0,JYGXADMDTFJGBT-UHFFFAOYSA-N
CC12CCC(=O)C=C1CCC1C2C2CC3(C(O)O2)C(C(=O)CO)CCC13,-3.85,1.0,QUQBHBRVKLEOEI-UHFFFAOYSA-N
CC12CCC(=O)C=C1CCC1C2CCC2(C)C(C(=O)CO)CCC12,-3.75,1.0,ZESRJSPZRDMNHY-UHFFFAOYSA-N
CC12CCC(=O)C=C1CCC1C2CCC2(C)C(O)CCC12,-4.07,1.0,MUMGGOZAMZWBJJ-UHFFFAOYSA-N
CC12CCC(=O)C=C1CCC1C3CCC(O)(C(=O)CO)C3(C)CC(O)C12F,-3.43,1.0,AAXVEMMRQDVLJB-UHFFFAOYSA-N
CC12CCC(C1)C(C)(C)C2=O,-1.85,1.0,LHXDLQBQYFFVNW-UHFFFAOYSA-N
CC12CCC(CC1=O)C2(C)C,-1.99,1.0,DSSYKIVIOFKYAU-UHFFFAOYSA-N
CC12CCC3C(=CCc4cc(O)ccc43)C1CCC2=O,-5.28,1.0,WKRLQDKEXYKHJB-UHFFFAOYSA-N
CC12CCC3C(CCC4=CC(=O)CCC43C)C1CCC2=O,-3.69,1.0,AEMFNILZOJDQLW-UHFFFAOYSA-N
CC12CCC3C(CCC4CC(O)CCC43C)C1CCC2=O,-4.4,0.5,QGXBDMJGAMFCBF-UHFFFAOYSA-N
CC12CCC3C(CCC4CC(O)CCC43C)C1CCC2=O,-4.16,0.5,QGXBDMJGAMFCBF-UHFFFAOYSA-N
CC12CCC3C(CCC4CC5SC5CC43C)C1CCC2O,-5.41,1.0,OBMLHUPNRURLOK-UHFFFAOYSA-N
CC12CCC3C(CCC4CCCCC43C)C1CCC2=O,-6.7,1.0,YJDYCULVYZDESB-UHFFFAOYSA-N
CC12CCC3c4ccc(O)cc4CCC3C1CCC2=O,-3.96,1.0,DNXHEGUUPJUMQT-UHFFFAOYSA-N
CC12CCC3c4ccc(O)cc4CCC3C1CCC2O,-4.84,1.0,VOXZDWNPVJITMN-UHFFFAOYSA-N
CC12CCc3c(ccc4cc(O)ccc34)C1CCC2=O,-5.24,1.0,PDRGHUMCVRDZLQ-UHFFFAOYSA-N
CC1=C(C(=O)Nc2ccccc2)CCCO1,-2.56,1.0,YPCALTGLHFLNGA-UHFFFAOYSA-N
CC1=C(C(=O)Nc2ccccc2)S(=O)(=O)CCO1,-2.43,1.0,AMEKQAFGQBKLKX-UHFFFAOYSA-N
CC1=C(C(=O)Nc2ccccc2)SCCO1,-3.14,1.0,GYSSRZJIHXQEHQ-UHFFFAOYSA-N
CC1=C2C3OC(=O)C(C)C3CCC2(C)C=CC1=O,-3.09,1.0,XJHDMGJURBVLLE-UHFFFAOYSA-N
CC1CC(C)C(=O)C(C(O)CC2CC(=O)NC(=O)C2)C1,-1.13,1.0,YPHMISFOHDHNIV-UHFFFAOYSA-N
CC1CC2C(C(O)CC3(C)C2CCC3(O)C(=O)CO)C2(C)C=CC(=O)C=C12,-2.99,1.0,VHRSUDSXCMQTMA-UHFFFAOYSA-N
CC1CC2C3CCC4=CC(=O)C=CC4(C)C3(F)C(O)CC2(C)C1(O)C(=O)CO,-3.77,0.5,UREBDLICKHMUKA-UHFFFAOYSA-N
CC1CC2C3CCC4=CC(=O)C=CC4(C)C3(F)C(O)CC2(C)C1(O)C(=O)CO,-3.64,0.5,UREBDLICKHMUKA-UHFFFAOYSA-N
CC1CC=CC=CC=CC=CC(OC2OC(C)C(O)C(N)C2O)CC2OC(O)(CC(O)CC3OC3C=CC(=O)O1)CC(O)C2C(=O)O,-3.21,1.0,NCXMLFZGDNKEPB-UHFFFAOYSA-N
CC1CCC(C(C)C)C(=O)C1,-2.49,1.0,NFLGAXVYCFJBMK-UHFFFAOYSA-N
CC1CCC(C(C)C)C(O)C1,-2.53,1.0,NOOLISFMXDJSKH-UHFFFAOYSA-N
CC1CCC2(OC1)OC1CC3C4CC=C5CC(O)CCC5(C)C4CCC3(C)C1C2C,-7.32,1.0,WQLVFSAGQJTQCK-UHFFFAOYSA-N
CC1CCCCC1=O,-0.94,1.0,LFSAPCRASZRSKS-UHFFFAOYSA-N
CC1CCCCC1C,-4.33,0.5,KVZJLSYJROEPSQ-UHFFFAOYSA-N
CC1CCCCC1C,-4.27,0.5,KVZJLSYJROEPSQ-UHFFFAOYSA-N
CC1CCCCC1NC(=O)Nc1ccccc1,-4.11,1.0,JXVIIQLNUPXOII-UHFFFAOYSA-N
CC1c2cccc(O)c2C(=O)C2=C(O)C3(O)C(=O)C(C(N)=O)=C(O)C(N(C)C)C3C(O)C21,-2.87,1.0,JBIWCJUYHHGXTC-UHFFFAOYSA-N
CC=C(C(=CC)c1ccc(O)cc1)c1ccc(O)cc1,-4.95,1.0,NFDFQCUYFHCNBW-UHFFFAOYSA-N
CC=CC=CC(=O)O,-1.77,1.0,WSWCOQWTEOXDQX-UHFFFAOYSA-N
CC=CC=O,0.32,1.0,MLUCVPSAIODCQM-UHFFFAOYSA-N
CC=CCC,-2.54,1.0,QMMOXUPEWRXHJS-UHFFFAOYSA-N
CC=CCC#N,-0.96,1.0,UVKXJAUUKPDDNW-UHFFFAOYSA-N
CC=CCCCC,-3.82,1.0,OTTZHAVKAVGASB-UHFFFAOYSA-N
CC=Cc1ccc(OC)cc1,-3.13,1.0,RUVINXPYWBROJD-UHFFFAOYSA-N
CCC(=C(CC)c1ccc(O)cc1)c1ccc(O)cc1,-4.35,1.0,RGLYKWWBQGJZGM-UHFFFAOYSA-N
CCC(=O)N(c1ccccc1)C1(COC)CCN(CCc2cccs2)CC1,-3.71,1.0,GGCSSNBKKAUURC-UHFFFAOYSA-N
CCC(=O)Nc1ccccc1,-1.92,1.0,ZTHRQJQJODGZHV-UHFFFAOYSA-N
CCC(C)=O,0.52,1.0,ZWEHNKRNPOVVGH-UHFFFAOYSA-N
CCC(C)C(C)(C)O,-0.89,1.0,YRSIFCHKXFKNME-UHFFFAOYSA-N
CCC(C)c1cc([N+](=O)[O-])cc([N+](=O)[O-])c1O,-3.38,1.0,OWZPCEFYPSAJFR-UHFFFAOYSA-N
CCC(CC)C(=O)O,-0.81,1.0,OXQGTIUCKGYOAA-UHFFFAOYSA-N
CCC(CC)CO,-1.17,1.0,TZYRSLHNPKPEFV-UHFFFAOYSA-N
CCC(N)C(=O)O,0.31,1.0,QWCKQJZIFLGMSD-UHFFFAOYSA-N
CCC(N)Cc1c[nH]c2ccccc12,-2.57,1.0,ZXUMUPVQYAFTLF-UHFFFAOYSA-N
CCC(O)(CC)CC,-0.85,1.0,XKIRHOWVQWCYBT-UHFFFAOYSA-N
CCC(c1ccc(O)cc1)C(CC)c1ccc(O)cc1,-4.43,1.0,PBBGSZCBWVPOOL-UHFFFAOYSA-N
CCC1(C(C)C)C(=O)NC(=O)NC1=O,-2.21,1.0,HHLXJTDUHFBYAU-UHFFFAOYSA-N
CCC1(C2=CC3CCC(C2)C3)C(=O)NC(=O)NC1=O,-2.64,1.0,MKELYWOVSPVORM-UHFFFAOYSA-N
CCC1(C2=CCCCC2)C(=O)NC(=O)NC1=O,-2.17,1.0,WTYGAUXICFETTC-UHFFFAOYSA-N
CCC1(C2=CCCCCC2)C(=O)NC(=O)NC1=O,-3.0,1.0,PAZQYDJGLKSCSI-UHFFFAOYSA-N
CCC1(c2ccccc2)C(=O)NC(=O)NC1=O,-2.34,1.0,DDBREPKUVSBGFI-UHFFFAOYSA-N
CCC1(c2ccccc2)C(=O)NCNC1=O,-2.64,1.0,DQMZLTXERSFNPB-UHFFFAOYSA-N
CCC1(c2ccccc2)CCC(=O)NC1=O,-2.34,1.0,JMBQKKAJIKAWKF-UHFFFAOYSA-N
CCC1C2CC3C4N(C)c5ccccc5C45CC(C2C5O)N3C1O,-2.82,1.0,CJDRUOGAGYHKKD-UHFFFAOYSA-N
CCC1CN2CCC1CC2C(O)c1ccnc2ccccc12,-2.63,1.0,WFJNHVWTKZUUTR-UHFFFAOYSA-N
CCC1NC(=O)NC1=O,-0.06,1.0,RSBRXBZGVHQUJK-UHFFFAOYSA-N
CCC1NC(=O)c2cc(S(N)(=O)=O)c(Cl)cc2N1,-3.29,1.0,AGMMTXLNIQSRCG-UHFFFAOYSA-N
CCCC(=O)O,-0.19,1.0,FERIUCNNQQJTOY-UHFFFAOYSA-N
CCCC(C(C)=O)C(C)=O,-0.88,1.0,AQGSZYZZVTYOMQ-UHFFFAOYSA-N
CCCC(C)=O,-0.19,1.0,XNLICIUVMPYHGG-UHFFFAOYSA-N
CCCC(C)CO,-1.11,1.0,PFNHSEQQEPMLNI-UHFFFAOYSA-N
CCCC(CCC)C(=O)O,-1.86,1.0,NIJJYAXOARWZEE-UHFFFAOYSA-N
CCCC1CCCCN1,-1.5,1.0,NDNUANOUGZGEPO-UHFFFAOYSA-N
CCCCC(=O)CC(C)=O,-1.56,1.0,GJYXGIIWJFZCLN-UHFFFAOYSA-N
CCCCC(=O)OC1(C(=O)CO)C(C)CC2C3CCC4=CC(=O)C=CC4(C)C3(F)C(O)CC21C,-4.71,1.0,SNHRLVCMMWUAJD-UHFFFAOYSA-N
CCCCC(C)=O,-0.8,1.0,QQZOPKMRPOGIEB-UHFFFAOYSA-N
CCCCC1C(=O)N(c2ccccc2)N(c2ccc(O)cc2)C1=O,-3.73,1.0,HFHZKZSRXITVMK-UHFFFAOYSA-N
CCCCC1C(=O)N(c2ccccc2)N(c2ccccc2)C1=O,-3.81,1.0,VYMDGNCVAMGZFE-UHFFFAOYSA-N
CCCCCC(=O)O,-1.06,1.0,FUZZWVXGSFPDMH-UHFFFAOYSA-N
CCCCCC=O,-1.3,1.0,JARKCYVAAOWBJS-UHFFFAOYSA-N
CCCCCCCC(=O)O,-2.3,1.0,WWZKQHOCKIZLMA-UHFFFAOYSA-N
CCCCCCCCC(=O)O,-2.75,1.0,FBUKVWPVBMHYJY-UHFFFAOYSA-N
CCCCCCCCCC(=O)O,-3.44,1.0,GHVNFZFCNZKVNT-UHFFFAOYSA-N
CCCCCCCCCCC(=O)O,-3.55,1.0,ZDPHROOEEOARMN-UHFFFAOYSA-N
CCCCCCCCCCCC(=O)O,-4.62,1.0,POULHZVOKOAJMA-UHFFFAOYSA-N
CCCCCCCCCCCC(=O)OC,-4.69,1.0,UQDUPQYQJKYHQI-UHFFFAOYSA-N
CCCCCCCCCCCCCC(=O)O,-5.33,1.0,TUNFSRHWOTWDNC-UHFFFAOYSA-N
CCCCCCCCCCCCCCC(=O)O,-4.31,1.0,WQEPLUUGTLDZJY-UHFFFAOYSA-N
CCCCCCCCCCCCCCCC(=O)O,-6.81,1.0,IPCSVZSSVZVIGE-UHFFFAOYSA-N
CCCCCCCCCCCCCCCCCC(=O)O,-5.68,1.0,QIQXTHQIDYTFRH-UHFFFAOYSA-N
CCCCCCCCOC(N)=O,-3.3,1.0,YPNZTHVEMNUDND-UHFFFAOYSA-N
CCCCCCCOC(N)=O,-2.62,1.0,AXMPFOXRWZXZFA-UHFFFAOYSA-N
CCCCCCOC(N)=O,-1.92,1.0,ROASJEHPZNKHOF-UHFFFAOYSA-N
CCCCCNCCOC(=O)c1ccc(N)cc1,-3.27,1.0,UYXHCVFXDBNRQW-UHFFFAOYSA-N
CCCCCOC(N)=O,-1.47,1.0,MYDQAEQZZKVJSL-UHFFFAOYSA-N
CCCCN(CC)c1c([N+](=O)[O-])cc(C(F)(F)F)cc1[N+](=O)[O-],-5.53,1.0,SMDHCQAYESWHAE-UHFFFAOYSA-N
CCCCNC(=O)NS(=O)(=O)c1ccc(C)cc1,-3.39,1.0,JLRGJRBPOGGCBT-UHFFFAOYSA-N
CCCCNC(=O)NS(=O)(=O)c1ccc(N)cc1,-2.18,1.0,VDTNNGKXZGSZIP-UHFFFAOYSA-N
CCCCNC(=O)NS(=O)(=O)c1ccccc1,-3.05,1.0,AFOGBLYPWJJVAL-UHFFFAOYSA-N
CCCCOC(=O)c1ccccc1C(=O)OCc1ccccc1,-5.64,1.0,IRIAEXORFWYRCZ-UHFFFAOYSA-N
CCCCOc1cc(C(=O)NCCN(CC)CC)c2ccccc2n1,-3.7,1.0,PUFQVTATUTYEAL-UHFFFAOYSA-N
CCCCOc1ccc(C(=O)OCCN(CC)CC)cc1,-3.84,1.0,QNIUOGIMJWORNZ-UHFFFAOYSA-N
CCCCSP(=O)(SCCCC)SCCCC,-5.14,1.0,ZOKXUAHZSKEQSS-UHFFFAOYSA-N
CCCCc1c(C)nc(N(C)C)nc1O,-2.24,1.0,CJHXCRMKMMBYJQ-UHFFFAOYSA-N
CCCCc1c(C)nc(NCC)nc1O,-3.02,1.0,BBXXLROWFHWFQY-UHFFFAOYSA-N
CCCCc1c(C)nc(NCC)nc1OS(=O)(=O)N(C)C,-4.16,1.0,DSKJPMWIHSOYEA-UHFFFAOYSA-N
CCCN(CCC)c1c([N+](=O)[O-])cc(C(F)(F)F)cc1[N+](=O)[O-],-5.68,1.0,ZSDSQXJSNMTJDA-UHFFFAOYSA-N
CCCN(CCC)c1c([N+](=O)[O-])cc(S(N)(=O)=O)cc1[N+](=O)[O-],-5.16,1.0,UNAHYJYOSSSJHH-UHFFFAOYSA-N
CCCNC(=O)NS(=O)(=O)c1ccc(Cl)cc1,-3.03,1.0,RKWGIWYCVPQPMF-UHFFFAOYSA-N
CCCOC(C)=O,-0.72,1.0,YKYONYBAUNKHLG-UHFFFAOYSA-N
CCCOC=O,-0.49,1.0,KFNNIILCVOLYIR-UHFFFAOYSA-N
CCC[N+](=O)[O-],-0.8,1.0,JSZOAYXJRCEYSX-UHFFFAOYSA-N
CCCc1cc(=O)[nH]c(=S)[nH]1,-2.15,1.0,KNAHARQHSZJURB-UHFFFAOYSA-N
CCN(CC)CC(=O)Nc1c(C)cccc1C,-1.76,1.0,NNJVILVZKWQKPM-UHFFFAOYSA-N
CCN(CC)CCNC(=O)c1cc(Cl)c(N)cc1OC,-3.18,1.0,TTWJBBZEZQICBI-UHFFFAOYSA-N
CCN(CC)CCOC(=O)c1ccc(N)cc1,-1.4,1.0,MFDFERRIHVXMIY-UHFFFAOYSA-N
CCN(CC)c1c([N+](=O)[O-])cc(C(F)(F)F)c(N)c1[N+](=O)[O-],-5.47,1.0,OFDYMSKSGFSLLM-UHFFFAOYSA-N
CCNc1nc(Cl)nc(N(CC)CC)n1,-4.06,1.0,HFBWPRKWDIRYNX-UHFFFAOYSA-N
CCNc1nc(Cl)nc(NC(C)C)n1,-3.55,1.0,MXWJVTOOROXGIU-UHFFFAOYSA-N
CCNc1nc(Cl)nc(NCC)n1,-4.55,1.0,ODCWYMIRDDJXKW-UHFFFAOYSA-N
CCOC(=O)C(c1c(O)c2ccccc2oc1=O)c1c(O)c2ccccc2oc1=O,-3.66,1.0,JCLHQFUTFHUXNN-UHFFFAOYSA-N
CCOC(=O)C1(c2ccccc2)CCN(C)CC1,-1.89,1.0,XADCESSVHJOZHK-UHFFFAOYSA-N
CCOC(=O)C=Cc1ccccc1,-3.0,1.0,KBEBGUQPQBELIU-UHFFFAOYSA-N
CCOC(=O)CC,-0.66,1.0,FKRCODPIKNYEAC-UHFFFAOYSA-N
CCOC(=O)CC(=O)OCC,-0.82,1.0,IYXGSMUGOJNHAZ-UHFFFAOYSA-N
CCOC(=O)CC(SP(=S)(OC)OC)C(=O)OCC,-3.36,1.0,JXSJBGJIGXNWCI-UHFFFAOYSA-N
CCOC(=O)c1ccc(N)cc1,-2.32,1.0,BLFLLBZGZJTVJG-UHFFFAOYSA-N
CCOC(=O)c1ccc(O)cc1,-2.35,1.0,NUVBSKCKDOMJSU-UHFFFAOYSA-N
CCOC(=O)c1ccccc1C(=O)OCC,-2.35,1.0,FLKPEMZONWLCSK-UHFFFAOYSA-N
CCOC1Oc2ccc(OS(C)(=O)=O)cc2C1(C)C,-3.42,1.0,IRCMYGHHKLLGHV-UHFFFAOYSA-N
CCOP(=O)(OCC)OCC,0.43,1.0,DQWPFSLDHJDLRL-UHFFFAOYSA-N
CCOP(=S)(OCC)N1C(=O)c2ccccc2C1=O,-3.35,1.0,MTBZIGHNGSTDJV-UHFFFAOYSA-N
CCOP(=S)(OCC)Oc1cc(C)nc(C(C)C)n1,-3.76,1.0,FHIVAFMUCKRCQO-UHFFFAOYSA-N
CCOP(=S)(OCC)Oc1ccc([N+](=O)[O-])cc1,-4.29,1.0,LCCNCVORNKJIRZ-UHFFFAOYSA-N
CCOP(=S)(OCC)Oc1ccc([S+](C)[O-])cc1,-2.3,1.0,XDNBJTQLKCIJBV-UHFFFAOYSA-N
CCOP(=S)(OCC)Oc1ccc2c(C)c(Cl)c(=O)oc2c1,-5.38,1.0,BXNANOICGRISHX-UHFFFAOYSA-N
CCOP(=S)(OCC)Oc1nc(Cl)c(Cl)cc1Cl,-5.67,1.0,SBPBAQFWLVIOKP-UHFFFAOYSA-N
CCOP(=S)(OCC)SC(CCl)N1C(=O)c2ccccc2C1=O,-6.34,1.0,MUMQYXACQUZOFP-UHFFFAOYSA-N
CCOP(=S)(OCC)SCCSCC,-4.23,1.0,DOFZAZXDOSGAJZ-UHFFFAOYSA-N
CCOP(=S)(OCC)SCSCC,-4.11,1.0,BULVZWIRKLYCBC-UHFFFAOYSA-N
CCOP(=S)(OCC)SCSP(=S)(OCC)OCC,-5.54,1.0,RIZMRRKBZQXFOY-UHFFFAOYSA-N
CCOP(=S)(OCC)SCSc1ccc(Cl)cc1,-5.74,1.0,VEDTXTNSFWUXGQ-UHFFFAOYSA-N
CCOc1ccc(C(=O)OCCN(CC)CC)cc1,-2.71,1.0,OWWVHQUOYSPNNE-UHFFFAOYSA-N
CCOc1ccc(NC(C)=O)cc1,-2.37,1.0,CPJSUEIXXCENMM-UHFFFAOYSA-N
CCOc1ccc2nc(S(N)(=O)=O)sc2c1,-3.81,1.0,OUZWUKMCLIBBOG-UHFFFAOYSA-N
CCS(=O)(=O)CC,0.04,1.0,MBDUIEKYVPVZJH-UHFFFAOYSA-N
CCc1ccc(CC)cc1,-3.75,1.0,DSNHSQKRULAAEI-UHFFFAOYSA-N
CCc1cccc(C)c1N(C(=O)CCl)C(C)COC,-2.73,1.0,WVQBLGZPHOPPFO-UHFFFAOYSA-N
CCc1cccc(CC)c1N(COC)C(=O)CCl,-3.26,1.0,XCSGPAVHZFQHGE-UHFFFAOYSA-N
CCc1ccccc1,-2.77,1.0,YNQLUTRBYVCPMQ-UHFFFAOYSA-N
CCc1cccs1,-2.59,1.0,JCCCMAAJYSNBPR-UHFFFAOYSA-N
CCc1nnc(NS(=O)(=O)c2ccc(N)cc2)s1,-1.94,1.0,SVYBEBLNQGDRHF-UHFFFAOYSA-N
CCn1cc(C(=O)O)c(=O)c2ccc(C)nc21,-3.37,1.0,MHWLWQUZZRMNGJ-UHFFFAOYSA-N
CCn1cc(C(=O)O)c(=O)c2cnc(N3CCNCC3)nc21,-2.98,1.0,JOHZPMXAZQZXHR-UHFFFAOYSA-N
CN(C)C(=O)C(c1ccccc1)c1ccccc1,-2.98,1.0,QAHFOPIILNICLA-UHFFFAOYSA-N
CN(C)C(=O)NC1CC2CC1C1CCCC21,-3.01,1.0,YGLMVCVJLXREAK-UHFFFAOYSA-N
CN(C)C(=O)Nc1ccc(Cl)cc1,-2.89,1.0,BMLIZLVNXIYGCK-UHFFFAOYSA-N
CN(C)C(=O)Nc1cccc(C(F)(F)F)c1,-3.43,1.0,RZILCCPWPBTYDO-UHFFFAOYSA-N
CN(C)C1C(O)=C(C(=O)NCN2CCCC2)C(=O)C2(O)C(O)=C3C(=O)c4c(O)cccc4C(C)(O)C3CC12,-1.42,1.0,HMEYVGGHISAPJR-UHFFFAOYSA-N
CN(C)C1C(O)=C(C(N)=O)C(=O)C2(O)C(O)=C3C(=O)c4c(O)ccc(Cl)c4C(C)(O)C3CC12,-2.88,1.0,CYDMQBQPVICBEU-UHFFFAOYSA-N
CN(C)C1C(O)=C(C(N)=O)C(=O)C2(O)C(O)=C3C(=O)c4c(O)ccc(Cl)c4C(O)C3CC12,-2.52,1.0,FMTDIUIBLCQGJB-UHFFFAOYSA-N
CN(C)C1C(O)=C(C(N)=O)C(=O)C2(O)C(O)=C3C(=O)c4c(O)cccc4C(C)(O)C3C(O)C12,-3.14,1.0,IWVCMVBTMGNXQD-UHFFFAOYSA-N
CN(C)C1C(O)=C(C(N)=O)C(=O)C2(O)C(O)=C3C(=O)c4c(O)cccc4C(C)(O)C3CC12,-3.12,1.0,OFVLGDICTFRJMM-UHFFFAOYSA-N
CN(C)CCC=C1c2ccccc2CCc2ccccc21,-4.46,1.0,KRMDCWKBEZIMAB-UHFFFAOYSA-N
CN(C)CCC=C1c2ccccc2COc2ccccc21,-3.4,1.0,ODQWQRRAPPTVAG-UHFFFAOYSA-N
CN(C)CCCN1c2ccccc2CCc2ccccc21,-4.19,1.0,BCGWQEUPMDMJNV-UHFFFAOYSA-N
CN(C)CCCN1c2ccccc2Sc2ccc(C(F)(F)F)cc21,-5.3,1.0,XSCGXQMFQXDFCW-UHFFFAOYSA-N
CN(C)CCCN1c2ccccc2Sc2ccc(Cl)cc21,-5.01,1.0,ZPEIMTDSQAKGNT-UHFFFAOYSA-N
CN(C)CCCN1c2ccccc2Sc2ccccc21,-4.3,1.0,ZGUGWUXLJSTTMA-UHFFFAOYSA-N
CN(C)CCN(Cc1ccccc1)c1ccccn1,-2.64,1.0,UFLGIAIHIAPJJC-UHFFFAOYSA-N
CN(C)CCN(Cc1cccs1)c1ccccn1,-2.64,1.0,HNJJXZKZRAWDPF-UHFFFAOYSA-N
CN(C)NC(=O)CCC(=O)O,-0.2,1.0,NOQGZXFMHARMLW-UHFFFAOYSA-N
CN1C(=O)CN=C(c2ccccc2)c2cc(Cl)ccc21,-3.76,1.0,AAOVKJBEBIDNHE-UHFFFAOYSA-N
CN1C(=O)CN=C(c2ccccc2)c2cc([N+](=O)[O-])ccc21,-3.8,1.0,GWUSZQUVEVMBPI-UHFFFAOYSA-N
CN1C(C(=O)Nc2ccccn2)=C(O)c2ccccc2S1(=O)=O,-4.16,1.0,QYSPLQLAKJAUJT-UHFFFAOYSA-N
CN1C2CC(OC(=O)C(CO)c3ccccc3)CC1C1OC12,-0.48,1.0,STECJAGHUSJQJN-UHFFFAOYSA-N
CN1C2CCC1C(C(=O)O)C(O)C2,-0.02,1.0,PHMBVCPLDPDESM-UHFFFAOYSA-N
CN1C2CCC1CC(OC(=O)C(CO)c1ccccc1)C2,-2.12,0.5,RKUNBYITZUJHSG-UHFFFAOYSA-N
CN1C2CCC1CC(OC(=O)C(CO)c1ccccc1)C2,-1.91,0.5,RKUNBYITZUJHSG-UHFFFAOYSA-N
CN1CCC23c4c5ccc(O)c4OC2C(O)C=CC3C1C5,-3.28,1.0,BQJCRHHNABKAKU-UHFFFAOYSA-N
CN1CCCC(CN2c3ccccc3Sc3ccccc32)C1,-4.74,1.0,CBHCDHNUZWWAPP-UHFFFAOYSA-N
CN1CCCC1c1cccnc1,0.79,1.0,SNICXCGAKADSCV-UHFFFAOYSA-N
CN1CCCCC1,0.23,1.0,PAMIQIKDUOTOBW-UHFFFAOYSA-N
CN1CCN(CCCN2c3ccccc3Sc3ccc(C(F)(F)F)cc32)CC1,-4.52,1.0,ZEWQUBUPAILYHI-UHFFFAOYSA-N
CN1CCN(CCCN2c3ccccc3Sc3ccc(Cl)cc32)CC1,-4.4,1.0,WIKYUJGCLQQFNW-UHFFFAOYSA-N
CN1c2ccccc2Sc2ccc(CC(=O)O)cc21,-3.94,1.0,LMINNBXUMGNKMM-UHFFFAOYSA-N
CNC(=NC#N)NCCSCc1nc[nH]c1C,-1.35,1.0,AQIXAKUUQRKLND-UHFFFAOYSA-N
CNC(=O)ON=C(CSC)C(C)(C)C,-1.62,1.0,FZSVSABTBYGOQH-UHFFFAOYSA-N
CNC(=O)ON=C1C(Cl)C2CC(C#N)C1C2,-2.08,1.0,QCQPGRMMDFIQMB-UHFFFAOYSA-N
CNC(=O)Oc1cc(C(C)(C)C)cc(C(C)(C)C)c1,-4.24,1.0,SLZWBCGZQRRUNG-UHFFFAOYSA-N
CNC(=O)Oc1ccccc1C1OCCO1,-1.57,1.0,SDKQRNRRDYRQKY-UHFFFAOYSA-N
CNC(C)C(O)c1ccccc1,-0.42,1.0,KWGRBVOPPLSCSI-UHFFFAOYSA-N
CNCCCN1c2ccccc2CCc2ccccc21,-3.66,1.0,HCYAFALTSJYZDH-UHFFFAOYSA-N
CNc1ccccc1C(=O)O,-2.88,1.0,WVMBPWMAQDVZCM-UHFFFAOYSA-N
CNc1cnn(-c2cccc(C(F)(F)F)c2)c(=O)c1Cl,-4.04,1.0,NVGOPFQZYCNLDU-UHFFFAOYSA-N
COC(=O)C1(O)c2ccccc2-c2ccc(Cl)cc21,-4.18,1.0,LINPVWIEWJTEEJ-UHFFFAOYSA-N
COC(=O)C1C(OC(=O)c2ccccc2)CC2CCC1N2C,-2.23,1.0,ZPUCINDJVBIVPJ-UHFFFAOYSA-N
COC(=O)C1C2C=CC(C2)C1C(=O)OC,-1.2,1.0,VGQLNJWOULYVFV-UHFFFAOYSA-N
COC(=O)NS(=O)(=O)c1ccc(N)cc1,-1.66,1.0,VGPYEHKOIGNJKV-UHFFFAOYSA-N
COC(=O)Nc1nc2ccc(C(=O)c3ccccc3)cc2[nH]1,-3.88,1.0,OPXLLQIJSORQAM-UHFFFAOYSA-N
COC(=O)c1ccc(OC)cc1,-2.41,1.0,DDIZAANNODHTRB-UHFFFAOYSA-N
COC(C)=O,0.52,1.0,KXKVLQRXCPHEJC-UHFFFAOYSA-N
COC1=CC(=O)CC(C)C12Oc1c(Cl)c(OC)cc(OC)c1C2=O,-4.61,1.0,DDUHZTYCFQRHIY-UHFFFAOYSA-N
COCC(=O)N(c1c(C)cccc1C)C(C)C(=O)OC,-1.6,1.0,ZQEIXNIJLIKNTD-UHFFFAOYSA-N
CON(C)C(=O)Nc1ccc(Cl)cc1,-2.57,1.0,LKJPSUCKSLORMF-UHFFFAOYSA-N
COP(=O)(OC)C(O)C(Cl)(Cl)Cl,-0.22,1.0,NFACJZMKEDPNKN-UHFFFAOYSA-N
COP(=S)(OC)Oc1cc(Cl)c(Br)cc1Cl,-6.09,1.0,NYQDCVLCJXRDSK-UHFFFAOYSA-N
COP(=S)(OC)Oc1cc(Cl)c(Cl)cc1Cl,-5.72,1.0,JHJOOSLFWRRSGU-UHFFFAOYSA-N
COP(=S)(OC)Oc1cc(Cl)c(I)cc1Cl,-6.62,1.0,LFVLUOAHQIVABZ-UHFFFAOYSA-N
COP(=S)(OC)Oc1ccc(SC)c(C)c1,-4.57,1.0,PNVJTZOFSHSLTO-UHFFFAOYSA-N
COP(=S)(OC)Oc1ccc([N+](=O)[O-])c(C)c1,-4.04,1.0,ZNOLGFHPUIJIMJ-UHFFFAOYSA-N
COP(=S)(OC)Oc1ccc([N+](=O)[O-])cc1,-3.68,1.0,RLBIQVVOMOPOHC-UHFFFAOYSA-N
COP(=S)(OC)Oc1ccc([N+](=O)[O-])cc1Cl,-4.31,1.0,OTKXWJHPGBRXCR-UHFFFAOYSA-N
COP(=S)(OC)Oc1nc(Cl)c(Cl)cc1Cl,-4.82,1.0,HRBKVYFZANMGRE-UHFFFAOYSA-N
COc1c(Cl)ccc(Cl)c1C(=O)O,-1.7,1.0,IWEDIXLBFLAXBO-UHFFFAOYSA-N
COc1c(O)c(Cl)c(Cl)c(Cl)c1Cl,-4.02,1.0,YZZVKLJKDFFSFL-UHFFFAOYSA-N
COc1c2occc2c(OC)c2c(=O)cc(C)oc12,-2.4,1.0,HSMPDPBYAYSOBC-UHFFFAOYSA-N
COc1c2occc2cc2ccc(=O)oc12,-3.66,1.0,QXKHYNVANLEOEG-UHFFFAOYSA-N
COc1cc(C(=O)O)ccc1O,-2.05,1.0,WKOLLVMJNQIZCI-UHFFFAOYSA-N
COc1cc(Cl)c(Cl)cc1O,-2.53,1.0,HAAFFTHBNFBVKY-UHFFFAOYSA-N
COc1cc(NS(=O)(=O)c2ccc(N)cc2)nc(C)n1,-2.54,1.0,QKLSCPPJEVXONT-UHFFFAOYSA-N
COc1cc(NS(=O)(=O)c2ccc(N)cc2)nc(OC)n1,-2.96,1.0,ZZORFUFYDOWNEF-UHFFFAOYSA-N
COc1cc(O)c2c(=O)c3cc(O)ccc3oc2c1,-2.93,1.0,XOXYHGOIRWABTC-UHFFFAOYSA-N
COc1cc2c(cc1OC)C13CCN4CC5=CCOC6CC(=O)N2C1C6C5CC43,-2.09,1.0,RRKTZKIUPZVBMF-UHFFFAOYSA-N
COc1ccc(C(O)(c2cncnc2)C2CC2)cc1,-2.6,1.0,HUTDUHSNJYTCAR-UHFFFAOYSA-N
COc1ccc(C(c2ccc(OC)cc2)C(Cl)(Cl)Cl)cc1,-6.89,1.0,IAKOZHOLGAGEJT-UHFFFAOYSA-N
COc1ccc(C=O)c(C(=O)O)c1OC,-1.92,1.0,HVXXOIGTXJOVON-UHFFFAOYSA-N
COc1ccc(CC2NCC(O)C2OC(C)=O)cc1,-1.61,1.0,YKJYKKNCCRKFSL-UHFFFAOYSA-N
COc1ccc(Cl)cc1C(=O)NCCc1ccc(S(=O)(=O)NC(=O)NC2CCCCC2)cc1,-5.09,1.0,ZNNLBTZKUZBEKO-UHFFFAOYSA-N
COc1ccc(NC(C)=O)cc1,-1.3,1.0,XVAIDCNLVLTVFM-UHFFFAOYSA-N
COc1ccc(NS(=O)(=O)c2ccc(N)cc2)nn1,-3.28,1.0,VLYWMPOKSSWJAL-UHFFFAOYSA-N
COc1ccc([N+](=O)[O-])cc1,-2.41,1.0,BNUHAJGCKIQFGE-UHFFFAOYSA-N
COc1ccc2c(c1)N(CC(C)CN(C)C)c1ccccc1S2,-4.22,1.0,VRQVVMDWGGWHTJ-UHFFFAOYSA-N
COc1ccc2c(c1)c(CC(=O)O)c(C)n2C(=O)C=Cc1ccccc1,-5.54,1.0,NKPPORKKCMYYTO-UHFFFAOYSA-N
COc1ccc2c(c1)c(CC(=O)O)c(C)n2C(=O)c1ccc(Cl)cc1,-4.62,1.0,CGIGDMFJXJATDK-UHFFFAOYSA-N
COc1ccc2c(c1O)C13CCN(C)C1(C=CC(=O)C3)CC2,-1.87,1.0,YFNUPHWNTLVIMV-UHFFFAOYSA-N
COc1ccc2c(c1OC)C(=O)OC2,-1.89,1.0,ORFFGRQMMWVHIB-UHFFFAOYSA-N
COc1ccc2c(c1OC)C(=O)OC2C1c2c(cc3c(c2OC)OCO3)CCN1C,-3.14,1.0,AKNNEGZIBPJZJG-UHFFFAOYSA-N
COc1ccc2c(c1OC)C(=O)OC2C1c2cc3c(cc2CCN1C)OCO3,-4.11,1.0,JZUTXVTYJDCMDU-UHFFFAOYSA-N
COc1ccc2c3c1OC1C(O)C=CC4C(C2)N(C)CCC341,-1.52,1.0,OROGSEYTTFOCAN-UHFFFAOYSA-N
COc1ccc2cc(C(C)C(=O)O)ccc2c1,-4.16,1.0,CMWTZPSULFXXJA-UHFFFAOYSA-N
COc1ccc2ccc(=O)oc2c1CC=C(C)C,-4.31,1.0,MBRLOUHOWLUMFF-UHFFFAOYSA-N
COc1ccccc1,-1.85,1.0,RDOXTESZEPMUJZ-UHFFFAOYSA-N
COc1ccccc1[N+](=O)[O-],-1.96,1.0,CFBYEGUGFPZCNF-UHFFFAOYSA-N
COc1cnc(NS(=O)(=O)c2ccc(N)cc2)nc1,-2.58,1.0,GPTONYMQFTZPKC-UHFFFAOYSA-N
COc1cnc2cncnc2n1,-0.91,1.0,NMUINCUJOZFODB-UHFFFAOYSA-N
CSCCC(N)C(=O)O,-0.42,1.0,FFEARJCKVFRZRR-UHFFFAOYSA-N
CSc1cnc2cncnc2n1,-1.55,1.0,VNPCIBFTAYHHLJ-UHFFFAOYSA-N
CSc1ncnc2nccnc12,-2.36,1.0,XKENOTHGZDIXRS-UHFFFAOYSA-N
Cc1[nH]c(=O)n(C(C)(C)C)c(=O)c1Cl,-2.48,1.0,NBQCNZYJJMBDKY-UHFFFAOYSA-N
Cc1c(N(C)C)c(=O)n(-c2ccccc2)n1C,-0.63,1.0,RMMXTBMQSGEXHJ-UHFFFAOYSA-N
Cc1c(N)c(=O)n(-c2ccccc2)n1C,-0.62,1.0,RLFWWDJHLFCNIJ-UHFFFAOYSA-N
Cc1c2ccccc2c(C)c2c1ccc1ccccc12,-7.02,1.0,ARSRBNBHOADGJU-UHFFFAOYSA-N
Cc1c2ccccc2c(C)c2ccccc12,-6.57,1.0,JTGMTYWYUZDRBK-UHFFFAOYSA-N
Cc1c2ccccc2cc2ccccc12,-5.89,1.0,CPGPAVAKSZHMBP-UHFFFAOYSA-N
Cc1c[nH]c(=O)[nH]c1=O,-1.52,1.0,RWQNBRDOKXIBIV-UHFFFAOYSA-N
Cc1cc(=O)[nH]c(=O)[nH]1,-1.26,1.0,SHVCSCWHWMSGTE-UHFFFAOYSA-N
Cc1cc(=O)[nH]c(=S)[nH]1,-2.43,1.0,HWGBHCRJGXAGEU-UHFFFAOYSA-N
Cc1cc(=O)n(-c2ccccc2)n1C,0.39,1.0,VEQOALNAAJBPNY-UHFFFAOYSA-N
Cc1cc(C)nc(NS(=O)(=O)c2ccc(N)cc2)n1,-2.27,1.0,ASWVTGNCAZCNNR-UHFFFAOYSA-N
Cc1cc(Cl)ccc1N=CN(C)C,-2.86,1.0,STUSTWKEFDQFFZ-UHFFFAOYSA-N
Cc1cc(Cl)ccc1OC(C)C(=O)O,-2.55,1.0,WNTGYJSOUMFZEP-UHFFFAOYSA-N
Cc1cc(Cl)ccc1OCC(=O)O,-2.23,1.0,WHKUVVPPKQRRBV-UHFFFAOYSA-N
Cc1cc(NS(=O)(=O)c2ccc(N)cc2)nc(C)n1,-2.24,1.0,YZMCKZRAOLZXAZ-UHFFFAOYSA-N
Cc1cc(NS(=O)(=O)c2ccc(N)cc2)no1,-2.62,1.0,JLKIGFTWXXRPMT-UHFFFAOYSA-N
Cc1cc(O)c2ccccc2n1,-1.2,1.0,NWINIEGDLHHNLH-UHFFFAOYSA-N
Cc1cc(O)cc(C)c1Cl,-2.8,1.0,OSDLLIBGSJNGJE-UHFFFAOYSA-N
Cc1cc(O)ccc1OP(=O)(Oc1cc(O)ccc1C)Oc1c(C)cccc1O,-6.7,1.0,JVHMUUUYNIPCPF-UHFFFAOYSA-N
Cc1cc(O)no1,-0.07,1.0,KGVPNLBXJKTABS-UHFFFAOYSA-N
Cc1cc(OC(=O)N(C)C)n(-c2ccccc2)n1,-2.09,1.0,GEDIWDLJKRKBFT-UHFFFAOYSA-N
Cc1cc(S(=O)(=O)c2ccccc2)ccc1NS(=O)(=O)C(F)(F)F,-3.8,1.0,WHTBVLXUSXVMEV-UHFFFAOYSA-N
Cc1cc2ccccc2cc1C,-4.72,1.0,WWGUMAYGTYQSGA-UHFFFAOYSA-N
Cc1cc2nc3c(=O)[nH]c(=O)nc-3n(CC(O)C(O)C(O)CO)c2cc1C,-3.68,1.0,AUNGANRZJHBGPY-UHFFFAOYSA-N
Cc1ccc(C(=O)O)cc1,-2.6,1.0,LPNBBFKOUUSUDB-UHFFFAOYSA-N
Cc1ccc(C(C)C)c(O)c1,-2.22,1.0,MGSRCZKZVOBKFT-UHFFFAOYSA-N
Cc1ccc(C(C)C)cc1,-3.77,1.0,HFPZCAJZSCWRBC-UHFFFAOYSA-N
Cc1ccc(C(C)C)cc1O,-2.08,1.0,RECUKUPTGUEGMW-UHFFFAOYSA-N
Cc1ccc(C)c(C)c1,-3.31,1.0,GWHJZXXIDMPWGX-UHFFFAOYSA-N
Cc1ccc(C)c2c(C)cccc12,-4.92,1.0,FSAWRQYDMHSDRN-UHFFFAOYSA-N
Cc1ccc(N=CN(C)C=Nc2ccc(C)cc2C)c(C)c1,-5.47,1.0,QXAITBQSYVNQDR-UHFFFAOYSA-N
Cc1ccc(S(=O)(=O)NC(=O)NC2CCCCC2)cc1,-4.21,1.0,RIGBPMDIGYBTBJ-UHFFFAOYSA-N
Cc1ccc(S(=O)(=O)NC(=O)NN2CCCCCC2)cc1,-3.68,1.0,OUDSBRTVNLOZBN-UHFFFAOYSA-N
Cc1ccc(S(N)(=O)=O)cc1,-1.74,1.0,LMYRWZFENFIFIT-UHFFFAOYSA-N
Cc1ccc([N+](=O)[O-])cc1,-2.49,1.0,ZPTVNYMJQHSSEA-UHFFFAOYSA-N
Cc1ccc2cc3c(ccc4ccccc43)c3c2c1CC3,-7.92,1.0,PPQNQXQZIWHJRB-UHFFFAOYSA-N
Cc1ccc2nc(-c3ccc(N)cc3)sc2c1,-3.68,1.0,XRTJYEIMLZALBD-UHFFFAOYSA-N
Cc1cccc(C(=O)O)c1,-2.14,1.0,GPSDUZXPYCFOSQ-UHFFFAOYSA-N
Cc1cccc(C)c1NC(=O)C1CCCCN1C,-1.55,1.0,INWLQCZOYSRPNW-UHFFFAOYSA-N
Cc1cccc(C)c1NC(=O)c1cc(S(N)(=O)=O)c(Cl)cc1O,-3.79,1.0,MTZBBNMLMNBNJL-UHFFFAOYSA-N
Cc1cccc(Nc2ccccc2C(=O)O)c1C,-3.78,1.0,HYYBABOKPJLUIN-UHFFFAOYSA-N
Cc1cccc(Oc2cccc(C)c2)c1,-4.85,1.0,FDLFMPKQBNPIER-UHFFFAOYSA-N
Cc1cccc([N+](=O)[O-])c1,-2.44,1.0,QZYHIOPPLUPUJF-UHFFFAOYSA-N
Cc1cccc2c(C)cccc12,-4.74,1.0,SDDBCEWUYXVGCQ-UHFFFAOYSA-N
Cc1cccc2c1Cc1ccccc1-2,-5.22,1.0,GKEUODMJRFDLJY-UHFFFAOYSA-N
Cc1ccccc1C(=O)O,-2.06,1.0,ZWLPBLYKEWSWPD-UHFFFAOYSA-N
Cc1ccccc1N1C(=O)c2cc(S(N)(=O)=O)c(Cl)cc2NC1C,-3.78,1.0,AQCHWTWZEMGIFD-UHFFFAOYSA-N
Cc1ccccc1S(N)(=O)=O,-2.02,1.0,YCMLQMDWSXFTIF-UHFFFAOYSA-N
Cc1ccccc1[N+](=O)[O-],-2.33,1.0,PLAZTCDQAHEYBI-UHFFFAOYSA-N
Cc1ccnc(NS(=O)(=O)c2ccc(N)cc2)n1,-2.85,1.0,QPPBRPIAZZHUNT-UHFFFAOYSA-N
Cc1ccnc2c1ccc1c(C)ccnc12,-3.97,1.0,JIVLDFFWTQYGSR-UHFFFAOYSA-N
Cc1ccsc1,-2.39,1.0,QENGPZGAWFQWCZ-UHFFFAOYSA-N
Cc1cnc(NS(=O)(=O)c2ccc(N)cc2)nc1,-2.82,1.0,DZQVFHSCSRACSX-UHFFFAOYSA-N
Cc1cnc(S)nc1O,-2.45,1.0,ZLAQATDNGLKIEV-UHFFFAOYSA-N
Cc1cnc2cncnc2n1,0.06,1.0,KOCYTWBTXZOUFS-UHFFFAOYSA-N
Cc1nc(N(C)C)nc(OC(=O)N(C)C)c1C,-1.95,1.0,YFGYUFNIOHWBOB-UHFFFAOYSA-N
Cc1nc(NS(=O)(=O)c2ccc(N)cc2)oc1C,-2.44,1.0,CYFLXLSBHQBMFT-UHFFFAOYSA-N
Cc1nc2ccccc2[nH]1,-1.96,1.0,LDZYRENCLPUXAX-UHFFFAOYSA-N
Cc1ncc([N+](=O)[O-])n1CCO,-1.26,1.0,VAOCPAMSLUNLGC-UHFFFAOYSA-N
Cc1nnc(NS(=O)(=O)c2ccc(N)cc2)s1,-2.41,1.0,VACCAVUAMIDAGB-UHFFFAOYSA-N
Cc1nnc2n1-c1ccc(Cl)cc1C(c1ccccc1Cl)=NC2,-4.08,1.0,JOFWLTCLBGQGBO-UHFFFAOYSA-N
Cc1noc(NS(=O)(=O)c2ccc(N)cc2)c1C,-2.91,1.0,NHUHCSRWZMLRLA-UHFFFAOYSA-N
Cc1occc1C(=O)Nc1ccccc1,-3.3,1.0,JFSPBVWPKOEZCB-UHFFFAOYSA-N
ClC(Cl)=C(c1ccc(Cl)cc1)c1ccc(Cl)cc1,-6.9,1.0,UCNVFOCBFJOQAL-UHFFFAOYSA-N
ClC(Cl)=C(c1ccc(Cl)cc1)c1ccccc1Cl,-6.36,1.0,ZDYJWDIWLRZXDB-UHFFFAOYSA-N
ClC(Cl)=CC(Cl)=C(Cl)Cl,-4.23,1.0,WVFBDVFCOCLEFM-UHFFFAOYSA-N
ClC(Cl)Br,-1.54,1.0,FMWLUWPQPKEARP-UHFFFAOYSA-N
ClC1=C(Cl)C(Cl)(Cl)C(Cl)=C1Cl,-5.18,1.0,VUNCWTMEJYMOOR-UHFFFAOYSA-N
ClC1=C(Cl)C2(Cl)C3C(Cl)C(Cl)CC3C1(Cl)C2(Cl)Cl,-6.86,1.0,BIWJNBZANLAXMG-UHFFFAOYSA-N
ClC1=C(Cl)C2(Cl)C3C(Cl)C=CC3C1(Cl)C2(Cl)Cl,-6.32,1.0,FRCCEHPWNOQAEU-UHFFFAOYSA-N
ClC1=C(Cl)C2(Cl)C3C4C=CC(C4)C3C1(Cl)C2(Cl)Cl,-7.33,1.0,QBYJBZPUGVGKQQ-UHFFFAOYSA-N
ClC1=C(Cl)C2(Cl)C3C4OC4C(Cl)C3C1(Cl)C2(Cl)Cl,-6.29,1.0,ZXFXBSWRVIQKOD-UHFFFAOYSA-N
ClC1=C(Cl)C2(Cl)C3CC=CC3C1(Cl)C2(Cl)Cl,-5.64,1.0,XCJXQCUJXDUNDN-UHFFFAOYSA-N
Clc1c(Cl)c(Cl)c(-c2c(Cl)c(Cl)c(Cl)c(Cl)c2Cl)c(Cl)c1Cl,-11.62,1.0,ONXPZLFXDMAPRO-UHFFFAOYSA-N
Clc1c(Cl)c(Cl)c(-c2ccccc2)c(Cl)c1Cl,-7.92,1.0,GGMPTLAAIUQMIE-UHFFFAOYSA-N
Clc1cc(-c2c(Cl)c(Cl)c(Cl)c(Cl)c2Cl)c(Cl)c(Cl)c1Cl,-10.26,1.0,JFIMDKGRGPNPRQ-UHFFFAOYSA-N
Clc1cc(-c2cc(Cl)c(Cl)c(Cl)c2Cl)c(Cl)c(Cl)c1Cl,-9.16,1.0,DTMRKGRREZAYAP-UHFFFAOYSA-N
Clc1cc(-c2ccccc2)c(Cl)c(Cl)c1Cl,-7.16,1.0,HLQDGCWIOSOMDP-UHFFFAOYSA-N
Clc1cc(Cl)c(-c2c(Cl)cc(Cl)c(Cl)c2Cl)cc1Cl,-7.92,1.0,KQBFUDNJKCZEDQ-UHFFFAOYSA-N
Clc1cc(Cl)c(-c2c(Cl)cc(Cl)cc2Cl)c(Cl)c1,-8.71,1.0,ICOAEPDGFWLUTI-UHFFFAOYSA-N
Clc1cc(Cl)c(-c2c(Cl)cccc2Cl)c(Cl)c1,-7.32,1.0,MTCPZNVSDFCBBE-UHFFFAOYSA-N
Clc1cc(Cl)c(-c2cc(Cl)c(Cl)cc2Cl)cc1Cl,-8.56,1.0,MVWHGTYKUMDIHL-UHFFFAOYSA-N
Clc1cc(Cl)c(-c2ccc(Cl)c(Cl)c2Cl)cc1Cl,-8.32,1.0,RPUMZMSNLZHIGZ-UHFFFAOYSA-N
Clc1cc(Cl)c(-c2ccccc2)c(Cl)c1,-6.14,1.0,MTLMVEWEYZFYTH-UHFFFAOYSA-N
Clc1cc(Cl)c(-c2ccccc2)cc1Cl,-6.27,1.0,VGVIKVCCUATMNG-UHFFFAOYSA-N
Clc1cc(Cl)c(Cl)c(-c2c(Cl)c(Cl)c(Cl)c(Cl)c2Cl)c1Cl,-10.41,1.0,XIFFTDRFWYFAPO-UHFFFAOYSA-N
Clc1cc(Cl)c(Cl)c(-c2c(Cl)c(Cl)cc(Cl)c2Cl)c1Cl,-9.15,1.0,JPOPEORRMSDUIP-UHFFFAOYSA-N
Clc1cc(Cl)c(Cl)c(Cl)c1,-4.63,1.0,QZYNWJQFTJXIRN-UHFFFAOYSA-N
Clc1cc(Cl)c(Cl)c(Cl)c1Cl,-5.65,1.0,CEOCDNVZRAIOQZ-UHFFFAOYSA-N
Clc1cc(Cl)c2nsnc2c1Cl,-4.98,1.0,SZYWFOPNFNROQB-UHFFFAOYSA-N
Clc1cc(Cl)cc(Cl)c1,-4.48,1.0,XKEFYDZQGKAQCN-UHFFFAOYSA-N
Clc1ccc(-c2c(Cl)cc(Cl)c(Cl)c2Cl)c(Cl)c1Cl,-8.3,1.0,TZMHVHLTPWKZCI-UHFFFAOYSA-N
Clc1ccc(-c2c(Cl)cc(Cl)c(Cl)c2Cl)cc1Cl,-7.66,1.0,ZQUPQXINXTWCQR-UHFFFAOYSA-N
Clc1ccc(-c2cc(Cl)c(Cl)c(Cl)c2Cl)cc1Cl,-7.82,1.0,LCXMEXLGMKFLQO-UHFFFAOYSA-N
Clc1ccc(-c2cc(Cl)c(Cl)cc2Cl)cc1Cl,-7.39,1.0,IUTPYMGCWINGEY-UHFFFAOYSA-N
Clc1ccc(-c2cc(Cl)ccc2Cl)c(Cl)c1,-6.57,1.0,ZWPVHELAQPIZHO-UHFFFAOYSA-N
Clc1ccc(-c2cc(Cl)ccc2Cl)cc1,-6.25,1.0,VAHKBZSAUKPEOV-UHFFFAOYSA-N
Clc1ccc(-c2ccc(Cl)c(Cl)c2)c(Cl)c1,-7.8,1.0,RKLLTEAEZIJBAU-UHFFFAOYSA-N
Clc1ccc(-c2ccc(Cl)c(Cl)c2Cl)c(Cl)c1Cl,-8.01,1.0,BTAGRXWGMYTPBY-UHFFFAOYSA-N
Clc1ccc(-c2ccc(Cl)cc2)cc1,-6.56,1.0,YTBRNEUEFCNVHC-UHFFFAOYSA-N
Clc1ccc(-c2ccc(Cl)cc2Cl)c(Cl)c1,-6.51,1.0,QORAVNMWUNPXAO-UHFFFAOYSA-N
Clc1ccc(-c2ccc(Cl)cc2Cl)cc1,-6.21,1.0,BZTYNSQSZHARAZ-UHFFFAOYSA-N
Clc1ccc(-c2cccc(Cl)c2Cl)cc1,-6.26,1.0,ZMHWQAHZKUPENF-UHFFFAOYSA-N
Clc1ccc(-c2ccccc2)c(Cl)c1,-5.25,1.0,WEJZHZJJXPXXMU-UHFFFAOYSA-N
Clc1ccc(-c2ccccc2)cc1,-5.2,1.0,FPWNLURCHDRMHC-UHFFFAOYSA-N
Clc1ccc(-c2ccccc2)cc1Cl,-6.39,1.0,ZGHQUYZPMWMLBM-UHFFFAOYSA-N
Clc1ccc(-c2ccccc2Cl)cc1,-5.28,1.0,UFNIBRDIUNVOMX-UHFFFAOYSA-N
Clc1ccc(-c2ccccc2Cl)cc1Cl,-6.29,1.0,RIMXLXBUOQMDHV-UHFFFAOYSA-N
Clc1ccc(C(c2ccc(Cl)cc2)C(Cl)(Cl)Cl)cc1,-8.08,1.0,YVGGHNCTFXOJCH-UHFFFAOYSA-N
Clc1ccc(C(c2ccc(Cl)cc2)C(Cl)Cl)cc1,-7.2,1.0,AHJKRLASYNVKDZ-UHFFFAOYSA-N
Clc1ccc(C(c2ccccc2Cl)C(Cl)(Cl)Cl)cc1,-6.62,1.0,CVUGPAFCQJIYDT-UHFFFAOYSA-N
Clc1ccc(C(c2ccccc2Cl)C(Cl)Cl)cc1,-6.51,1.0,JWBOIMRXGHLCPP-UHFFFAOYSA-N
Clc1ccc(Cl)c(-c2c(Cl)c(Cl)c(Cl)c(Cl)c2Cl)c1,-8.94,1.0,PYZHTHZEHQHHEN-UHFFFAOYSA-N
Clc1ccc(Cl)c(-c2c(Cl)c(Cl)cc(Cl)c2Cl)c1,-7.42,1.0,UHCLFIWDCYOTOL-UHFFFAOYSA-N
Clc1ccc(Cl)c(-c2c(Cl)ccc(Cl)c2Cl)c1Cl,-8.65,1.0,FZFUUSROAHKTTF-UHFFFAOYSA-N
Clc1ccc(Cl)c(-c2c(Cl)cccc2Cl)c1,-6.8,1.0,SFTUSTXGTCCSHX-UHFFFAOYSA-N
Clc1ccc(Cl)c(-c2cc(Cl)c(Cl)c(Cl)c2Cl)c1,-7.68,1.0,UCLKLGIYGBLTSM-UHFFFAOYSA-N
Clc1ccc(Cl)c(-c2cc(Cl)c(Cl)cc2Cl)c1,-7.89,1.0,LAHWLEDBADHJGA-UHFFFAOYSA-N
Clc1ccc(Cl)c(-c2cc(Cl)ccc2Cl)c1,-7.0,1.0,HCWZEPKLWVAEOV-UHFFFAOYSA-N
Clc1ccc(Cl)c(-c2ccc(Cl)c(Cl)c2)c1,-7.25,1.0,KENZYIHFBRWMOD-UHFFFAOYSA-N
Clc1ccc(Cl)c(-c2ccc(Cl)c(Cl)c2Cl)c1,-7.91,1.0,OPKYDBFRKPQCBS-UHFFFAOYSA-N
Clc1ccc(Cl)c(-c2cccc(Cl)c2Cl)c1,-6.47,1.0,ALDJIKXAHSDLLB-UHFFFAOYSA-N
Clc1ccc(Cl)c(-c2ccccc2)c1Cl,-6.29,1.0,LVROLHVSYNLFBE-UHFFFAOYSA-N
Clc1ccc(Cl)c(-c2ccccc2Cl)c1,-6.02,1.0,DCMURXAZTZQAFB-UHFFFAOYSA-N
Clc1ccc(Cl)cc1,-3.27,1.0,OCJBOOLMMGQPQU-UHFFFAOYSA-N
Clc1cccc(-c2c(Cl)c(Cl)cc(Cl)c2Cl)c1Cl,-8.6,1.0,RVWLHPJFOKUPNM-UHFFFAOYSA-N
Clc1cccc(-c2cc(Cl)c(Cl)c(Cl)c2Cl)c1Cl,-8.42,1.0,VQQKIXKPMJTUMP-UHFFFAOYSA-N
Clc1cccc(-c2cc(Cl)ccc2Cl)c1,-6.01,1.0,ONNCPBRWFSKDMQ-UHFFFAOYSA-N
Clc1cccc(-c2ccc(Cl)c(Cl)c2Cl)c1Cl,-7.05,1.0,AUGNBQPSMWGAJE-UHFFFAOYSA-N
Clc1cccc(-c2cccc(Cl)c2)c1,-5.8,1.0,KTXUOWUHFLBZPW-UHFFFAOYSA-N
Clc1cccc(-c2cccc(Cl)c2Cl)c1Cl,-7.28,1.0,VTLYHLREPCPDKX-UHFFFAOYSA-N
Clc1cccc(-c2ccccc2)c1,-4.88,1.0,NMWSKOLWZZWHPL-UHFFFAOYSA-N
Clc1cccc(C(Cl)(Cl)Cl)n1,-3.76,1.0,DCUJJWWUNKIJPH-UHFFFAOYSA-N
Clc1cccc(Cl)c1-c1c(Cl)cccc1Cl,-7.39,1.0,PXAGFNRKXSYIHU-UHFFFAOYSA-N
Clc1cccc(Cl)c1-c1ccccc1,-5.21,1.0,IYZWUWBAFUBNCH-UHFFFAOYSA-N
Clc1ccccc1-c1c(Cl)cc(Cl)c(Cl)c1Cl,-7.43,1.0,QGDKRLQRLFUJPP-UHFFFAOYSA-N
Clc1ccccc1-c1cc(Cl)c(Cl)c(Cl)c1Cl,-7.21,1.0,AIURIRUDHVDRFQ-UHFFFAOYSA-N
Clc1ccccc1-c1ccccc1,-4.54,1.0,LAXBNTIAOJWAOP-UHFFFAOYSA-N
Clc1ccccc1-c1ccccc1Cl,-5.27,1.0,JAYCNKDKIKZTAF-UHFFFAOYSA-N
Cn1c(=O)[nH]c2[nH]c(=O)[nH]c2c1=O,-1.56,1.0,QFDRTQONISXGJA-UHFFFAOYSA-N
Cn1c(=O)c2c(ncn2C)n(C)c1=O,-0.97,1.0,RYYVLZVUVIJVGH-UHFFFAOYSA-N
Cn1c(=O)c2c(ncn2CC(O)CO)n(C)c1=O,-0.17,1.0,KSCFJBIXMNOVSH-UHFFFAOYSA-N
Cn1c(=O)c2nc[nH]c2n(C)c1=O,-1.37,1.0,ZFXYFBGIUFBOJW-UHFFFAOYSA-N
Cn1c(=O)on(-c2ccc(Cl)c(Cl)c2)c1=O,-2.82,1.0,LRUUNMYPIBZBQH-UHFFFAOYSA-N
Cn1cc(-c2ccccc2)c(=O)c(-c2cccc(C(F)(F)F)c2)c1,-4.44,1.0,YWBVHLJPRPCRSD-UHFFFAOYSA-N
Cn1ccc(=O)[nH]c1=O,-0.8,1.0,XBCXJKGHPABGSD-UHFFFAOYSA-N
Cn1ccccc1=O,0.96,1.0,DVVGIUUJYPYENY-UHFFFAOYSA-N
FC(F)(F)c1cccc(C(c2ccccc2)(c2ccccc2)n2cncn2)c1,-8.4,1.0,LXMQMMSGERCRSU-UHFFFAOYSA-N
Ic1[nH]c(I)c(I)c1I,-3.46,1.0,VJOVAKSZILJDBB-UHFFFAOYSA-N
N#CC(OC1OC(COC2OC(CO)C(O)C(O)C2O)C(O)C(O)C1O)c1ccccc1,-0.77,1.0,XUCIJNAGGSZNQT-UHFFFAOYSA-N
N#CN=C(N)N,-0.31,1.0,QGBSISYHAICWAH-UHFFFAOYSA-N
N#Cc1c(Cl)c(Cl)c(Cl)c(C#N)c1Cl,-5.64,1.0,CRQQGFGUEAVUIL-UHFFFAOYSA-N
N#Cc1c(Cl)cccc1Cl,-4.24,1.0,YOYAIZYFCNQIRF-UHFFFAOYSA-N
N#Cc1cc(Br)c(O)c(Br)c1,-3.33,1.0,UPMXNNIRAGDFEH-UHFFFAOYSA-N
N#Cc1cc(I)c(O)c(I)c1,-3.61,1.0,NRXQIUSYPAHGNM-UHFFFAOYSA-N
N#Cc1ccc2c(c1)N(CCCN1CCC(O)CC1)c1ccccc1S2,-3.98,1.0,LUALIOATIOESLM-UHFFFAOYSA-N
N#Cc1ccccc1C#N,-2.38,1.0,XQZYPMVTSDWCCE-UHFFFAOYSA-N
N=C(N)NCC(=O)O,-1.51,1.0,BPMFZUMJYQTVII-UHFFFAOYSA-N
N=C(N)NS(=O)(=O)c1ccc(N)cc1,-1.99,1.0,BRBKOPJOKNSWSG-UHFFFAOYSA-N
N=C(N)N[N+](=O)[O-],-1.37,1.0,IDCPFAYURAQKDZ-UHFFFAOYSA-N
NC(=O)CC(N)C(=O)O,-0.74,1.0,DCXYFEDJOCDNAF-UHFFFAOYSA-N
NC(=O)CCC(N)C(=O)O,-0.55,1.0,ZDXPYRJPNDTMRX-UHFFFAOYSA-N
NC(=O)OCc1ccccc1,-0.35,1.0,PUJDIJCNWFYVJX-UHFFFAOYSA-N
NC(=O)c1ccccc1O,-1.76,1.0,SKZKKFZAGNVIMN-UHFFFAOYSA-N
NC(Cc1c[nH]c2ccccc12)C(=O)O,-1.23,1.0,QIVBCDIJIAJPQS-UHFFFAOYSA-N
NC(Cc1c[nH]cn1)C(=O)O,-0.53,1.0,HNDVDQJCIGZPNO-UHFFFAOYSA-N
NC(Cc1cc(I)c(O)c(I)c1)C(=O)O,-2.86,1.0,NYPYHUZRZVSYKL-UHFFFAOYSA-N
NC(Cc1cc(I)c(Oc2ccc(O)c(I)c2)c(I)c1)C(=O)O,-5.22,1.0,AUYYCJSJGJYCDS-UHFFFAOYSA-N
NC(Cc1ccc(O)c(O)c1)C(=O)O,-1.6,1.0,WTDRDQBEARUVNC-UHFFFAOYSA-N
NC(Cc1ccc(O)cc1)C(=O)O,-2.57,1.0,OUYCCCASQSFEME-UHFFFAOYSA-N
NCCC(O)C(=O)NC1CC(N)C(OC2OC(CN)C(O)C(O)C2O)C(O)C1OC1OC(CO)C(O)C(N)C1O,-0.5,1.0,LKCWBDHBTVXHDL-UHFFFAOYSA-N
NCCCCCCCCCCC(=O)O,-2.7,1.0,GUOSQNAUYHMCRU-UHFFFAOYSA-N
NCc1ccccc1,-1.53,1.0,WGQKYBSKWIADBV-UHFFFAOYSA-N
NNC(=O)Nc1ccccc1,-2.33,1.0,MOCKWYUCPREFCZ-UHFFFAOYSA-N
NNC(=O)c1ccncc1,0.01,1.0,QRXWMOHMRWLFEY-UHFFFAOYSA-N
NNc1ccccc1,0.07,1.0,HKOOXMFOFWEVGF-UHFFFAOYSA-N
NS(=O)(=O)c1cc(C(=O)O)c(NCc2ccco2)cc1Cl,-3.66,1.0,ZZUFCTLCJUWOSV-UHFFFAOYSA-N
NS(=O)(=O)c1cc2c(cc1C(F)(F)F)NC(Cc1ccccc1)NS2(=O)=O,-3.59,1.0,HDWIHXWEUNVBIY-UHFFFAOYSA-N
NS(=O)(=O)c1cc2c(cc1Cl)N=CNS2(=O)=O,-3.05,1.0,JBMKAUGHUNFTOL-UHFFFAOYSA-N
NS(=O)(=O)c1cc2c(cc1Cl)NC(C(Cl)Cl)NS2(=O)=O,-2.68,1.0,LMJSLTNSBFUCMU-UHFFFAOYSA-N
NS(=O)(=O)c1cc2c(cc1Cl)NCNS2(=O)=O,-2.62,1.0,JZUFKLXOESDKRF-UHFFFAOYSA-N
NS(=O)(=O)c1ccccc1,-1.56,1.0,KHBQMWCZKVMBLN-UHFFFAOYSA-N
Nc1c(Cl)c(Cl)nc(C(=O)O)c1Cl,-2.75,1.0,NQQVFXUMIDALNH-UHFFFAOYSA-N
Nc1cc(Cl)cc(C(=O)O)c1Cl,-2.47,1.0,HSSBORCLYSCBJR-UHFFFAOYSA-N
Nc1cc2c3ccccc3ccc2c2ccccc12,-6.2,1.0,KIVUHCNVDWYUNP-UHFFFAOYSA-N
Nc1cc[nH]c(=O)n1,-1.14,1.0,OPTASPLRGRRNAP-UHFFFAOYSA-N
Nc1ccc(-c2ccc(N)c(Cl)c2)cc1Cl,-4.92,1.0,HUWXDEQWWKGHRV-UHFFFAOYSA-N
Nc1ccc(-c2ccc(N)cc2)cc1,-2.7,1.0,HFACYLZERDEVSX-UHFFFAOYSA-N
Nc1ccc(C(=O)O)cc1,-0.4,1.0,ALYNCZNDIQEVRV-UHFFFAOYSA-N
Nc1ccc(O)cc1,-0.8,1.0,PLIKAWJENQZMHA-UHFFFAOYSA-N
Nc1ccc(S(=O)(=O)Nc2ccccn2)cc1,-2.7,1.0,GECHUMIMRBOMGK-UHFFFAOYSA-N
Nc1ccc(S(=O)(=O)Nc2ccnn2-c2ccccc2)cc1,-2.32,1.0,QWCJHSGMANYXCW-UHFFFAOYSA-N
Nc1ccc(S(=O)(=O)Nc2cnccn2)cc1,-3.7,1.0,YEAICDDXRUOCKJ-UHFFFAOYSA-N
Nc1ccc(S(=O)(=O)Nc2ncccn2)cc1,-3.51,1.0,SEEPANYCNGTZFQ-UHFFFAOYSA-N
Nc1ccc(S(=O)(=O)Nc2nccs2)cc1,-2.43,1.0,JNMRHUJNCSQMMB-UHFFFAOYSA-N
Nc1ccc(S(=O)(=O)c2ccc(N)cc2)cc1,-2.82,1.0,MQJKPEGWNLWLTK-UHFFFAOYSA-N
Nc1ccc(S(N)(=O)=O)cc1,-1.36,1.0,FDDDEECHVMSUSB-UHFFFAOYSA-N
Nc1ccc([N+](=O)[O-])cc1,-2.37,1.0,TYMLOMAKGOJONV-UHFFFAOYSA-N
Nc1cccc(C(F)(F)F)c1,-1.47,1.0,VIUDTWATMPPKEL-UHFFFAOYSA-N
Nc1cccc([N+](=O)[O-])c1,-2.19,1.0,XJCVRTZCHMZPBD-UHFFFAOYSA-N
Nc1ccccc1C(=O)O,-1.52,1.0,RWZYAGGXGHYGMB-UHFFFAOYSA-N
Nc1ccccc1[N+](=O)[O-],-1.96,1.0,DPJCXCZTLWNFOH-UHFFFAOYSA-N
Nc1cnn(-c2ccccc2)c(=O)c1Br,-3.12,1.0,ODNZLRLWXRXPOH-UHFFFAOYSA-N
Nc1cnn(-c2ccccc2)c(=O)c1Cl,-2.87,1.0,WYKYKTKDBLFHCY-UHFFFAOYSA-N
Nc1nccs1,-0.36,1.0,RAIPHJJURHTUIC-UHFFFAOYSA-N
Nc1ncnc2[nH]cnc12,-2.12,1.0,GFFGJBXGBJISGV-UHFFFAOYSA-N
Nc1ncnc2c1ccn2C1OC(CO)C(O)C1O,-1.95,1.0,HDZZVAMISRMYHH-UHFFFAOYSA-N
O=C(C=CC=Cc1ccc2c(c1)OCO2)N1CCCCC1,-3.46,1.0,MXXWOMGUGJBKIW-UHFFFAOYSA-N
O=C(CCCN1CCC(O)(c2ccc(Cl)cc2)CC1)c1ccc(F)cc1,-4.43,1.0,LNEPOXFFQSENCJ-UHFFFAOYSA-N
O=C(Cn1ccnc1[N+](=O)[O-])NCc1ccccc1,-2.81,1.0,CULUWZNBISUWAS-UHFFFAOYSA-N
O=C(NC(=O)c1c(F)cccc1F)Nc1ccc(Cl)cc1,-6.02,1.0,QQQYTWIFVNKMRW-UHFFFAOYSA-N
O=C(NC(=O)c1ccccc1)c1ccccc1,-2.27,1.0,ZHDORMMHAKXTPT-UHFFFAOYSA-N
O=C(NC(CO)C(O)c1ccc([N+](=O)[O-])cc1)C(Cl)Cl,-2.11,1.0,WIIZWVCIJKGZOK-UHFFFAOYSA-N
O=C(Nc1ccc([N+](=O)[O-])cc1Cl)c1cc(Cl)ccc1O,-4.7,1.0,RJMUSRYZPJIFPJ-UHFFFAOYSA-N
O=C(Nc1cccc(Cl)c1)OCC#CCCl,-4.37,1.0,MCOQHIWZJUDQIC-UHFFFAOYSA-N
O=C(Nc1ccccc1)Nc1ccccc1,-3.15,1.0,GWEHVDNNLFDJLR-UHFFFAOYSA-N
O=C(Nc1ccccc1)c1ccccc1I,-4.21,1.0,LJOZMWRYMKECFF-UHFFFAOYSA-N
O=C(Nc1ccccc1)c1ccccc1O,-3.59,1.0,WKEDVNSFRWHDNR-UHFFFAOYSA-N
O=C(O)C(=O)O,0.38,1.0,MUBZPKHOEPUJKR-UHFFFAOYSA-N
O=C(O)C(CO)c1ccccc1,-0.93,1.0,JACRWUWPXAESPB-UHFFFAOYSA-N
O=C(O)C(O)(c1ccccc1)c1ccccc1,-2.21,1.0,UKXSKSHDVLQNKG-UHFFFAOYSA-N
O=C(O)C(c1ccccc1)c1ccccc1,-3.22,1.0,PYHXGXCGESYPCW-UHFFFAOYSA-N
O=C(O)C1C2CCC(O2)C1C(=O)O,-0.27,1.0,GXEKYRXVRROBEV-UHFFFAOYSA-N
O=C(O)C1CCCCC1,-1.45,1.0,NZNMSOFKMUBTKW-UHFFFAOYSA-N
O=C(O)C=Cc1c[nH]cn1,-1.96,1.0,LOIYMIARKYCTBW-UHFFFAOYSA-N
O=C(O)C=Cc1ccccc1,-2.48,1.0,WBYWAXJHAXSJNI-UHFFFAOYSA-N
O=C(O)CC(O)(CC(=O)O)C(=O)O,0.51,1.0,KRKNYBCHXYNGOX-UHFFFAOYSA-N
O=C(O)CCC(=O)O,-0.2,1.0,KDYFGRWQOYBRFD-UHFFFAOYSA-N
O=C(O)CCC(=O)c1ccc(-c2ccccc2)cc1,-5.06,1.0,ZPAKPRAICRBAOD-UHFFFAOYSA-N
O=C(O)CCCC(=O)O,1.0,1.0,JFCQEDHGNNZCLN-UHFFFAOYSA-N
O=C(O)CCCCC(=O)O,-0.82,1.0,WNLRTRBMVRJNCN-UHFFFAOYSA-N
O=C(O)CCCCCCCC(=O)O,-1.89,1.0,BDJRBEYXGGNYIS-UHFFFAOYSA-N
O=C(O)CCCOc1ccc(Cl)cc1Cl,-3.67,1.0,YIVXMZJTEQBPQO-UHFFFAOYSA-N
O=C(O)CCI,-0.43,1.0,KMRNTNDWADEIIX-UHFFFAOYSA-N
O=C(O)CCc1ccccc1,-1.41,1.0,XMIIGOLPHOKFCH-UHFFFAOYSA-N
O=C(O)CCl,0.93,1.0,FOCAUTSVDIKZOP-UHFFFAOYSA-N
O=C(O)CNC(=O)c1ccccc1,-1.68,1.0,QIAFMBKCNZACKA-UHFFFAOYSA-N
O=C(O)COc1cc(Cl)c(Cl)cc1Cl,-2.96,1.0,SMYMJHWAQXWPDB-UHFFFAOYSA-N
O=C(O)COc1ccc(Cl)cc1,-2.29,1.0,SODPIMGUZLOIPE-UHFFFAOYSA-N
O=C(O)COc1ccc(Cl)cc1Cl,-2.51,1.0,OVSKIKFHRZPJSS-UHFFFAOYSA-N
O=C(O)COc1ccccc1,-1.1,1.0,LCPDWSOZIOUXRV-UHFFFAOYSA-N
O=C(O)COc1ccccc1Cl,-2.16,1.0,OPQYFNRLWBWCST-UHFFFAOYSA-N
O=C(O)Cc1c(Cl)ccc(Cl)c1Cl,-3.08,1.0,QZXCCPZJCKEPSA-UHFFFAOYSA-N
O=C(O)Cc1c[nH]c2ccccc12,-2.07,1.0,SEOVTRFCIGRIMH-UHFFFAOYSA-N
O=C(O)Cc1cccc2ccccc12,-2.65,1.0,PRPINYUDVPFIRX-UHFFFAOYSA-N
O=C(O)Cc1ccccc1,-0.89,1.0,WLJVXDMOQOGPHL-UHFFFAOYSA-N
O=C(O)Cn1c(=O)sc2cccc(Cl)c21,-2.61,1.0,HYJSGOXICXYZGS-UHFFFAOYSA-N
O=C(O)c1cc(=O)[nH]c(=O)[nH]1,-1.93,1.0,PXQPEWDEAKTCGB-UHFFFAOYSA-N
O=C(O)c1cc(I)cc(I)c1O,-3.31,1.0,DHZVWQPHNWDCFS-UHFFFAOYSA-N
O=C(O)c1cc(O)c(O)c(O)c1,-1.16,1.0,LNTHITQWFMADLM-UHFFFAOYSA-N
O=C(O)c1ccc(Cl)cc1,-3.31,1.0,XRHGYUZYPHTUJZ-UHFFFAOYSA-N
O=C(O)c1ccc(O)cc1,-1.41,1.0,FJKROLUGYXJWQN-UHFFFAOYSA-N
O=C(O)c1ccc([N+](=O)[O-])cc1,-2.8,1.0,OTLNPYWUJOZPPA-UHFFFAOYSA-N
O=C(O)c1cccc(Cl)c1,-2.59,1.0,LULAYUGMBFYYEX-UHFFFAOYSA-N
O=C(O)c1cccc(I)c1,-3.27,1.0,KVBWBCRPWVKFQT-UHFFFAOYSA-N
O=C(O)c1cccc([N+](=O)[O-])c1,-1.68,1.0,AFPHTEQTJZKQAQ-UHFFFAOYSA-N
O=C(O)c1ccccc1,-1.55,1.0,WPYMKLBDIGXBTP-UHFFFAOYSA-N
O=C(O)c1ccccc1-c1ccccc1C(=O)O,-2.28,1.0,GWZCCUDJHOGOSO-UHFFFAOYSA-N
O=C(O)c1ccccc1C(=O)O,-2.11,1.0,XNGIFLGASWRNHJ-UHFFFAOYSA-N
O=C(O)c1ccccc1C(F)(F)F,-1.6,1.0,FBRJYBGLCHWYOE-UHFFFAOYSA-N
O=C(O)c1ccccc1Cl,-1.89,1.0,IKCLCGXPQILATA-UHFFFAOYSA-N
O=C(O)c1ccccc1I,-2.73,1.0,CJNZAXGUTKBIHP-UHFFFAOYSA-N
O=C(O)c1ccccc1Nc1cccc(C(F)(F)F)c1,-4.36,1.0,LPEPZBJOKDYZAD-UHFFFAOYSA-N
O=C(O)c1ccccc1O,-1.82,1.0,YGSDEFSMJLZEOE-UHFFFAOYSA-N
O=C(O)c1cccnc1,-0.84,1.0,PVNIIMVLHYAWGP-UHFFFAOYSA-N
O=C(O)c1cccnc1Nc1cccc(C(F)(F)F)c1,-4.17,1.0,JZFPYUNJRRFVQU-UHFFFAOYSA-N
O=C(O)c1ccco1,-0.48,1.0,SMNDYUVBFMFKNZ-UHFFFAOYSA-N
O=C(O)c1ccsc1,-1.47,1.0,YNVOMSDITJMNET-UHFFFAOYSA-N
O=C(Oc1ccccc1)c1ccccc1O,-3.15,1.0,ZQBAKBUEJOMQEX-UHFFFAOYSA-N
O=C(c1ccccc1)C(O)c1ccccc1,-2.85,1.0,ISAOCJYIOMOJEB-UHFFFAOYSA-N
O=C(c1ccccc1)c1ccccc1,-3.12,1.0,RWCCWEUUXYIKHB-UHFFFAOYSA-N
O=C1C(Cl)=C(NC(=O)C(Cl)Cl)C(=O)c2ccccc21,-5.03,1.0,ZIEWAMOXCOLNSJ-UHFFFAOYSA-N
O=C1C2CC=CCC2C(=O)N1SC(Cl)(Cl)C(Cl)Cl,-5.4,1.0,JHRWWRDRBPCWTF-UHFFFAOYSA-N
O=C1C=C2CC3(O)COc4c(ccc(O)c4O)C3=C2C=C1O,-2.7,1.0,HLUCICHZHWJHLL-UHFFFAOYSA-N
O=C1C=CC(O)(c2cc(O)ccc2O)C=C1,-1.73,1.0,KKIYXTAGNVTYLV-UHFFFAOYSA-N
O=C1CC(c2ccc(O)c(O)c2)Oc2cc(O)cc(O)c21,-3.62,1.0,SBHXYTNGIZCORC-UHFFFAOYSA-N
O=C1CC2OCC=C3CN4CCC56c7ccccc7N1C5C2C3CC46,-3.32,1.0,QMGVPVSNSZLJIA-UHFFFAOYSA-N
O=C1CN(N=Cc2ccc([N+](=O)[O-])o2)C(=O)N1,-3.38,1.0,NXFQHRVNIOXGAQ-UHFFFAOYSA-N
O=C1CN=C(c2ccccc2)c2cc([N+](=O)[O-])ccc2N1,-3.8,1.0,KJONHKAYOJNZEC-UHFFFAOYSA-N
O=C1NC(=O)C(=O)C(=O)N1,-1.25,1.0,HIMXGTXNXJYFGB-UHFFFAOYSA-N
O=C1NC(=O)C(=O)N1,-0.4,1.0,ZFLIKDUSUDBGCD-UHFFFAOYSA-N
O=C1NC(=O)C(O)(C2(O)C(=O)NC(=O)NC2=O)C(=O)N1,-1.99,1.0,IWDDXZKCDHOOSF-UHFFFAOYSA-N
O=C1NC(=O)C([N+](=O)[O-])C(=O)N1,-2.28,1.0,ABICJYZKIYUWEE-UHFFFAOYSA-N
O=C1NC(=O)C(c2ccccc2)(c2ccccc2)N1,-3.99,1.0,CXOFVDLJLONNDW-UHFFFAOYSA-N
O=C1NC(=O)c2ccccc21,-2.61,1.0,XKJCHHZQLQNZHY-UHFFFAOYSA-N
O=C1NCCN1c1ncc([N+](=O)[O-])s1,-3.22,1.0,RDXLYGJSWZYTFJ-UHFFFAOYSA-N
O=C1NS(=O)(=O)c2ccccc21,-1.64,1.0,CVHZOJJKTDOEJC-UHFFFAOYSA-N
O=C1Nc2ccc(Cl)cc2C(c2ccccc2Cl)=NC1O,-3.6,1.0,DIWRORZWFLOCLC-UHFFFAOYSA-N
O=C1OC(=O)c2ccccc21,-1.39,1.0,LGRFSURHDFAFJT-UHFFFAOYSA-N
O=C1OC(c2ccc(O)cc2)(c2ccc(O)cc2)c2ccccc21,-2.9,1.0,KJFMBFZCATUALV-UHFFFAOYSA-N
O=C1c2ccccc2C(=O)c2c1ccc(O)c2O,-2.78,1.0,RGCKGOZRHPZPFP-UHFFFAOYSA-N
O=C1c2ccccc2C(=O)c2ccccc21,-5.19,1.0,RZVHIXYEVGDQDX-UHFFFAOYSA-N
O=CNC(N1CCN(C(NC=O)C(Cl)(Cl)Cl)CC1)C(Cl)(Cl)Cl,-4.19,1.0,RROQIUMZODEXOR-UHFFFAOYSA-N
O=Cc1ccc(O)cc1,-0.96,1.0,RGHHSNMVTDWUBI-UHFFFAOYSA-N
O=Cc1ccc2c(c1)OCO2,-1.63,1.0,SATCULPHIDQDRE-UHFFFAOYSA-N
O=Cc1ccccc1O,-0.86,1.0,SMQUZDBALVYZAC-UHFFFAOYSA-N
O=Cc1ccco1,-0.1,1.0,HYBBIBNJHNGZAN-UHFFFAOYSA-N
O=NN(c1ccccc1)c1ccccc1,-3.75,1.0,UBUCNCOMADRQHX-UHFFFAOYSA-N
O=S(=O)(CCCl)CCCl,-1.5,1.0,LUYAMNYBNTVQJG-UHFFFAOYSA-N
O=[N+]([O-])OC1COC2C(O[N+](=O)[O-])COC12,-2.63,1.0,MOYKHGMNXAOIAT-UHFFFAOYSA-N
O=[N+]([O-])OCC(CO[N+](=O)[O-])O[N+](=O)[O-],-2.22,1.0,SNIOPGDIGTZGOP-UHFFFAOYSA-N
O=[N+]([O-])c1c(Cl)c(Cl)c(Cl)c(Cl)c1Cl,-5.82,1.0,LKPLKUMXSAEKID-UHFFFAOYSA-N
O=[N+]([O-])c1ccc(C=NO)o1,-2.19,1.0,PTBKFATYSVLSSD-UHFFFAOYSA-N
O=[N+]([O-])c1ccc(O)cc1,-0.74,1.0,BTJIUGUIPKRLHP-UHFFFAOYSA-N
O=[N+]([O-])c1ccc(Oc2ccc(Cl)cc2Cl)cc1,-5.46,1.0,XITQUSLLOSKDTB-UHFFFAOYSA-N
O=[N+]([O-])c1cccc(O)c1,-1.01,1.0,RTZZCYNQPHTPPL-UHFFFAOYSA-N
O=[N+]([O-])c1cccc2ccccc12,-3.54,1.0,RJKGJBPXVHTNJL-UHFFFAOYSA-N
O=[N+]([O-])c1ccccc1,-1.8,1.0,LQNUZADURLCDLV-UHFFFAOYSA-N
O=[N+]([O-])c1ccccc1O,-1.74,1.0,IQUPABOKLQSFBK-UHFFFAOYSA-N
O=c1[nH]cc(F)c(=O)[nH]1,-1.07,1.0,GHASVSINZRGABV-UHFFFAOYSA-N
O=c1[nH]cnc2nc[nH]c12,-2.29,1.0,FDGQSTZJBFJUBT-UHFFFAOYSA-N
O=c1c(O)c(-c2ccc(O)cc2O)oc2cc(O)cc(O)c12,-3.08,1.0,YXOLAZRVSSWPPT-UHFFFAOYSA-N
O=c1cc[nH]c(=O)[nH]1,-1.48,1.0,ISAKRJDGNUQOIC-UHFFFAOYSA-N
O=c1cc[nH]c(=S)[nH]1,-2.26,1.0,ZEMGGZBWXRYJHK-UHFFFAOYSA-N
O=c1ccc2ccccc2[nH]1,-2.14,1.0,LISFMEBWQUVKPJ-UHFFFAOYSA-N
O=c1ccc2ccccc2o1,-1.89,1.0,ZYGHJZDHTFUPRJ-UHFFFAOYSA-N
O=c1cccc2n1CC1CNCC2C1,0.36,1.0,ANJTVLIZGCUXLD-UHFFFAOYSA-N
O=c1ccnc[nH]1,0.59,1.0,DNCYBUMDUBHIJZ-UHFFFAOYSA-N
O=c1oc(-c2ccccc2)nc2ccccc12,-4.61,1.0,HTTLBYITFHMYFK-UHFFFAOYSA-N
OC(Cc1ccccc1)c1ccccc1,-2.52,1.0,GBGXVCNOKWAMIP-UHFFFAOYSA-N
OC(Cn1cncn1)(c1ccc(F)cc1)c1ccccc1F,-3.37,1.0,JWUCHKBSVLQQCO-UHFFFAOYSA-N
OC(c1ccc(Cl)cc1)(c1cncnc1)c1ccccc1Cl,-4.38,1.0,NHOWDZOIZKMVAI-UHFFFAOYSA-N
OC(c1ccccc1)C(O)c1ccccc1,-1.93,1.0,IHPDTPWNFBQHEB-UHFFFAOYSA-N
OC(c1ccccc1)c1ccccc1,-2.55,1.0,QILSFLSDHQAZET-UHFFFAOYSA-N
OC1C=CC2C1C1(Cl)C(Cl)=C(Cl)C2(Cl)C1(Cl)Cl,-5.46,1.0,YQWCIPIEEBVRNY-UHFFFAOYSA-N
OC1CCN2C1=Nc1ccccc1C2O,-2.07,1.0,AKRGPMZFCFDFQW-UHFFFAOYSA-N
OCC(O)C1OC2OC(C(Cl)(Cl)Cl)OC2C1O,-1.84,1.0,OJYGBLRPYBAHRT-UHFFFAOYSA-N
OCC1(O)OCC(O)C(O)C1O,0.64,1.0,LKDRXBCSQODPBY-UHFFFAOYSA-N
OCC1OC(n2cnc3c(O)ncnc32)C(O)C1O,-1.23,1.0,UGQMRVRMYYASKQ-UHFFFAOYSA-N
OCCN1CCN(CCCN2c3ccccc3Sc3ccc(C(F)(F)F)cc32)CC1,-4.15,1.0,PLDUPXSUYLZYBN-UHFFFAOYSA-N
OCCN1CCN(CCCN2c3ccccc3Sc3ccc(Cl)cc32)CC1,-4.16,1.0,RGCVKNLCSQQDEP-UHFFFAOYSA-N
OCc1ccccc1OC1OC(CO)C(O)C(O)C1O,-0.85,1.0,NGFMICBWJRZIBI-UHFFFAOYSA-N
Oc1c2ccccc2cc2ccccc12,-4.73,1.0,AUKRYONWZHRJRE-UHFFFAOYSA-N
Oc1cc(Cl)ccc1Oc1ccc(Cl)cc1Cl,-4.46,1.0,XEFQLINVKFYRCS-UHFFFAOYSA-N
Oc1ccc(-c2ccccc2)cc1,-3.48,1.0,YXVFYQXJAXKLAK-UHFFFAOYSA-N
Oc1ccc(Cl)cc1Cc1cc(Cl)ccc1O,-3.95,1.0,MDNWOSOZYLHTCG-UHFFFAOYSA-N
Oc1ccc2c(c1)CCCC2,-1.99,1.0,UMKXSOXZAXIOPJ-UHFFFAOYSA-N
Oc1cccc(Cl)c1,-0.7,1.0,HORNXRXVQWOLPJ-UHFFFAOYSA-N
Oc1cccc2c(O)cccc12,-2.92,1.0,BOKGTLAJQHTOKE-UHFFFAOYSA-N
Oc1cccc2ncccc12,-2.54,1.0,GYESAYHWISMZOK-UHFFFAOYSA-N
Oc1ccccc1,0.0,1.0,ISWSIDIOOBJBQZ-UHFFFAOYSA-N
Oc1ccccc1-c1ccccc1,-2.39,1.0,LLEMOWNGBBNAJR-UHFFFAOYSA-N
Oc1ccccn1,1.02,1.0,UBQKCCHYAOITMY-UHFFFAOYSA-N
Oc1ccncc1,1.02,1.0,GCNTZFIIOFTKIY-UHFFFAOYSA-N
Oc1ncnc2[nH]ncc12,-2.38,1.0,OFCNXPDARWKPPY-UHFFFAOYSA-N
S=c1[nH]cnc2nccnc12,-2.77,1.0,GTLUQRDIJWHQGF-UHFFFAOYSA-N
S=c1cnc2cncnc2[nH]1,-2.71,1.0,NJPMKYVXPKVRHL-UHFFFAOYSA-N
S=c1ncc2nccnc2[nH]1,-2.36,1.0,DAAQPMSPBHQGQA-UHFFFAOYSA-N
Sc1nc2ccccc2s1,-3.18,1.0,YXIWHUQXZSMYRE-UHFFFAOYSA-N
[O-][S+](CCCl)CCCl,-1.16,1.0,NOMHBBFEJSVGSC-UHFFFAOYSA-N
c1cc(-c2ccncc2)ccn1,-1.54,1.0,MWVTWFVJZLCBMC-UHFFFAOYSA-N
c1cc2c3c(ccc4c3c1CCC4)CCC2,-5.96,1.0,MBAIEZXRGAOPKH-UHFFFAOYSA-N
c1cc2c3c(cccc3c1)CC2,-4.63,1.0,CWRYPZZKDGJXCA-UHFFFAOYSA-N
c1cc2cccc3c4cccc5cccc(c(c1)c23)c54,-8.8,1.0,CSHWQDPOILHKBI-UHFFFAOYSA-N
c1cc[nH]c1,-0.17,1.0,KAESVJOAVNADME-UHFFFAOYSA-N
c1ccc(-c2ccc(-c3ccccc3)cc2)cc1,-7.11,1.0,XJKSTNDFUHDPQJ-UHFFFAOYSA-N
c1ccc(-c2ccccc2)cc1,-4.31,1.0,ZUOUZKKEUPVFJK-UHFFFAOYSA-N
c1ccc(-c2ccccn2)nc1,-1.42,1.0,ROFVEXUMMXZLPA-UHFFFAOYSA-N
c1ccc(C2CO2)cc1,-1.6,1.0,AWMVMTVKBNGEAK-UHFFFAOYSA-N
c1ccc(CCc2ccccc2)cc1,-4.62,1.0,QWUWMCYKGHVNAV-UHFFFAOYSA-N
c1ccc(CN(CC2=NCCN2)c2ccccc2)cc1,-2.6,1.0,REYFJDPCWQRWAA-UHFFFAOYSA-N
c1ccc(Cc2ccccc2)cc1,-4.17,1.0,CZZYITDELCSZES-UHFFFAOYSA-N
c1ccc(N=Nc2ccccc2)cc1,-4.45,1.0,DMLAVOWQYNRWNQ-UHFFFAOYSA-N
c1ccc(NNc2ccccc2)cc1,-2.92,1.0,YBQZXXMEJHZYMB-UHFFFAOYSA-N
c1ccc(Nc2ccccc2)cc1,-3.51,1.0,DMBHHRLKUKUOEG-UHFFFAOYSA-N
c1ccc(Oc2ccccc2)cc1,-3.96,1.0,USIUVYZYUHIAEV-UHFFFAOYSA-N
c1ccc2[nH]ccc2c1,-1.52,1.0,SIKJAQJRHWYJAI-UHFFFAOYSA-N
c1ccc2[nH]ncc2c1,-2.16,1.0,BAXOFTOLAUCFNW-UHFFFAOYSA-N
c1ccc2[nH]nnc2c1,-0.78,1.0,QRUDEWIWKLJBPS-UHFFFAOYSA-N
c1ccc2c(c1)-c1cccc3c1c-2cc1ccccc13,-8.23,1.0,FTOVXSOBNPWTSH-UHFFFAOYSA-N
c1ccc2c(c1)-c1cccc3cccc-2c13,-6.0,1.0,GVEPBJHOBDJJJI-UHFFFAOYSA-N
c1ccc2c(c1)CCC2,-3.04,1.0,PQNFLJBBNBOBRQ-UHFFFAOYSA-N
c1ccc2c(c1)CCN2,-1.04,1.0,LPAGFVYQRIESJQ-UHFFFAOYSA-N
c1ccc2c(c1)Cc1c-2ccc2ccccc12,-6.68,1.0,HKMTVMBEALTRRR-UHFFFAOYSA-N
c1ccc2c(c1)Cc1cc3ccccc3cc1-2,-8.04,1.0,HAPOJKSPCGLOOD-UHFFFAOYSA-N
c1ccc2c(c1)Cc1ccccc1-2,-4.91,1.0,NIHNNTQXNPWCJQ-UHFFFAOYSA-N
c1ccc2c(c1)Oc1ccccc1O2,-5.31,1.0,NFBOHOGPQUYFRF-UHFFFAOYSA-N
c1ccc2c(c1)[nH]c1ccccc12,-4.97,1.0,UJOBWOGCFQCDNV-UHFFFAOYSA-N
c1ccc2c(c1)c1cccc3ccc4cccc2c4c31,-7.8,1.0,TXVHTIQJNYSSKO-UHFFFAOYSA-N
c1ccc2c(c1)c1ccccc1c1ccccc21,-6.74,1.0,SLGBZMMZGDRARJ-UHFFFAOYSA-N
c1ccc2c(c1)cc1ccc3cccc4ccc2c1c34,-8.19,1.0,FMMWHPNWAFZXNH-UHFFFAOYSA-N
c1ccc2c(c1)ccc1c3ccc4ccccc4c3[nH]c21,-7.42,1.0,IUILSTHMSGDSHQ-UHFFFAOYSA-N
c1ccc2c(c1)ccc1c3ccccc3ccc21,-8.06,1.0,WDECIBYCCFPHNR-UHFFFAOYSA-N
c1ccc2c(c1)ccc1cc3c(ccc4ccccc43)cc12,-8.66,1.0,LHRCREOYAASXPZ-UHFFFAOYSA-N
c1ccc2c(c1)ccc1ccccc12,-5.26,1.0,YNPNZTXNASCQKK-UHFFFAOYSA-N
c1ccc2c(c1)ccc1ncccc12,-3.36,1.0,HCAUQPZEWLULFJ-UHFFFAOYSA-N
c1ccc2c(c1)cnc1ccccc12,-2.78,1.0,RDOWQLZANAYVLL-UHFFFAOYSA-N
c1ccc2c(c1)oc1ccccc12,-4.6,1.0,TXCDCPKCNAJMEE-UHFFFAOYSA-N
c1ccc2c(c1)sc1ccccc12,-4.38,1.0,IYYZUPMFVPLQIF-UHFFFAOYSA-N
c1ccc2c3c(ccc2c1)-c1cccc2cccc-3c12,-8.0,1.0,KHNYNFUTFKJLDD-UHFFFAOYSA-N
c1ccc2cc3c(cc2c1)-c1cccc2cccc-3c12,-8.49,1.0,HAXBIWFMXWRORI-UHFFFAOYSA-N
c1ccc2cc3cc4ccccc4cc3cc2c1,-8.6,1.0,IFLREYGFSNHWGE-UHFFFAOYSA-N
c1ccc2nc(-c3ccc4ccccc4n3)ccc2c1,-5.4,1.0,WPTCSQBWLUUYDV-UHFFFAOYSA-N
c1ccc2ocnc2c1,-1.16,1.0,BCMCBBGGLRIHSE-UHFFFAOYSA-N
c1ccc2scnc2c1,-1.5,1.0,IOJUPLGTWVMSFF-UHFFFAOYSA-N
c1ccncc1,0.76,1.0,JUJWROOIHBZHMG-UHFFFAOYSA-N
c1ccoc1,-0.82,1.0,YLQBMQCUIZJEEH-UHFFFAOYSA-N
c1ccsc1,-1.45,1.0,YTPLMLYBLZKORZ-UHFFFAOYSA-N
c1cnc2c(c1)ccc1ncccc12,-2.68,1.0,OZKOMUDCMCEDTM-UHFFFAOYSA-N
c1cnc2ncncc2n1,0.02,1.0,CPNGPNLZQNNVQM-UHFFFAOYSA-N
