key,input,predicted_solubility,actual_solubility
KRIOVPPHQSLHCZ-UHFFFAOYSA-N,CCC(=O)c1ccccc1,-1.533,-2.0485000681
RNWGZXAHUPFXLL-UHFFFAOYSA-N,[O-][N+](=O)c1ccc2COC(=O)c2c1,-2.932,-2.6511
ZAFOEDODWZIXMO-UHFFFAOYSA-N,CC1=C(CCC(O)=O)C(=O)NC1=O,-0.922,-0.6608
CUVLMZNMSPJDON-UHFFFAOYSA-N,CCCCOCC(C)OCC(C)O,-0.788,-0.6530596225
AQMBZJFAYLBACQ-UHFFFAOYSA-N,COC1=CC2=C(C=CN=C2C=C1)C(O)C3CN4CCC3C(C4)C=C,-3.046,-3.36
RHRRUYIZUBAQTQ-UHFFFAOYSA-N,CC(C)CCC(C)(O)C#CC(C)(O)CCC(C)C,-3.12,-3.4375252922
YYDNBUBMBZRNQQ-UHFFFAOYSA-N,Cc1ccc(cc1)[S](C)(=O)=O,-1.802,-1.9873
TUDRWVDXIQKGIO-UHFFFAOYSA-N,CN1N=C(SC1=N[S](=O)(=O)C(F)(F)F)[S](N)(=O)=O,-1.863,-1.16
ZBMVGQKSAIYMRW-UHFFFAOYSA-N,CCC(C)NCC1=CC=CC(S(=O)(=O)C2=CSC(S(N)(=O)=O)=C2)=C1,-2.562,-1.33
LDHQCZJRKDOVOX-IHWYPQMZSA-N,C\C=C/C(O)=O,0.573,1.065
UHSRCNCAJFUQHB-RTFAEJQKSA-L,[Na+].[Na+].Cc1ccc(cc1)[S](=O)(=O)Nc2cc(cc3C=C(C(=N/Nc4cc(Cl)ccc4Oc5ccccc5)\C(=O)c23)[S]([O-])(=O)=O)[S]([O-])(=O)=O,-2.741,-0.6679306861
SMKRKQBMYOFFMU-DRXWIORDSA-N,CC(C)=C[C@H]1[C@H](C(=O)OC2CC(=O)C(=C2C)CC#C)C1(C)C,-5.045,-4.5746
OEVIJAZJVZDBQL-UHFFFAOYSA-N,CC1(C)CCC=C(C1)C(=O)CCC=C,-3.34,-3.5342474855000003
NOQGZXFMHARMLW-UHFFFAOYSA-N,CN(C)NC(=O)CCC(O)=O,-0.023,-0.2046
LFTLOKWAGJYHHR-UHFFFAOYSA-N,C[N+]1([O-])CCOCC1,0.599,0.4563099285
RFDAIACWWDREDC-FRVQLJSFSA-N,C[C@H](CCC(=O)NCC(O)=O)[C@H]1CC[C@H]2[C@@H]3[C@H](O)C[C@@H]4C[C@H](O)CC[C@]4(C)[C@H]3C[C@H](O)[C@]12C,-3.707,-5.1495
IGSBHTZEJMPDSZ-UHFFFAOYSA-N,CC1CC(CCC1N)CC2CCC(N)C(C)C2,-2.093,-1.8210383613
WCASXYBKJHWFMY-IHWYPQMZSA-N,C\C=C/CO,1.076,0.3621
ZHLICBPIXDOFFG-UHFFFAOYSA-N,Clc1cc(cc(Cl)c1Cl)c2cc(Cl)c(Cl)c(Cl)c2,-8.823,-8.8498
LAMUXTNQCICZQX-UHFFFAOYSA-N,OCCCCl,0.843,0.4223
BVVRZSKVUVJJAJ-UHFFFAOYSA-N,CCN(CC)S(=O)N(CC)CC,-0.888,-1.28
QNSCGSPRKIPKTN-RKJRWTFHSA-N,[Na+].O[C@H](C[O-])[C@H]1OC(=C(O)C1=O)O,-0.678,-0.1325447734
IDWVTPLLYFMNEX-UHFFFAOYSA-N,NN=C1N=CNc2nccnc12,-1.769,-1.8632
KHLCTMQBMINUNT-UHFFFAOYSA-N,CCCCCCC(O)CCCCCCCCCCCO,-4.667,-5.1560946306
CJOBVZJTOIVNNF-UHFFFAOYSA-N,S=[Cd],-6.0,-4.080623481
HGDFMYGFWUSBQH-UHFFFAOYSA-N,COc1cc(ccc1NN=C2C=CC(=O)C=C2)N=Nc3ccc(cc3)[N+]([O-])=O,-7.621,-6.9639720065
MDWVSAYEQPLWMX-UHFFFAOYSA-N,CC(C)(C)c1cc(Cc2cc(c(O)c(c2)C(C)(C)C)C(C)(C)C)cc(c1O)C(C)(C)C,-7.713,-8.6280505595
ZDYJWDIWLRZXDB-UHFFFAOYSA-N,Clc1ccc(cc1)C(=C(Cl)Cl)c2ccccc2Cl,-7.035,-6.3563
UMFDLIXUUJMPSI-UHFFFAOYSA-N,Cc1ccc(cc1O)[N+]([O-])=O,-2.076,-2.1851
TWFZGCMQGLPBSX-UHFFFAOYSA-N,COC(=O)NC1=NC2=CC=CC=C2[NH]1,-2.468,-4.52
RMISVOPUIFJTEO-UHFFFAOYSA-N,CC(Cl)C(C)Cl,-2.015,-2.3541
KYVBNYUBXIEUFW-UHFFFAOYSA-N,CN(C)C(=N)N(C)C,0.44,0.9386229258
IXHMHWIBCIYOAZ-UHFFFAOYSA-N,OC1=C(C(=C(C=C1[N+]([O-])=O)[N+]([O-])=O)O)[N+]([O-])=O,-2.872,-3.51
WCLNVRQZUKYVAI-UHFFFAOYSA-N,Clc1cc2Oc3c(Cl)c(Cl)c(Cl)c(Cl)c3Oc2c(Cl)c1Cl,-10.015,-11.4795
YFTHZRPMJXBUME-UHFFFAOYSA-N,CCCN(CCC)CCC,-1.343,-2.4722202552000003
FLBJFXNAEMSXGL-UHFFFAOYSA-N,ClC1=C(Cl)C2(Cl)C3C(C(=O)OC3=O)C1(Cl)C2(Cl)Cl,-5.348,-5.1712348525
ZNDGAXCBZGSJGU-UHFFFAOYSA-N,CN1C(=C(NC=O)C(=O)N(C)C1=O)N,-1.295,-1.1831208545999998
LRPCLTPZMUIPFK-UHFFFAOYSA-N,C.O[S](O)(=O)=O,-1.423,-3.3330935045
BBOLNFYSRZVALD-UHFFFAOYSA-N,Ic1ccccc1I,-3.315,-4.217
SVYKKECYCPFKGB-UHFFFAOYSA-N,CN(C)C1CCCCC1,-0.444,-0.9774881423
OVMWPVYEBVFZHM-UHFFFAOYSA-N,OC(=O)C1=CC=CC=C1NC2=CC(=CC=C2)Cl,-4.068,-5.3
UDMBCSSLTHHNCD-UHFFFAOYSA-N,Nc1ncnc2n(cnc12)C3OC(CO[P](O)(O)=O)C(O)C3O,-1.169,-1.9953026194
NJBKUDDWNAXHHT-UHFFFAOYSA-N,CN1N=C(SC1=N[S](=O)(=O)C2=CC=C(C=C2)[N+]([O-])=O)[S](N)(=O)=O,-2.231,-2.7
AUJBYHKZNPPODV-DAXSKMNVSA-N,CCCC\C(=C\C)C(=O)NC(N)=O,-1.462,-2.7883
CXBMCYHAMVGWJQ-UHFFFAOYSA-N,CC(C)=CC1C(C(=O)OCN2C(=O)C3=C(CCCC3)C2=O)C1(C)C,-4.458,-5.26
YBYYCWMPXZRBNJ-UHFFFAOYSA-N,ClC1=C(Cl)C=C(OC2=C(Cl)C(=C(Cl)C(=C2)Cl)Cl)C(=C1)Cl,-9.718,-9.5
ZYIWQQOVIPGGPG-UHFFFAOYSA-N,NC1=CC(S(=O)(=O)O)=CC(C(=O)O)=C1,-1.499,-0.94
UYWQUFXKFGHYNT-UHFFFAOYSA-N,O=COCc1ccccc1,-1.038,-1.6731198028999998
GCPWJFKTWGFEHH-UHFFFAOYSA-N,CC(=O)CC(N)=O,0.501,0.9952273665
HWOGLWGFRRJDEC-UHFFFAOYSA-N,CCCCCCCCCCOC1=CC(O)=C(C(CC)=NO)C=C1,-5.508,-4.06
MYTVVMGUDBRCDJ-UHFFFAOYSA-N,CCCC(C)c1cccc(OC(=O)NC)c1.CCC(CC)c2cccc(OC(=O)NC)c2,-5.989,-3.947
ZDDUHNKTNDBKLW-UHFFFAOYSA-N,CCCCCCCCC(CO[N+](=O)O)O[N+](=O)O,-3.631,-5.72
KDWQYMVPYJGPHS-UHFFFAOYSA-N,COc1ccsc1CN(C(=O)CCl)c2c(C)cccc2C,-6.121,-4.4689
CRIZPXKICGBNKG-UHFFFAOYSA-N,O=C1Nc2nc[nH]c2C=N1,-2.058,-1.7136
NALZTFARIYUCBY-UHFFFAOYSA-N,CCCC[N+]([O-])=O,-0.772,-1.3506
QEDJMOONZLUIMC-UHFFFAOYSA-N,CC(C)(C)c1ccc(C=C)cc1,-4.245,-4.5633510279000005
NBYNVBRXIUUSIG-UHFFFAOYSA-N,OC(=O)c1ccccc1C(=O)c2ccc(cc2)c3ccccc3,-5.497,-4.8282334666
GBFBZNVXLZXZMP-GTHSLJRASA-K,[Na+].[Na+].[Na+].Cc1ccccc1Nc2nc(Cl)nc(Nc3cc(cc4C=C(/C(=N/Nc5ccccc5[S]([O-])(=O)=O)C(=O)c34)[S]([O-])(=O)=O)[S]([O-])(=O)=O)n2,-2.118,-0.4572403676
ATXPWKWYLDEURI-UHFFFAOYSA-N,CCNc1cc(C#N)c(N)c2C(=O)c3ccccc3C(=O)c12,-5.348,-7.6382805905
ZPOBHUZRVVTGKB-UHFFFAOYSA-N,ClC1=CC=C(OC2=CC=C(Cl)C(=C2Cl)Cl)C=C1,-7.66,-7.01
SCWKRWCUMCMVPW-UHFFFAOYSA-N,c1ccccc1(OC(=O)NC),-1.491,-1.803
YWFWDNVOPHGWMX-UHFFFAOYSA-N,CCCCCCCCCCCCN(C)C,-3.551,-4.4261227438
BRBAEHHXGZRCBK-UHFFFAOYSA-N,OCC(CO[N+]([O-])=O)(CO[N+]([O-])=O)CO[N+]([O-])=O,-1.712,-1.585
IAYPIBMASNFSPL-UHFFFAOYSA-N,C1CO1,2.051,1.356
YDTHLPPWECZIOH-UHFFFAOYSA-N,CCN(C(N)=O)C1=CC=C(OC)C=C1,-1.812,-1.27
GPHQHTOMRSGBNZ-UHFFFAOYSA-N,N#Cc1ccncc1,-0.689,-0.4154
KBEBGUQPQBELIU-UHFFFAOYSA-N,O=C(OCC)C=Cc(cccc1)c1,-2.346,-3.0
OWDLFBLNMPCXSD-UHFFFAOYSA-N,Cc1cccc(C)c1N(C2CCOC2=O)C(=O)CCl,-3.65,-3.2855
NEHNMFOYXAPHSD-SNVBAGLBSA-N,C[C@H](CCC=C(C)C)CC=O,-2.508,-3.243750947
UEGBWDUVDAKUGA-UHFFFAOYSA-N,CC(CCCC(C)C=O)CCC=C(C)C,-4.78,-5.496890424
UQIKOYWGLUXMNE-UHFFFAOYSA-N,COC(=O)C1CCCN1C(=O)COC(=O)C2=CC=CC=C2,-2.29,-2.08
AOQMRUTZEYVDIL-UHFFFAOYSA-N,NC(=O)c1nn(c2ccc(Cl)c(COCC(F)(F)C(F)(F)F)c2)c(n1)c3ccccc3,-6.412,-5.6635
XRKJBJLXKLOLKS-UHFFFAOYSA-N,CCC(CC)CC1(CCCCC1)C(O)=O,-3.717,-4.281694517
MVIFQPPFCHUSIH-UHFFFAOYSA-N,O=C1c2ccccc2C(=O)c3c(Nc4nc(Nc5cccc6C(=O)c7ccccc7C(=O)c56)nc(n4)c8ccccc8)cccc13,-8.362,-7.77786597
BSYNRYMUTXBXSQ-UHFFFAOYSA-N,O=C(Oc(c(ccc1)C(=O)O)c1)C,-1.858,-1.72
PTFJIKYUEPWBMS-UHFFFAOYSA-N,CCN(CC(C)=C)c1c(cc(cc1N(=O)=O)C(F)(F)F)N(=O)=O,-4.771,-6.124
MXBNEEHQIDLPLQ-UHFFFAOYSA-N,O=C1NC2=C(C=CC=C2)C(=O)N2CCCC12,-2.419,-3.75
PTOPHPNCDGAXGC-UHFFFAOYSA-N,N1c2ccc3ccccc3c2Sc4c1ccc5ccccc45,-7.213,-6.8786
KRTSDMXIXPKRQR-UHFFFAOYSA-N,CNC(=O)C=C(C)OP(=O)(OC)OC,-0.228,0.6509999999999999
UHONRUDDOVMSCJ-UHFFFAOYSA-N,CC1(C)C(=O)C(=O)C2CCC1C2,-1.457,-1.52
PZIMIYVOZBTARW-UHFFFAOYSA-N,CCN(C(=O)N(CC)c1ccccc1)c2ccccc2,-3.908,-3.5256277962
AIVVKKOTAISCNQ-UHFFFAOYSA-N,OC(=O)C(S)CS,0.239,-0.2374
PUYXTUJWRLOUCW-UHFFFAOYSA-N,CCCN(CC)CC1COC2(CCC(CC2)C(C)(C)C)O1,-2.825,-2.8014
HFVPPHLKEKRGHI-UHFFFAOYSA-N,CCC(=O)OC1=CC=C(NC(C)=O)C=C1,-2.605,-2.72
WXRGTYANXHSUOX-UHFFFAOYSA-N,[K+].OC(=O)CCCCC(O)=O,-0.484,0.7322652276999999
OUDSBRTVNLOZBN-UHFFFAOYSA-N,Cc1ccc(cc1)[S](=O)(=O)NC(=O)NN2CCCCCC2,-3.075,-3.6778
KEZJTZQNDCLRDB-UHFFFAOYSA-N,COC(=O)c1ccc(C(=O)OC)c(c1)N=NC(C(C)=O)C(=O)Nc2ccc3NC(=O)Nc3c2,-6.088,-6.3140693713
JNIGYQOBELCEIZ-MAKDUZDQSA-L,[Ba++].Cc1cc(N\N=C\2C(=O)C=Cc3ccccc23)c(cc1Cl)[S]([O-])(=O)=O.Cc4cc(N\N=C\5C(=O)C=Cc6ccccc56)c(cc4Cl)[S]([O-])(=O)=O,-4.098,-6.156487599
AOOKHLGAVNECET-UHFFFAOYSA-N,CCC(C)C(C)C(C)CCc1ccc(O)cc1,-4.687,-5.1824053879
NCXMLFZGDNKEPB-UHFFFAOYSA-N,O1C(C)C(O)C(N)C(O)C1OC2C=CC=CC=CC=CCC(C)OC(=O)C=CC(O3)C3CC(O)CC4(O)OC(C(C(=O)O)C(O)C4)C2,-2.764,-3.21
PFRYFZZSECNQOL-UHFFFAOYSA-N,CC1=C(N)C=CC(N=NC2=C(C)C=CC=C2)=C1,-3.994,-4.05
CCGPUGMWYLICGL-UHFFFAOYSA-N,CCCCN(C)C(=O)Nc1ccc(Cl)c(Cl)c1,-4.144,-4.7584
ZGSCRDSBTNQPMS-UJURSFKZSA-N,CCOC1=C(O)C(=O)O[C@@H]1[C@@H](O)CO,-0.43,0.5809706515999999
QETYUVKBQJLLLM-UHFFFAOYSA-N,CC(=O)NC(CC1=CC=C(OC(C)=O)C=C1)C(N)=O,-2.213,-1.9
ILVXOBCQQYKLDS-UHFFFAOYSA-N,[O-][n+]1ccccc1,0.434,1.0218
SABZADASYUNNOZ-UHFFFAOYSA-N,CCCCCCCCNCC(O)CO,-0.652,-2.22
WOCXQMCIOTUMJV-UHFFFAOYSA-N,NC(=O)C1=CC(=C(C=C1[N+]([O-])=O)[N+]([O-])=O)N2CC2,-2.874,-2.3
ZEMGGZBWXRYJHK-UHFFFAOYSA-N,O=C1NC(=S)NC=C1,-1.839,-2.2573
ZQSXNBHXKJQHBH-UHFFFAOYSA-N,CC12CCC(=O)CC1CCC3C4CCC(OC=O)C4(C)CCC23,-5.201,-5.32
BASMANVIUSSIIM-UHFFFAOYSA-N,ClCc1ccccc1Cl,-3.024,-3.2069094899
BUAXMSGDEZZOJD-UHFFFAOYSA-N,ClC1=CC=C(OC2=CC(=C(Cl)C(=C2)Cl)Cl)C(=C1)Cl,-8.589,-7.89
FTWCSAMTIKSPAT-UHFFFAOYSA-M,[Na+].CCCCCCCCCO[S]([O-])(=O)=O,0.266,-0.1361989598
SZSNDQZFLGGEBX-UHFFFAOYSA-N,COC1=CC=C2C=C(C=CC2=C1)C(C)C(=O)OCCOC(=O)CN,-3.202,-1.98
KZQJKVJONMBQQU-UHFFFAOYSA-N,NC(CC1=CC(=C(O)C=C1)O)C(=O)OCC2=CC=CC=C2,-2.879,-1.81
HTXSZYABOIULBS-ZHMXUHHZSA-K,[Na+].[Na+].[Na+].CN(c1ccc2c(c1)C=C(/C(=N/Nc3ccccc3[S]([O-])(=O)=O)C2=O)[S]([O-])(=O)=O)c4nc(Cl)nc(Nc5cccc(c5)[S]([O-])(=O)=O)n4,-2.069,-0.7520299872
XEBWQGVWTUSTLN-UHFFFAOYSA-M,CC(=O)O[Hg]c1ccccc1,-1.954,-1.8868
PTVZQOAHCSKAAS-UHFFFAOYSA-N,CNC(=S)NN,0.248,-0.465572855
MUPFEKGTMRGPLJ-ZQSKZDJDSA-N,OC[C@H]1O[C@H](OC[C@H]2O[C@H](O[C@]3(CO)O[C@H](CO)[C@@H](O)[C@@H]3O)[C@H](O)[C@@H](O)[C@@H]2O)[C@H](O)[C@@H](O)[C@H]1O,-0.298,-0.3962
MEZLKOACVSPNER-GFCCVEGCSA-N,C[C@H](CC1=CC=CC=C1)N(C)CC#C,-2.041,-2.51
UIXFPIHXQQZAGX-UHFFFAOYSA-N,COc1ccc(NC(=O)c2cc3ccccc3cc2O)cc1,-5.58,-5.2632246549
KQVLODRFGIKJHZ-UHFFFAOYSA-N,NC(=O)NCNC(N)=O,-0.443,-0.6525
UOORRWUZONOOLO-UPHRSURJSA-N,ClC\C=C/Cl,-1.39,-1.706753006
WFXHUBZUIFLWCV-UHFFFAOYSA-N,CCCCCCCC(=O)OCC(C)(C)COC(=O)CCCCCCC,-6.549,-6.8531467823000005
MTDIDKAIUDTPOH-UHFFFAOYSA-N,CCOC(=O)C(CCC1=CC=CC=C1)NC(C)CN1CCCC1C(=O)O,-2.294,-1.24
CHTHALBTIRVDBM-UHFFFAOYSA-N,OC(=O)c1oc(cc1)C(O)=O,-1.346,-2.2396237358
BBDKZWKEPDTENS-UHFFFAOYSA-N,C=CC1CCC=CC1,-3.331,-3.3351930307
DSRZQIDFVZUCGM-UHFFFAOYSA-N,CCCCCCCCOC(=O)C1=CC(Br)=C(O)C=C1,-4.974,-4.52
FMKOJHQHASLBPH-UHFFFAOYSA-N,CC(C)I,-0.861,-2.0843
VVQNEPGJFQJSBK-UHFFFAOYSA-N,O=C(OC)C(=C)C,0.145,-0.8
KHKOSGDSOXGMOO-UHFFFAOYSA-N,CC(C)CC1=CC=C(C=C1)C(C)C(=O)OCC(=O)N(C)CC(N)=O,-2.961,-3.41
RNZKLCFIOUEXOM-SJIPCVTESA-N,CC(=O)Nc1ccc(NC(=O)C2=Cc3ccccc3C(=N/Nc4cc(ccc4Cl)C(N)=O)/C2=O)cc1,-7.729,-7.304443806799999
BSMGLVDZZMBWQB-UHFFFAOYSA-N,CC(C)C(=O)c1ccccc1,-1.932,-2.35661526
KMAQZIILEGKYQZ-UHFFFAOYSA-N,[O-][N+](=O)c1cccc(Cl)c1,-2.515,-2.7612722995
VLFBSPUPYFTTNF-UHFFFAOYSA-N,COc1ccc(CC(C)C=O)cc1,-2.26,-2.24666187
OOHIAOSLOGDBCE-UHFFFAOYSA-N,CC(C)Nc1nc(Cl)nc(NC2CC2)n1,-3.101,-3.5185
CFKMVGJGLGKFKI-UHFFFAOYSA-N,Cc1cc(O)ccc1Cl,-1.781,-1.5704
LWRBVKNFOYUCNP-UHFFFAOYSA-N,CSc1ccc(cc1)C(=O)C(C)(C)N2CCOCC2,-2.322,-4.1933811426
LXFXKKKZRKUZPC-UHFFFAOYSA-N,CCC(CCC(O)=O)C(C)=O,-0.822,-0.451
NQQVFXUMIDALNH-UHFFFAOYSA-N,Nc1c(Cl)c(Cl)nc(C(O)=O)c1Cl,-2.566,-2.7494
DSKGJDYCSBLEMI-UHFFFAOYSA-K,[Na+].[Na+].[Na+].NC(=O)Nc1cc(Nc2nc(N)nc(Cl)n2)ccc1N=Nc3cc4c(cc(cc4[S]([O-])(=O)=O)[S]([O-])(=O)=O)cc3[S]([O-])(=O)=O,-1.791,-1.0000005869
YHQRYZGDQCSHFO-UHFFFAOYSA-N,ClC1=CC=C(OC2=CC(=CC(=C2Cl)Cl)Cl)C=C1,-7.689,-7.14
YLUIKWVQCKSMCF-UHFFFAOYSA-N,[O--].[O--].[Mg++].[Ca++],-3.442,-1.9883562334
QPRQEDXDYOZYLA-UHFFFAOYSA-N,CCC(C)CO,0.3,-0.4681010618999999
TYMRLRRVMHJFTF-UHFFFAOYSA-N,NCc1ccc(cc1)[S](N)(=O)=O,-0.966,0.321
FKSRSWQTEJTBMI-UHFFFAOYSA-N,Nc1ccc(cc1N)[S](O)(=O)=O,-1.352,-1.1812163945
FOANIXZHAMJWOI-UHFFFAOYSA-N,CC(C)OC(=O)C(O)(c1ccc(Br)cc1)c2ccc(Br)cc2,-4.99,-4.933
PBKONEOXTCPAFI-UHFFFAOYSA-N,Clc1ccc(Cl)c(Cl)c1,-3.801,-3.7024520783
KOKXAPDKXDSOEG-UHFFFAOYSA-L,[Co++].CCC(C)(CCC(C)C)C([O-])=O.CCC(C)(CCC(C)C)C([O-])=O,-3.684,-2.7160174073000003
SEGSDVUVOWIWFX-UHFFFAOYSA-N,CCOC(=O)C(C1=C(O)Oc2ccccc2C1=O)C3=C(O)Oc4ccccc4C3=O,-6.074,-3.4264
GHMLBKRAJCXXBS-UHFFFAOYSA-N,Oc1cccc(O)c1,-0.554,1.0034883278
ATCRIUVQKHMXSH-UHFFFAOYSA-N,OC(=O)c1ccc(Cl)cc1Cl,-2.581,-2.6003
FTZILAQGHINQQR-UHFFFAOYSA-N,CCCC(C)C=O,-0.645,-1.3774493615
RAFOHKSPUDGZPR-UHFFFAOYSA-N,CCC=C(C)C1(CC)C(=O)NC(=O)NC1=O,-2.111,-2.31
OKXVARYIKDXAEO-UHFFFAOYSA-N,CC(C)(C)C(C)(C)O,-0.599,-0.723
RAZBZSZIUMDHTB-WZTFRFCZSA-I,[Na+].[Na+].[Na+].[Na+].[Na+].Nc1nc(Cl)nc(Nc2ccc(c(N\N=C/3C(=O)c4c(N)c(N=Nc5cc(ccc5[S]([O-])(=O)=O)[S]([O-])(=O)=O)c(cc4C=C3[S]([O-])(=O)=O)[S]([O-])(=O)=O)c2)[S]([O-])(=O)=O)n1,-1.468,-0.5908005839
BSWWXRFVMJHFBN-UHFFFAOYSA-N,Oc1c(Br)cc(Br)cc1Br,-2.77,-3.6745
CJDRUOGAGYHKKD-QFTSDIPNSA-N,CC[C@@H]1[C@@H](O)N2[C@H]3C[C@@H]1C4C(O)[C@@]5(C[C@H]24)[C@H]3N(C)c6ccccc56,-2.429,-2.8266
JANFYPHFIPGYTQ-UHFFFAOYSA-M,[O-][S](=O)(=O)c1ccc2oc3ccccc3c2c1,-0.709,-0.4655
SBOSGIJGEHWBKV-UHFFFAOYSA-L,CCCCCCCC[Sn](Cl)(Cl)CCCCCCCC,-7.447,-5.4150412012
HOEFWOBLOGZQIQ-UHFFFAOYSA-N,S=C(SN1CCOCC1)N2CCOCC2,-2.121,-3.2913006621
QILSFLSDHQAZET-UHFFFAOYSA-N,OC(c1ccccc1)c2ccccc2,-1.899,-2.5494
HYHGNKJVAPURSC-UHFFFAOYSA-N,COC1=CC(OC)=CC(C(=O)N(O)C2=C(C)C=CC=C2)=C1,-3.968,-3.65
UWEYRJFJVCLAGH-UHFFFAOYSA-N,FC1(F)C(F)(F)C(F)(F)C2(F)C(F)(F)C(F)(F)C(F)(F)C(F)(F)C2(F)C1(F)F,-7.683,-7.6647115323
UBNYRXMKIIGMKK-RMKNXTFCSA-N,COc1ccc(\C=C\C(=O)OCCC(C)C)cc1,-3.782,-5.4919252104
BBEAQIROQSPTKN-UHFFFAOYSA-N,c1cc2ccc3cccc4ccc(c1)c2c34,-5.775,-6.1787966156
ZFGVCDSFRAMNMT-WAYWQWQTSA-N,COC(OC)\C=C/C(OC)OC,0.431,0.055
DSSYKIVIOFKYAU-XVKPBYJWSA-N,CC1(C)[C@H]2CC[C@@]1(C)C(=O)C2,-1.801,-3.1825
UYCICMIUKYEYEU-ZHACJKMWSA-N,CCCCCCCCC\C=C\CC1CC(=O)OC1=O,-4.521,-4.4255032449
AUIKJTGFPFLMFP-UHFFFAOYSA-N,CC(C)N(N=O)C(C)C,-0.201,-1.0006
HOVVFNPKGWZRTE-UHFFFAOYSA-N,NC1=C2C=C(F)C=CC2=NC2=C1C=CC=C2,-3.991,-2.4
CXKWCBBOMKCUKX-UHFFFAOYSA-M,[Cl-].CN(C)c1ccc2nc3ccc(cc3[s+]c2c1)N(C)C,-0.997,-0.8655
KKGIDNSPWHBLLE-UHFFFAOYSA-N,CCCCCCCCCOC(=O)c1ccc(N)cc1,-4.683,-6.0
JZHGRUMIRATHIU-UHFFFAOYSA-N,Cc1cccc(C=C)c1,-2.76,-3.1231503041
IXJOSTZEBSTPAG-UHFFFAOYSA-N,CNC(=O)Sc1ccc(O[S](C)(=O)=O)cc1,-2.765,-2.7359
NEPKLUNSRVEBIX-UHFFFAOYSA-N,O=C(OCC1CO1)c2ccc(cc2)C(=O)OCC3CO3,-2.026,-3.5579600556
YHRUOJUYPBUZOS-UHFFFAOYSA-N,ClCCCCl,-1.518,-1.6137
HYNJGJWCXRMUIG-UHFFFAOYSA-N,CCCCC(CC)COC(=O)Nc1ccc(C)c(NC(=O)OCCN(C)C)c1.CC(O)C(O)=O,-3.316,-0.2351938248
YEJRWHAVMIAJKC-UHFFFAOYSA-N,O=C1CCCO1,0.749,1.0650472922
TXTORVZCRUFBBO-UHFFFAOYSA-N,CC(C)(Cl)C(Cl)C,-2.587,-2.69
ARXJGSRGQADJSQ-UHFFFAOYSA-N,COCC(C)O,1.183,1.0451691789
KDSNLYIMUZNERS-UHFFFAOYSA-N,CC(C)CN,1.06,1.1359
NGCCPWWOZGTTHT-UHFFFAOYSA-N,CC(CCNCCNCCC(C)CC(C)(C)C)CC(C)(C)C,-3.286,-2.24
ONCDUCAWXQKSDE-UHFFFAOYSA-M,[Na+].[Cl-].[O-]C(=O)c1ccc[n+](Cc2ccccc2)c1,-0.572,0.5192202667
GMSOIBLTSDGVEX-UHFFFAOYSA-N,CCCO[P](=O)(OC)OC,0.428,0.4733
UGCNRZFAUBJVPT-UHFFFAOYSA-N,C1CCC(CC1)[Sn](C2CCCCC2)C3CCCCC3.O,-5.821,-5.59
ZTQSAGDEMFDKMZ-UHFFFAOYSA-N,CCCC=O,0.683,-0.1590074228
CWJSHJJYOPWUGX-UHFFFAOYSA-N,CC(C)OC(=O)Nc1cccc(Cl)c1,-3.287,-3.3804
JPPLPDOXWBVPCW-UHFFFAOYSA-N,CCCCCCCC(=O)SCCC[Si](OCC)(OCC)OCC,-6.21,-5.8326804614
XNLICIUVMPYHGG-UHFFFAOYSA-N,O=C(CCC)C,0.142,-0.19
MTZQAGJQAFMTAQ-UHFFFAOYSA-N,CCOC(=O)c1ccccc1,-1.681,-2.3999022404
WXNZTHHGJRFXKQ-UHFFFAOYSA-N,Oc1ccc(Cl)cc1,-1.268,-0.6876597172
WSWJIZXMAUYHOE-UHFFFAOYSA-N,COCCOc1c(OC)cc(Cc2cnc(N)nc2N)cc1OC,-3.511,-2.101
XIXADJRWDQXREU-UHFFFAOYSA-M,[Li+].CC([O-])=O,0.68,0.8337672926999999
DFDWGIZZMBNYBV-UHFFFAOYSA-N,CC(C)CC1(C)OCC(CO)O1,-0.603,-0.7059803773000001
BFSVOASYOCHEOV-UHFFFAOYSA-N,CCN(CC)CCO,0.762,0.9311
BYPIURIATSUHDW-UHFFFAOYSA-N,CC(C)Cc1ccc(cc1)C(C)C(=O)NO,-2.679,-3.044
VQBBXLZPRXHYBO-UHFFFAOYSA-N,COc1cc(ccc1C(O)=O)C(O)=O,-1.883,-1.9916
MTLMVEWEYZFYTH-UHFFFAOYSA-N,ClC1=CC(=C(C(=C1)Cl)C2=CC=CC=C2)Cl,-6.098,-6.06
JDSHMPZPIAZGSV-UHFFFAOYSA-N,Nc1nc(N)nc(N)n1,-3.495,-1.5592150485
DCKVNWZUADLDEH-UHFFFAOYSA-N,CCC(C)OC(C)=O,-0.524,-1.2727
PRPINYUDVPFIRX-UHFFFAOYSA-N,OC(=O)Cc1cccc2ccccc12,-2.575,-2.6468
RQFUZUMFPRMVDX-UHFFFAOYSA-N,OCCCBr,0.822,0.0093
QLZHNIAADXEJJP-UHFFFAOYSA-N,O[P](O)(=O)c1ccccc1,-0.398,-1.0269230581
WIUUIGUJULBTKD-UHFFFAOYSA-N,CCc1nc2ncnc(O)c2nc1CC,-2.216,-1.9122
WXUAQHNMJWJLTG-UHFFFAOYSA-N,CC(CC(O)=O)C(O)=O,0.124,0.48
AUFZRCJENRSRLY-UHFFFAOYSA-N,Cc1cc(O)c(C)c(C)c1O,-1.638,-1.6383266335
LXBIFEVIBLOUGU-JGWLITMVSA-N,OC[C@H]1NC[C@H](O)[C@@H](O)[C@@H]1O,0.477,0.4043520428
OENHQHLEOONYIE-JLTXGRSLSA-N,CC1=C(\C=C\C(C)=C\C=C\C(C)=C\C=C\C=C(C)\C=C\C=C(C)\C=C\C2=C(C)CCCC2(C)C)C(C)(C)CCC1,-7.113,-7.553792438099999
FATBKZJZAHWCSL-UHFFFAOYSA-N,Clc1cc(Cl)c(Cl)nc1Cl,-3.74,-3.8614246907
IKECULIHBUCAKR-UHFFFAOYSA-N,CC(C)C(C)(C)O,-0.13,-0.411
ZZLCFHIKESPLTH-UHFFFAOYSA-N,Cc1ccc(cc1)c2ccccc2,-4.02,-4.6185
SAXWRVSDVXCTEL-SOFGYWHQSA-N,CC\C(C)=C\CCC(C)=O,-1.752,-2.1925860364
QAEKNCDIHIGLFI-UHFFFAOYSA-L,[Co++].CCCCC(CC)C([O-])=O.CCCCC(CC)C([O-])=O,-2.593,-5.347977516
MZRUFMBFIKGOAL-UHFFFAOYSA-N,[O-][N+](=O)c1[nH]ncc1,-1.217,-1.2854728211
NBFMTHWVRBOVPE-UHFFFAOYSA-N,Clc1ccc2Oc3cc(Cl)ccc3Oc2c1,-6.198,-7.8292
ZEYHEAKUIGZSGI-UHFFFAOYSA-N,COc1ccc(cc1)C(O)=O,-1.549,-2.458
QALYBHRYGIXHOF-UHFFFAOYSA-N,OC(=O)c1occ(Br)c1,-1.358,-1.1841
GZSOSUNBTXMUFQ-YFAPSIMESA-N,COc1ccc(cc1O)C2=CC(=O)c3c(O)cc(O[C@@H]4O[C@H](CO[C@@H]5O[C@@H](C)[C@H](O)[C@@H](O)[C@H]5O)[C@@H](O)[C@H](O)[C@H]4O)cc3O2,-2.979,-7.505541952200001
BRKFTWHPLMMNHF-UHFFFAOYSA-N,CC1=C(C=C(N)C=C1)[S](O)(=O)=O,-1.21,-1.62
XNKARWLGLZGMGX-UHFFFAOYSA-N,CCOC(=O)CCCOc1ccc(Cl)cc1C,-3.988,-4.4095
JAHJITLFJSDRCG-UHFFFAOYSA-N,Clc1ccc(c(Cl)c1Cl)c2c(Cl)c(Cl)c(Cl)c(Cl)c2Cl,-9.701,-9.29
ISVQSVPUDBVFFU-UHFFFAOYSA-N,FC(F)(F)c1nc2cc(Cl)c(Cl)cc2n1C(=O)Oc3ccccc3,-7.399,-4.4603
BVRIUXYMUSKBHG-UHFFFAOYSA-N,CN(C)c1ccc(cc1)N=Nc2ccc(N)cc2,-3.338,-4.593999999999999
PXNOLLHARLSLHY-UHFFFAOYSA-N,COC(=O)c1ccc(O)c(I)c1,-2.48,-3.3138
DLHQZZUEERVIGQ-UHFFFAOYSA-N,CCC(C)(O)CCCC(C)C,-2.358,-2.6942897822000003
ORDDDNUMJXPGOC-UHFFFAOYSA-N,CC(=O)Nc1cc(ccc1N=Nc2ccc(cc2Cl)[N+]([O-])=O)N(CCOC(C)=O)CCOC(C)=O,-7.218,-6.963714866599999
BRSJKDUSGHPJJY-UHFFFAOYSA-N,CCC(=O)OCN1C(=O)NC=C(F)C1=O,-1.973,-0.77
LLHSEQCZSNZLRI-UHFFFAOYSA-M,[Na+].COC(=O)c1cc(cc(c1)[S]([O-])(=O)=O)C(=O)OC,-0.461,-0.9664819924
CVIOXIJACLUKFU-UHFFFAOYSA-N,CCN(CC)C(=O)CN1C=C(Br)C(=O)C(Br)=C1,-2.472,-2.31
PAIRTJOPUAQMRQ-WHFBIAKZSA-N,CC[C@H]1[C@H](C)OC1=O,-0.124,-0.6665
JKLHHVBMBLUNBW-UHFFFAOYSA-N,[O-][N+](=O)C1=C(C=C(C(=O)NC2CC2)C(=C1)[N+]([O-])=O)N3CC3,-3.927,-3.39
ZWHZXVJDSAKMBA-MGXYOJEMSA-N,CCCCCCCCC\C=C/CCCCCCC(=O)OCCCCCCCC\C=C/CCCCCCCC,-7.996,-7.0277066834
QDOXWKRWXJOMAK-UHFFFAOYSA-N,O=[Cr]O[Cr]=O,-7.162,-7.6862678201
IUGYQRQAERSCNH-UHFFFAOYSA-N,CC(C)(C)C(O)=O,0.118,-0.5635618856
GUBGYTABKSRVRQ-DCSYEGIMSA-N,OC[C@H]1O[C@@H](O[C@H]2[C@H](O)[C@@H](O)[C@H](O)O[C@@H]2CO)[C@H](O)[C@@H](O)[C@H]1O,-0.153,-0.8167
LJUBBLNHYXJKSN-UHFFFAOYSA-N,[O--].[O--].[O--].[Na+].[Na+].[Ti+4],-3.679,-5.805457995399999
GCKMFJBGXUYNAG-UHFFFAOYSA-N,CC12CCC(=O)C=C1CCC1C2CCC2(C)C1CCC2(C)O,-4.543,-3.97
IJGRMHOSHXDMSA-UHFFFAOYSA-N,N#N,-3.011,-0.1901
KOMNUTZXSVSERR-UHFFFAOYSA-N,C=CCN1C(=O)N(CC=C)C(=O)N(CC=C)C1=O,-2.059,-1.8526019693
KZBUYRJDOAKODT-UHFFFAOYSA-N,ClCl,0.903,-1.0513
FRVRYQDYZFDWNR-QUPMIFSKSA-N,COc1ccccc1NC(=O)C2=Cc3ccccc3C(=N/Nc4cc(Cl)ccc4Cl)\C2=O,-8.521,-8.4645677849
SVRNITUASJCBQJ-UHFFFAOYSA-N,CCCCCC1(CC)C(=O)NC(=S)NC1=O,-3.026,-3.71
XUJNEKJLAYXESH-UHFFFAOYSA-N,NC(CS)C(O)=O,0.588,0.3597
FJVAAURIDNIYAE-BJMVGYQFSA-N,NC(=O)N(CCO)/N=C/c1oc(cc1)[N+]([O-])=O,-1.755,-2.6852
LDTLADDKFLAYJA-UHFFFAOYSA-L,[Na+].[Na+].[O-][S](=O)O[S]([O-])=O,-1.559,0.4533910824
STUSTWKEFDQFFZ-UHFFFAOYSA-N,CN(C)C=NC1=C(C)C=C(Cl)C=C1,-2.113,-2.88
REERYFLJRPUSHT-UHFFFAOYSA-N,[Na+].Cc1cccc2n[n-]nc12,-1.307,0.6051674279
JVBNHJDWWBSWLE-UHFFFAOYSA-N,CCOC1CC(C)CC(C)(C)C1,-3.072,-4.1342944341
YDGFMDPEJCJZEV-UHFFFAOYSA-N,Clc1cc(Cl)cc(c1)c2c(Cl)ccc(Cl)c2Cl,-8.001,-7.95
WFFKSTRPZWRBEW-UHFFFAOYSA-N,CCN(CC)c1ccc(N=Nc2c(Br)cc(cc2[N+]([O-])=O)[N+]([O-])=O)c(NC(C)=O)c1,-7.126,-7.379569278300001
JMLWXCJXOYDXRN-UHFFFAOYSA-N,Clc1cccc(I)c1,-3.127,-3.55
VWDVUHHOWAILLC-UHFFFAOYSA-L,[Ca++].CC(=O)C(N=Nc1ccc(cc1[N+]([O-])=O)[S]([O-])(=O)=O)C(=O)Nc2ccccc2.CC(=O)C(N=Nc3ccc(cc3[N+]([O-])=O)[S]([O-])(=O)=O)C(=O)Nc4ccccc4,-4.222,-4.6745621224
JNMRHUJNCSQMMB-UHFFFAOYSA-N,Nc1ccc(cc1)[S](=O)(=O)Nc2sccn2,-2.889,-2.4248
ZDDZPDTVCZLFFC-UHFFFAOYSA-N,Clc1ccc(cc1)c2c(Cl)c(Cl)cc(Cl)c2Cl,-7.941,-7.88
TTXIFFYPVGWLSE-UHFFFAOYSA-P,Fc1ccc(cc1)C([NH+]2CC[NH2+]CC2)c3ccc(F)cc3,-1.824,-2.8786010762
LQZZUXJYWNFBMV-UHFFFAOYSA-N,CCCCCCCCCCCCO,-3.577,-4.9847464515
IYHOIXNPULYXFO-UHFFFAOYSA-N,NCCCCC(NC(=O)c1ccccc1)C(O)=O,-1.484,-2.2845
BRHDDEIRQPDPMG-UHFFFAOYSA-N,CC(C)(O)C1CCC(C)(O1)C=C,-1.368,-1.7997284582
WFADZGFZNJEISA-UHFFFAOYSA-N,CN(CCCCC(O)=O)[S](=O)(=O)c1ccccc1,-2.033,-1.5585
DFXQXFGFOLXAPO-UHFFFAOYSA-N,OC(=O)C1=CC=C(Cl)C(=C1)[N+]([O-])=O,-2.586,-2.76
ATUOYWHBWRKTHZ-UHFFFAOYSA-N,CCC,-0.384,-2.84
KMKWGXGSGPYISJ-UHFFFAOYSA-N,CC(C)(c1ccc(Oc2ccc(N)cc2)cc1)c3ccc(Oc4ccc(N)cc4)cc3,-7.317,-7.191727219600001
COTRONQEHWUCRV-UHFFFAOYSA-N,CCCN(CCC)C(=O)COC(=O)c1ccccc1,-2.763,-2.3791
LXIZRZRTWSDLKK-UHFFFAOYSA-N,CC(C)(c1cc(Br)c(OCC(Br)CBr)c(Br)c1)c2cc(Br)c(OCC(Br)CBr)c(Br)c2,-9.06,-9.8164351053
PUVAFTRIIUSGLK-UHFFFAOYSA-M,[Cl-].C[N+](C)(C)CC1CO1,0.719,0.749634411
FPPLREPCQJZDAQ-UHFFFAOYSA-N,CC(CCC#N)C#N,-0.386,-0.3155007402
FOXFZRUHNHCZPX-UHFFFAOYSA-N,CSC1=NN=C(C(=O)N1N)C(C)(C)C,-1.957,-2.245
FYMCOOOLDFPFPN-UHFFFAOYSA-K,[Fe+3].Cc1ccc(cc1)[S]([O-])(=O)=O.Cc2ccc(cc2)[S]([O-])(=O)=O.Cc3ccc(cc3)[S]([O-])(=O)=O,-0.396,-0.0080331121
OJJZXLAZFFTFNT-AZMQIZTHSA-J,[Li+].[Li+].[Na+].[Na+].COc1cc(ccc1N\N=C/2C(=O)c3c(O)cc(cc3C=C2[S]([O-])(=O)=O)[S]([O-])(=O)=O)N(O)\N=C\4C=CC(=N\N=C\5C(=O)c6c(O)cc(cc6C=C5[S]([O-])(=O)=O)[S]([O-])(=O)=O)\C(=C4)OC,-1.12,-0.9094796777
CPELXLSAUQHCOX-UHFFFAOYSA-M,[Br-],0.386,-0.3762292432999999
OWICEWMBIBPFAH-UHFFFAOYSA-N,O=[P](Oc1ccccc1)(Oc2ccccc2)Oc3cccc(O[P](=O)(Oc4ccccc4)Oc5ccccc5)c3,-7.424,-5.7380720068
TYIXMATWDRGMPF-UHFFFAOYSA-N,[O--].[O--].[O--].[Bi+3].[Bi+3],-3.055,-5.777924821699999
HLUCICHZHWJHLL-UHFFFAOYSA-N,Oc1ccc2c(OCC3(O)CC4=CC(=O)C(=CC4=C23)O)c1O,-3.282,-2.6994
XBBMJUWOCGWHRP-UHFFFAOYSA-N,CCCCCCCC(=O)OCCCOC(=O)CCCCCCC,-5.908,-7.516526119400001
ZZVVDIVWGXTDRQ-UHFFFAOYSA-N,CCCCSC(SCc1ccc(cc1)C(C)(C)C)=Nc2cccnc2,-6.793,-5.5712
WGYFINWERLNPHR-UHFFFAOYSA-N,COc1cccc(c1)[N+]([O-])=O,-2.419,-2.4861
LPIWIOBGUAPNQW-UHFFFAOYSA-N,CC(Cl)[N+]([O-])=O,-0.33,-1.4374
LKKOGZVQGQUVHF-UHFFFAOYSA-N,CCOC(=O)CCCCCC(=O)OCC,-2.204,-2.0408
BPSOMXDZJFRMBW-UHFFFAOYSA-M,[NH4+].[Na+].COc1cc(c(C)cc1NC(=O)C(N=Nc2ccc(cc2)c3sc4c(ccc(C)c4[S]([O-])(=O)=O)n3)C(C)=O)[S]([O-])(=O)=O,-1.222,-0.6230624777
RULKYXXCCZZKDZ-UHFFFAOYSA-N,Oc1cc(Cl)c(Cl)c(Cl)c1Cl,-3.307,-3.15
RDEPSYXOVXRWGR-NSHDSACASA-N,[O-]C(=O)[C@H](Cc1ccccc1)[NH2+]CCC#N,-0.913,-1.4939
PHEOVVDXTQVHAZ-UHFFFAOYSA-N,CC(C)(C)C(=O)OCC(=O)C1(O)CCC2C3CCC4=CC(=O)C=CC4(C)C3C(O)CC12C,-5.002,-4.5835
JYLWMEXEAXNUEF-UHFFFAOYSA-N,COC(=O)C(CO)NC(=O)C(Cl)Cl,-0.74,-0.06
QMKYBPDZANOJGF-UHFFFAOYSA-N,OC(=O)c1cc(cc(c1)C(O)=O)C(O)=O,-2.063,-1.9422995529
HFNGYHHRRMSKEU-UHFFFAOYSA-N,COc1ccc(COC(C)=O)cc1,-1.897,-2.4740066421
KZAUOCCYDRDERY-UITAMQMPSA-N,CNC(=O)O\N=C(SC)\C(=O)N(C)C,-0.868,0.1062
SPNQRCTZKIBOAX-UHFFFAOYSA-N,CCC(C)Nc1c(cc(cc1[N+]([O-])=O)C(C)(C)C)[N+]([O-])=O,-5.097,-5.4703
BEZDDPMMPIDMGJ-UHFFFAOYSA-N,Cc1cc(C)c(C)c(C)c1C,-4.158,-3.9807
ABLLZVRKYUXMHV-UHFFFAOYSA-N,CCCC(=O)[N]1N=CC2=C1N=CNC2=O,-1.879,-3.27
YPNVIBVEFVRZPJ-UHFFFAOYSA-N,[Ag+].[Ag+].O[S](O)(=O)=O,-1.863,-1.5849835397999998
BUHNCQOJJZAOMJ-UHFFFAOYSA-N,CC(C)C(C(=O)OC(C#N)c1cccc(Oc2ccc(Br)cc2)c1)c3ccc(OC(F)F)cc3,-8.329,-8.1731
IMSSROKUHAOUJS-UHFFFAOYSA-N,COC1=CC=C2C3CCC4(C)C(CCC4(O)C#C)C3CCC2=C1,-5.423,-5.49
ODCUSWJXZDHLKV-UHFFFAOYSA-N,OCCN(Cc1ccc(Oc2ccc(cc2)[N+]([O-])=O)cc1)C(=O)C(Cl)Cl,-4.576,-5.1241
LBGDJUYHCRTMQV-UHFFFAOYSA-N,OC(O)(C(=O)Nc1ccccc1)C(=O)Nc2ccccc2,-2.471,-2.4568
ZGWOCNDIGLJDDX-UHFFFAOYSA-N,Cc1ncc2nc(C)c(C)nc2n1,-1.827,-1.1442
XTVVROIMIGLXTD-UHFFFAOYSA-N,[Cu++].[O-][N+]([O-])=O.[O-][N+]([O-])=O,-0.858,0.8661228867
MJIVRKPEXXHNJT-UHFFFAOYSA-N,OC(=O)c1ccnc(c1)C(O)=O,-1.528,-1.8268
MYMOFIZGZYHOMD-UHFFFAOYSA-N,O=O,-2.134,0.0691
MDHYEMXUFSJLGV-UHFFFAOYSA-N,CC(=O)OCCc1ccccc1,-1.922,-2.2317574452
TZIOSYAVRCFFSO-UHFFFAOYSA-N,COC1=C(OC)C2=C(COC2=O)C(N)=C1,-2.581,-2.08
NXBCOPCQMVFRPQ-UHFFFAOYSA-N,CCCCCCOC(=O)C1=CC(I)=C(O)C=C1,-4.132,-4.43
HXHWSAZORRCQMX-UHFFFAOYSA-N,CCCSC1=CC2=C([NH]C(=N2)NC(=O)OC)C=C1,-3.865,-4.22
NIDFGXDXQKPZMA-UHFFFAOYSA-N,O=C1N2c3cccc4cccc(N=C2c5cccc6cccc1c56)c34,-8.12,-7.204596088300001
JRBPAEWTRLWTQC-UHFFFAOYSA-N,CCCCCCCCCCCCN,-3.041,-3.3759
FRKISMRVEIRXFS-UHFFFAOYSA-N,CCCCOC(=O)C(C)OC(C)=O,-1.307,-0.7536
QGXBDMJGAMFCBF-UHFFFAOYSA-N,C1C(O)CC2CCC3C4CCC(=O)C4(C)CCC3C2(C)C1,-4.337,-4.4
OWCNPTHAWPMOJU-UHFFFAOYSA-N,CC(C)(C)CCCO,-0.751,-1.5402
VREZDOWOLGNDPW-UHFFFAOYSA-N,OC1C(O)C(O)C2C(NC(=O)C3=C(O)C4=C(OCO4)C=C23)C1O,-1.868,-3.8
VGSJTKYUFRVBDY-UHFFFAOYSA-N,CCCCCCCCCCCCCCCCCC(=O)NCCNCCNC(=O)CCCCCCCCCCCCCCCCC.CCCCCCCCCCCCCCCCCC(=O)NCCN1CCN=C1CCCCCCCCCCCCCCCCC.CC(O)=O.CC(O)=O,-7.175,-7.138082494500001
LADXKQRVAFSPTR-UHFFFAOYSA-M,[Na+].OCC[S]([O-])(=O)=O,0.965,0.5569422141
YOWNVPAUWYHLQX-UHFFFAOYSA-N,Fc1cccc(F)c1C(=O)NC(=O)Nc2ccc(Cl)c(Oc3ncc(cc3Cl)C(F)(F)F)c2,-8.662,-7.4033
JQCXWCOOWVGKMT-UHFFFAOYSA-N,CCCCCCCOC(=O)C1=C(C(=O)OCCCCCCC)C=CC=C1,-6.555,-8.56
IIUYNOCBVMYAHS-UHFFFAOYSA-N,CC(C)(C)NC(=O)C1N(CSC1(C)C)C(=O)C(O)C(CC2=CC=CC=C2)NC(=O)CC3=CC=CC=C3,-4.099,-3.72
MFDFERRIHVXMIY-UHFFFAOYSA-N,Nc1ccc(C(OCCN(CC)CC)=O)cc1,-1.8,-1.72
ISAVYTVYFVQUDY-UHFFFAOYSA-N,CC(C)(C)CC(C)(C)c1ccc(O)cc1,-3.671,-4.4694622333
ZPVFWPFBNIEHGJ-UHFFFAOYSA-N,CCCCCCC(C)=O,-1.646,-2.1536963273
NYHAZDHVIPVSDM-UHFFFAOYSA-N,CC(C)C1CCC(=NO)C(C1)=NO,-1.569,-2.3903
UUIVKBHZENILKB-UHFFFAOYSA-N,NC(=O)C(Br)(Br)C#N,-0.88,-1.2075
WRFXXJKURVTLSY-UHFFFAOYSA-N,CCC(C)CCCC(C)(C)O,-2.343,-2.7493446847000005
MLGCXEBRWGEOQX-UHFFFAOYSA-N,Clc1ccc(cc1)[S](=O)(=O)c2cc(Cl)c(Cl)cc2Cl,-6.118,-6.6594
IMYCVFRTNVMHAD-UHFFFAOYSA-N,CCC(C)(C)OOC1(CCCCC1)OOC(C)(C)CC,-5.125,-5.4600374185
KNXVOGGZOFOROK-UHFFFAOYSA-N,[Mg++].[Mg++].[Mg++].O[Si]([O-])=O.O[Si]([O-])=O.[O-][Si]([O-])=O.[O-][Si]([O-])=O,-2.458,-6.5789404760000005
CJBMVMMYECULNQ-UHFFFAOYSA-N,CC(C)C1=C(Br)C(=C(C)C=C1C2(O[S](=O)(=O)C3=C2C=CC=C3)C4=CC(=C(O)C(=C4C(C)C)Br)C)O,-7.525,-5.18
ZOPQVUGKTLTCMT-UHFFFAOYSA-N,S.[Ni],-2.139,-3.022952972
ULHWJFTZJZSPCG-UHFFFAOYSA-N,CC(C)CC(NC(=O)C(CC1=C[NH]C=N1)NC(=O)C(CC2=CC=CC=C2)NC(=O)OC(C)(C)C)C(O)CC(=O)NC(CC(C)C)C(=O)NCC3=CC=NC=C3,-4.173,-3.36
WCNLCIJMFAJCPX-UHFFFAOYSA-N,[H+].[Cl-].CCOC(=O)C1(CCN(C)CC1)c2ccccc2,-0.331,-1.6368
JJYPMNFTHPTTDI-UHFFFAOYSA-N,Cc1cccc(N)c1,-0.731,-0.9508352475
BKHZQJRTFNFCTG-UHFFFAOYSA-N,Cc1ccccc1OP(Oc2ccccc2C)Oc3ccccc3C,-7.274,-7.779843060399999
LAOZSCRCYVBSJA-UHFFFAOYSA-N,CC1(C)C(=O)NC(=O)NC1=O,-0.703,-1.74
JXEFLYKRWPXVBB-UHFFFAOYSA-N,O=C1NC(=O)C2(CCCCCCCCC2)C(=O)N1,-2.648,-4.59
HJDUSPQCBUUNBC-UHFFFAOYSA-L,[Na+].[Na+].[Cu].COc1ccc(cc1N)[S]([O-])(=O)=O.Nc2ccc(c(N)c2)[N+]([O-])=O.Oc3cccc([O-])c3,-3.053,-1.5043501961
RVWLHPJFOKUPNM-UHFFFAOYSA-N,Clc1cccc(c1Cl)c2c(Cl)c(Cl)cc(Cl)c2Cl,-8.666,-8.6036
FOQABOMYTOFLPZ-UHFFFAOYSA-N,CCN(CCO)c1ccc(cc1)N=Nc2ccc(cc2)[N+]([O-])=O,-4.184,-6.292999999999999
DLEGDLSLRSOURQ-UHFFFAOYSA-N,FC(F)(F)COC=C,-0.858,-1.4780000000000002
XPDWGBQVDMORPB-UHFFFAOYSA-N,FC(F)F,-0.171,-1.2334
QDTDKYHPHANITQ-UHFFFAOYSA-N,CC(C)CCCCCCO,-1.984,-2.487
PNWYPUYECVECFF-UHFFFAOYSA-N,[O-][N+](=O)c1ccc(cc1)N=Nc2ccc(cc2)N(CCOCCC#N)CCC#N,-6.205,-4.5937500267
KUIXZSYWBHSYCN-UHFFFAOYSA-L,[Na+].[Na+].Nc1c2C(=O)c3ccccc3C(=O)c2c(Nc4cccc(c4)[S](=O)(=O)CCO[S]([O-])(=O)=O)cc1[S]([O-])(=O)=O,-0.845,-0.4545358261
ICTGBOFCIDHVPA-UHFFFAOYSA-N,C[S](=O)(=O)N[S](C)(=O)=O,-0.079,0.0402
DSVOTYIOPGIVPP-UHFFFAOYSA-N,CNC(=O)OCc1ccc(Cl)c(Cl)c1,-3.13,-3.1389
HNURKXXMYARGAY-UHFFFAOYSA-N,CC(C)(C)c1cc(CO)cc(c1O)C(C)(C)C,-3.031,-4.0127821042
INCSQLZZXBPATR-UHFFFAOYSA-N,COC(=O)c1nccnc1N,-1.049,-1.6422660516999998
WNJSKZBEWNVKGU-UHFFFAOYSA-N,COC(Cc1ccccc1)OC,-1.23,-1.6296186709
JYGXADMDTFJGBT-UHFFFAOYSA-N,CC12CC(O)C3C(CCC4=CC(=O)CCC34C)C2CCC1(O)C(=O)CO,-2.887,-3.09
RRBMVWQICIXSEO-UHFFFAOYSA-N,OC1=C(Cl)C(Cl)=C(Cl)C(Cl)=C1O,-2.572,-3.55
VXPLXMJHHKHSOA-UHFFFAOYSA-N,CC(C)OC(=O)Nc1ccccc1,-2.242,-3.0005
PQMRKLSVUBRLLQ-XSYGEPLQSA-N,CC[C@]12CC[C@H]3[C@@H](CCC4=C3CC=C(C4)OC)[C@@H]1CCC2=O,-5.537,-5.363817292
HALPFWFCTAYLEL-UHFFFAOYSA-J,[K+].[K+].[Zn++].[O-]C(=O)CN(CCN(CC([O-])=O)CC([O-])=O)CC([O-])=O,-0.324,0.237458201
ZCVAOQKBXKSDMS-UHFFFAOYSA-N,CC(C)=CC1C(C(=O)OC2CC(=O)C(=C2C)CC=C)C1(C)C,-5.184,-4.8179
KQTIIICEAUMSDG-UHFFFAOYSA-N,OC(=O)CC(CC(O)=O)C(O)=O,-0.22,0.275
JZFPYUNJRRFVQU-UHFFFAOYSA-N,OC(=O)c1cccnc1Nc2cccc(c2)C(F)(F)F,-3.927,-4.1718
WCIZDTOYENGUEG-BYPYZUCNSA-N,CCSC(=S)N[C@@H](C)C(O)=O,-1.221,-0.9613
XBOWKFFJMDFKOW-UHFFFAOYSA-N,CC(C)=NNC(=O)Nc1ccc(cc1)[N+]([O-])=O,-3.725,-3.5952
KIDJHPQACZGFTI-UHFFFAOYSA-N,O[P](O)(=O)CN(CCCCCCN(C[P](O)(O)=O)C[P](O)(O)=O)C[P](O)(O)=O,0.31,-1.5161
PIAZYBLGBSMNLX-UHFFFAOYSA-N,ClCCCN1CCOCC1,-0.168,0.7860892979999999
PDZKZMQQDCHTNF-UHFFFAOYSA-M,[Cu+].[S-]C#N,-0.632,-4.8040109101
HYDYEUKNONPEFM-UHFFFAOYSA-N,CC(=O)OC1=CC=C(NC(=O)NC2=CC=CC=C2)C=C1,-4.448,-4.44
GHVNFZFCNZKVNT-UHFFFAOYSA-N,CCCCCCCCCC(O)=O,-2.675,-3.4452161366000005
MMTJWDQKGUNSDK-UHFFFAOYSA-N,Clc1cc(Cl)c(c(Cl)c1)c2c(Cl)c(Cl)cc(Cl)c2Cl,-9.386,-8.4901
OMFXVFTZEKFJBZ-HJTSIMOOSA-N,C[C@]12C[C@H](O)[C@H]3[C@@H](CCC4=CC(=O)CC[C@]34C)[C@@H]1CC[C@@H]2C(=O)CO,-3.486,-3.2408
GPKJTRJOBQGKQK-UHFFFAOYSA-N,CCN(CC)CCCC(C)NC1=C2C=C(OC)C=CC2=NC2=C1C=CC(Cl)=C2,-4.605,-2.64
WDTZNHRKHNKDOU-UHFFFAOYSA-M,[Cl-].CCNc1cc2[o+]c3cc(NCC)c(C)cc3c(c2cc1C)c4ccccc4C(=O)OC,-2.542,-1.3909846109
ZKGSEEWIVLAUNH-UHFFFAOYSA-N,Clc1cccc(c1)c2ccc(Cl)c(Cl)c2Cl,-7.035,-6.77
ACBFJDARQXVXLX-UHFFFAOYSA-M,[Cl-].CCN(CC[N+](C)(C)CC(C)O)c1ccc(cc1)N=Nc2ccc(cc2Cl)[N+]([O-])=O,-2.431,-0.5518943050999999
DTAPQAJKAFRNJB-UHFFFAOYSA-N,CNC(=O)Oc1cc(C)cc(c1)C(C)C,-2.954,-3.3575
WJYMPXJVHNDZHD-UHFFFAOYSA-N,CCc1cc(CC)cc(CC)c1,-4.465,-7.0641
XXXSILNSXNPGKG-ZHACJKMWSA-N,CO[P](=O)(OC)OC(/C)=C/C(=O)OC(C)c1ccccc1,-2.108,-2.4973
VWYKSJIPZHRLNO-UHFFFAOYSA-N,Cc1cc(Cl)cc(C)c1O,-2.228,-1.6763
QAISXTKWTBOYAA-UHFFFAOYSA-N,CCC(NC=O)C(O)=O,0.302,-0.5918
YUGWDVYLFSETPE-JLHYYAGUSA-N,CC\C=C(/C)C(OC(=O)C1C(C=C(C)C)C1(C)C)C#C,-5.955,-6.3931
AKUJBENLRBOFTD-RPRRAYFGSA-N,C[C@@H]1C[C@H]2[C@@H]3CCC4=CC(=O)C=C[C@]4(C)[C@@]3(F)[C@@H](O)C[C@]2(C)[C@@]1(O)C(=O)COC(C)=O,-4.472,-4.9
FZEIWORKISALCO-UHFFFAOYSA-N,NC(=O)c1ccccc1OCC=C,-2.013,-2.2273
YFCGDEUVHLPRCZ-UHFFFAOYSA-N,C[Si](C)(C)O[Si](C)(C)O[Si](C)(C)O[Si](C)(C)C,-4.734,-7.6637
UXTDCJJEJZCEBF-BQYQJAHWSA-M,CCOc1ccccc1\C=C\C([O-])=O,-1.475,-3.3248
GSLVKBRGRSHUAU-UHFFFAOYSA-N,CCONC(=O)C1=CN(C)C(=O)C(=C1NC2=CC=C(Br)C=C2F)F,-5.554,-4.19
ZERULLAPCVRMCO-UHFFFAOYSA-N,CCCSCCC,-2.715,-2.58
KMLCDKUGVGTGBJ-UHFFFAOYSA-N,CC(C)c1cc(O[P](=O)(Oc2ccccc2)Oc3ccccc3)cc(c1)c4ccccc4,-7.41,-6.8485
DJHHDLMTUOLVHY-UHFFFAOYSA-N,ClC1=C(Cl)C(Cl)=C2OC3=CC=CC=C3OC2=C1Cl,-8.343,-8.77
PUTUPQVEMBRCAG-UHFFFAOYSA-N,COC(=O)N(C)C(=O)CS[P](C)(=S)OC,-2.349,-1.9563
USMKVLABRYGBJX-UHFFFAOYSA-N,OC(=O)c1cccc2cccc(c12)[N+]([O-])=O,-3.311,-2.7501
XZRHNAFEYMSXRG-UHFFFAOYSA-N,CC1=CC(=C(C)C=C1)C(O)=O,-1.833,-2.92
FEIDIWDEJQVIPO-UHFFFAOYSA-N,ClC1=C(Cl)C(=C(OC2=CC(=C(Cl)C(=C2)Cl)Cl)C=C1)Cl,-9.201,-8.49
XEVRDFDBXJMZFG-UHFFFAOYSA-N,NNC(=O)NN,-0.813,0.4145585536
QEZZCWMQXHXAFG-UHFFFAOYSA-N,Nc1cccc2ccc(cc12)[S](O)(=O)=O,-2.2,-1.6822793230000002
XECLXJZDYKMJFL-UHFFFAOYSA-N,CCC(=O)OC1CCC2(C)C3CCC4(C)C(CCC4=O)C3CC=C2C1,-6.093,-4.69
DCQWRDUXRZSWHI-UHFFFAOYSA-N,CCC(=O)Oc1ccc(cc1)[N+]([O-])=O,-3.104,-3.8925
DDGGEFYAEPNQFB-UHFFFAOYSA-N,O.Cl.[Zn].CC(C)(C)c1cc(C(O)=O)c(O)c(c1)C(C)(C)C,-3.219,-4.8694711026
JXCGFZXSOMJFOA-UHFFFAOYSA-N,CN(C)C(=O)Nc1ccc(C)c(Cl)c1,-2.835,-3.4826
XZIDTOHMJBOSOX-UHFFFAOYSA-N,OC(=O)c1c(Cl)ccc(Cl)c1Cl,-3.174,-1.4666
ZQHKAIDDHTYINE-UHFFFAOYSA-J,[Na+].[Na+].[Mn++].[O-]C(=O)CN(CCN(CC([O-])=O)CC([O-])=O)CC([O-])=O,-0.324,0.024802502
XVQJYCJZQVBVTL-UHFFFAOYSA-N,CCCCCCCCCCCCNC(=O)c1cccnc1,-4.19,-3.2078
CYFLXLSBHQBMFT-UHFFFAOYSA-N,CC1=C(C)N=C(N[S](=O)(=O)C2=CC=C(N)C=C2)O1,-2.965,-2.22
JCLHQFUTFHUXNN-UHFFFAOYSA-N,c1ccc2OC(=O)C(C(C(=O)OCC)C3=C(O)c4ccccc4OC3=O)=C(O)c2c1,-6.014,-3.66
LSQZJLSUYDQPKJ-UHFFFAOYSA-N,CC1(C)SC2C(NC(=O)C(N)C3=CC=C(O)C=C3)C(=O)N2C1C(O)=O,-2.34,-2.17
ZDQYSKICYIVCPN-UHFFFAOYSA-L,[Na+].[Na+].[O-]C(=O)CCC([O-])=O,0.031,0.0914
SUSRORUBZHMPCO-UHFFFAOYSA-N,COC(=O)c1cc(Oc2ccc(Cl)cc2Cl)ccc1[N+]([O-])=O,-6.686,-5.9343
TVYVQNHYIHAJTD-UHFFFAOYSA-N,CC(C)c1ccc2ccccc2c1,-4.304,-5.297999999999999
WPUKZOKYKHYASK-UHFFFAOYSA-N,CC(C)CCCCCCCCCCOC(=O)CCCCC(=O)OCCCCCCCCCCC(C)C,-7.715,-5.708288296799999
ZACVGCNKGYYQHA-UHFFFAOYSA-N,CCCCC(CC)COC(=O)OOC(=O)OCC(CC)CCCC,-5.76,-2.5951754429
BCSGAWBQJHXXSE-UHFFFAOYSA-N,CC(C)CCCCCCCCCCOC(=O)c1ccccc1C(=O)OCCCCCCCCCCC(C)C,-7.882,-5.724958731699999
UUEDINPOVKWVAZ-UHFFFAOYSA-N,CCCCC(CC)COC(=O)c1c(Br)c(Br)c(Br)c(Br)c1C(=O)OCC(CC)CCCC,-8.404,-5.949075231
NZNMSOFKMUBTKW-UHFFFAOYSA-N,OC(=O)C1CCCCC1,-0.611,-1.445031941
XJPZKYIHCLDXST-UHFFFAOYSA-N,Clc1cc(Cl)ncn1,-1.497,-1.4172531143
NFLGAXVYCFJBMK-UHFFFAOYSA-N,O=C(C(CCC1C)C(C)C)C1,-2.065,-2.49
YBAZINRZQSAIAY-UHFFFAOYSA-N,Nc1ccc(cc1)C#N,-1.53,-1.1429743647
VEFLKXRACNJHOV-UHFFFAOYSA-N,BrCCCBr,-1.588,-2.0747
COYBRKAVBMYYSF-UHFFFAOYSA-N,CCCCCC(C)OC(=O)COc1ccc(Cl)c2cccnc12,-5.633,-5.7479695323
HKCXKNGHGLCFHK-UHFFFAOYSA-N,COC1=NC2=C([NH]C=N2)C=N1,-1.28,-1.48
IPVBROHEYXPTBX-UHFFFAOYSA-N,CC[S](=O)(=O)N[S](=O)(=O)CC,-0.321,0.5413
VMQRILJWEHBRPV-UHFFFAOYSA-L,[Ce].[Ce].[O-]C(=O)C([O-])=O,-2.153,-4.8732958362
FYZBOYWSHKHDMT-UHFFFAOYSA-N,CCOC(=O)CCN(SN(C)C(=O)Oc1cccc2CC(C)(C)Oc12)C(C)C,-4.152,-4.7103
UVTXHAOLTBFLDL-UHFFFAOYSA-N,O=C(O)C1=CC=C(P(=O)(C2=CC=CC=C2)C2=CC=C(C(=O)O)C=C2)C=C1,-5.052,-6.01
IDXLLBBFRBQZFE-UHFFFAOYSA-N,CC(C)Cc1sc(N[S](=O)(=O)c2ccc(N)cc2)nn1,-3.259,-3.8226
WKOLLVMJNQIZCI-UHFFFAOYSA-N,COc1cc(ccc1O)C(O)=O,-1.673,-2.0496
XGVHRUPAYMKJBO-UHFFFAOYSA-N,CCCCCC1(CCO)C(=O)NC(=S)NC1=O,-1.998,-2.38
TWIRQKNQTOUPOY-UHFFFAOYSA-I,[Na+].[Na+].[Na+].[Na+].[Na+].NC(=O)Nc1cc(Nc2nc(Cl)nc(Nc3cc(N)c(cc3N=Nc4ccc(cc4)[S](=O)(=O)CCO[S]([O-])(=O)=O)[S]([O-])(=O)=O)n2)ccc1N=Nc5cc6c(cc(cc6[S]([O-])(=O)=O)[S]([O-])(=O)=O)cc5[S]([O-])(=O)=O,-1.706,-0.5105575438000001
RNLHVODSMDJCBR-VURMDHGXSA-N,CC(O)C(C)\C=C/C1CC=C(C)C1(C)C,-2.828,-3.7860287034
OPXLLQIJSORQAM-UHFFFAOYSA-N,COC(=O)NC1=NC2=CC(=CC=C2[NH]1)C(=O)C3=CC=CC=C3,-5.006,-3.88
LAWHHRXCBUNWFI-UHFFFAOYSA-N,CCCCCC(C(O)=O)C(O)=O,-0.873,0.5921
NDKYYKABKLOOAP-UHFFFAOYSA-N,CCN(CC)c1ccc2c(OC(=O)C(=C2C#N)c3sc4ccccc4n3)c1,-6.659,-8.0974343241
GYGVRMLIQVFLPE-UHFFFAOYSA-L,[Na+].[Na+].CCN(Cc1cccc(c1)[S]([O-])(=O)=O)c2ccc(cc2)N=Nc3ccc(N=Nc4cccc(c4)[S]([O-])(=O)=O)c5ccccc35,-1.407,0.1715437669999999
IPENDKRRWFURRE-UHFFFAOYSA-N,Fc1ccc(cc1)N2C(=O)C(=C(Cl)C2=O)Cl,-4.359,-4.6442
KSCAZPYHLGGNPZ-UHFFFAOYSA-N,CCO[Si](CCCCl)(OCC)OCC,-3.365,-3.3285834497000004
MUJOIMFVNIBMKC-UHFFFAOYSA-N,FC1(F)Oc2cccc(c2O1)c3c[nH]cc3C#N,-4.542,-5.1395
OXHDYFKENBXUEM-UHFFFAOYSA-N,OC(=O)CN(C[P](O)(O)=O)C[P](O)(O)=O,0.148,-0.0256
GGAUUQHSCNMCAU-UHFFFAOYSA-N,OC(=O)CC(C(CC(O)=O)C(O)=O)C(O)=O,-0.551,-0.18
YPNZTHVEMNUDND-UHFFFAOYSA-N,CCCCCCCCOC(=O)N,-2.001,-3.3
AKCRQHGQIJBRMN-UHFFFAOYSA-N,Nc1ccccc1Cl,-1.177,-1.3575741458
UGMGEYBGNHXQQO-UHFFFAOYSA-N,CCCCCCCCCC(C)(C)SSC1=NNC(=S)S1,-5.949,-3.9885639112
OPHSDBPYDDKGOA-UHFFFAOYSA-N,CCCCCC1=C2C=CC3=C(C=CC=C3)C2=CC4=C1C=CC=C4,-7.712,-8.57
MVXIJRBBCDLNLX-UHFFFAOYSA-N,Clc1ccccc1c2c(Cl)cccc2Cl,-6.08,-5.9003
ISXSCDLOGDJUNJ-UHFFFAOYSA-N,CC(C)(C)OC(=O)C=C,-1.1,-1.8045937153
YCGWUEYSZNACHN-UHFFFAOYSA-N,CCCCCCCCCC(O)=O.CCCCCCCC(O)=O.CCCCCC(O)=O.CCC(CO)(CO)CO.OC(=O)CCCCC(O)=O,-4.938,-5.8530645557000005
QUKGYYKBILRGFE-UHFFFAOYSA-N,CC(=O)OCc1ccccc1,-1.58,-1.6853
YOVRNJUIHVNXCB-UHFFFAOYSA-N,O=C1CCCCCN1C(=O)NCCCCCCNC(=O)N2CCCCCC2=O,-3.345,-3.9064006561
GJAWHXHKYYXBSV-UHFFFAOYSA-N,OC(=O)C1=CC=CN=C1C(O)=O,-1.491,-1.48
ICSNLGPSRYBMBD-UHFFFAOYSA-N,Nc1ccccn1,-0.107,0.9757
KIGBUEKEZHTCDR-UHFFFAOYSA-N,OC1=C(C2CCCc3ccccc23)C(=O)c4ccccc4O1,-5.427,-4.8638
DTGKSKDOIYIVQL-UHFFFAOYSA-N,CC1(C)C2CCC1(C)C(O)C2,-1.544,-2.3202
WCYYQNSQJHPVMG-UHFFFAOYSA-N,Clc1cc2Oc3c(Cl)c(Cl)c(Cl)c(Cl)c3Oc2cc1Cl,-9.743,-10.9486
VAJVDSVGBWFCLW-UHFFFAOYSA-N,OCCCc1ccccc1,-0.778,-1.3798
CAWSVYYOUZEMHA-UHFFFAOYSA-N,ClC1=CC=C(OC2=CC(=C(Cl)C=C2)Cl)C(=C1)Cl,-7.698,-7.0
UQEAIHBTYFGYIE-UHFFFAOYSA-N,C[Si](C)(C)O[Si](C)(C)C,-2.346,-4.909505216
UHSJNNFEGHBUMV-UHFFFAOYSA-N,CCC(C)C(N)C(=O)OCCCCOC(=O)C(C)C1=CC2=CC=C(OC)C=C2C=C1,-4.857,-4.52
UEWQTRNYJJIPSF-UHFFFAOYSA-N,NC1=NC(=O)N(C2=CC=CC=C2)N1,-2.191,-2.47
DEQITUUQPICUMR-UHFFFAOYSA-N,CC(C)C1(NC(=O)C2CC3C(CC4=C[NH]C5=C4C3=CC=C5)N(C)C2)OC6(O)C7CCCN7C(=O)C(CC8=CC=CC=C8)N6C1=O,-4.793,-5.27
PSTVHRSUNBSVIJ-UHFFFAOYSA-N,CCCCCCC1(CC)C(=O)NC(=O)NC1=O,-2.598,-3.05
VTYYLEPIZMXCLO-UHFFFAOYSA-L,[Ca++].[O-]C([O-])=O,-2.037,-3.7802652447
WDMKCPIVJOGHBF-UHFFFAOYSA-N,Clc1cc2c(oc3c(Cl)c(Cl)c(Cl)c(Cl)c23)c(Cl)c1Cl,-9.996,-11.4817
ZKXDGKXYMTYWTB-UHFFFAOYSA-N,O=NN1CCOCC1,0.582,0.9351
AAKMSGQPNUGLAZ-UHFFFAOYSA-N,O=C(Nc1cccc2C(=O)c3c4[nH]c5c(cc(NC(=O)c6ccccc6)c7C(=O)c8ccccc8C(=O)c57)c4ccc3C(=O)c12)c9ccccc9,-8.432,-5.647161854
FSCPTWHCVYVMGT-UHFFFAOYSA-N,OCN1C(=O)OC2=CC=C(Cl)C=C12,-2.049,-2.7
JEYJJJXOFWNEHN-UHFFFAOYSA-N,ClC1=CC2=C(C(=C1Cl)Cl)C3=C(O2)C(=C(Cl)C(=C3)Cl)Cl,-9.436,-10.3
CBOQJANXLMLOSS-UHFFFAOYSA-N,CCOc1cc(C=O)ccc1O,-1.904,-1.7642022678
KRHYYFGTRYWZRS-UHFFFAOYSA-N,[H+].[F-],-2.033,1.6988
COHYTHOBJLSHDF-YPKPFQOOSA-N,O=C1\C(Nc2ccccc12)=C/3Nc4ccccc4C3=O,-5.522,-6.7197753001
AARNXMRADQFOEB-UHFFFAOYSA-N,CC(=O)C1CCC2C3CCC4=CC(=O)CC(O)C4(C)C3CCC12C,-4.288,-3.82
XRJDITBTRULNOY-UHFFFAOYSA-N,CN(CC(=O)O)C(=S)SCC1=CC=CC=C1,-2.868,-3.23
OAWAZQITIZDJRB-UHFFFAOYSA-N,OC(=O)C(F)(F)Cl,-0.419,0.8845
XPRMZBUQQMPKCR-UHFFFAOYSA-L,[Na+].[Na+].[O-][S](=O)(=O)c1cccc(c1)N=Nc2ccc(N=Nc3ccc(Nc4ccccc4)c5c3cccc5[S]([O-])(=O)=O)c6ccccc26,-1.625,-0.5325397259
ONPVMQLRVWKFFL-UHFFFAOYSA-N,O=C(OCCCc1ccccc1)c2ccccc2,-4.247,-4.8009737888
IMFACGCPASFAPR-UHFFFAOYSA-N,CCCCN(CCCC)CCCC,-2.694,-3.1157
QGDOQULISIQFHQ-UHFFFAOYSA-N,CN1C(=O)N(C)C2=C(N(C)C(=O)N2C)C1=O,-1.258,-0.9527
UIEBGVDTKLYGTN-UHFFFAOYSA-J,[Na+].[Na+].[Na+].[Na+].NC(=O)Nc1cc(Nc2nc(Cl)nc(Nc3cccc(c3)[S](=O)(=O)CCO[S]([O-])(=O)=O)n2)ccc1N=Nc4cc5c(cc(cc5[S]([O-])(=O)=O)[S]([O-])(=O)=O)cc4[S]([O-])(=O)=O,-1.643,-0.4261364852
MENUYOGJCXAFFU-UHFFFAOYSA-N,N#CC(=NNC1=CC=CC=C1)C#N,-2.518,-3.36
VREFGVBLTWBCJP-UHFFFAOYSA-N,CC1=NN=C2CN=C(C3=CC=CC=C3)C4=C(C=CC(=C4)Cl)[N]12,-5.922,-3.6
HMBNQNDUEFFFNZ-UHFFFAOYSA-N,OCCCCOC=C,0.228,-0.18999534
DRUIESSIVFYOMK-UHFFFAOYSA-N,ClC(Cl)(Cl)C#N,-1.092,-2.168
APCDMDJMHYSEPA-UHFFFAOYSA-N,CC(C)COC(=O)[N]1C2=C(C=CC=C2)N=C1C3=CSC=N3,-4.088,-4.17
DUFGYCAXVIUXIP-UHFFFAOYSA-N,OC1=CC(=O)NC=N1,-1.085,-1.5871611222
DPVYDTACPLLHCF-UHFFFAOYSA-N,CC(C)(C)C(=O)OCCc1ccccc1,-3.322,-3.6752800895
UAOMVDZJSHZZME-UHFFFAOYSA-N,CC(C)NC(C)C,0.206,0.0362422138
QVLAWKAXOMEXPM-UHFFFAOYSA-N,ClCC(Cl)(Cl)Cl,-1.951,-2.1955
BCOXBEHFBZOJJZ-ARJAWSKDSA-N,CC\C=C/CCOC(=O)c1ccccc1,-3.407,-3.7048974167
GRRIYLZJLGTQJX-UHFFFAOYSA-N,O=C(NNC(=O)c1ccccc1)c2ccccc2,-3.585,-1.5883
DNPSYFHJYIRREW-UHFFFAOYSA-N,Cc1ccccc1Oc2cccnn2,-2.899,-1.969
UORJNBVJVRLXMQ-UHFFFAOYSA-N,CC(C)C1(CC=C)C(=O)NC(=O)NC1=O,-1.799,-1.712
RKUNSPWAQIUGEZ-UHFFFAOYSA-N,COC(=O)C1=CC(Br)=C(O)C=C1,-2.439,-3.17
FODDJNZEXHBBKD-UHFFFAOYSA-N,CNC1=C(NC2=C3C=CC=CC3=NC3=C2C=CC=C3)C=CC(NS(C)(=O)=O)=C1,-6.424,-2.94
JIKUXBYRTXDNIY-UHFFFAOYSA-N,CN(C=O)c1ccccc1,-0.744,-1.4947809467
BONRIQWDXHCVOH-UHFFFAOYSA-N,O[S](=O)(=O)c1c[nH]cn1,-0.545,0.1304
YZJSKRBKHCLMQC-UHFFFAOYSA-N,Oc1cc2ccccc2cc1C(=O)Nc3cccc(c3)[N+]([O-])=O,-5.562,-6.6438656239
ISRUGXGCCGIOQO-UHFFFAOYSA-N,CNC(=O)Oc1ccccc1OC(C)C,-2.313,-2.0512
ITRNXVSDJBHYNJ-UHFFFAOYSA-N,S=[W]=S,-7.87,-4.1391336425
YCDZXIYKJHQMIG-UHFFFAOYSA-N,CC(=O)OC1(CCC2C3CC(=C)C4=CC(=O)CCC4(C)C3CCC12C)C(C)=O,-5.903,-6.1077931611
UFORAEIAYCSGCR-UHFFFAOYSA-N,COc1ccc(N=NC(C(C)=O)C(=O)Nc2ccccc2OC)c(c1)[N+]([O-])=O,-6.693,-8.3082430527
LJOZMWRYMKECFF-UHFFFAOYSA-N,Ic1ccccc1C(=O)Nc2ccccc2,-4.718,-4.2084
VSAWBBYYMBQKIK-UHFFFAOYSA-N,Cc1c(Cc2cc(c(O)c(c2)C(C)(C)C)C(C)(C)C)c(C)c(Cc3cc(c(O)c(c3)C(C)(C)C)C(C)(C)C)c(C)c1Cc4cc(c(O)c(c4)C(C)(C)C)C(C)(C)C,-8.317,-7.9814736459
TXECTBGVEUDNSL-UHFFFAOYSA-N,CC(=O)OC(OC(C)=O)C=C,-0.523,-1.2449
FUGCGCXGFWNOSY-UHFFFAOYSA-N,CCCCCCCCCCOC(=O)C(C)O,-3.257,-3.06
PSHRTKHMFMNJFD-UHFFFAOYSA-N,CC1=CC=C(OCC(=O)NC2C(=O)N3C2SC(C)(C)C3C(=O)O)C=C1,-3.167,-3.15
CNJRPYFBORAQAU-UHFFFAOYSA-N,CCOCCOCCOC,0.605,0.8291459354999999
RRMZTAWQQFJQHL-UHFFFAOYSA-N,O=CCc1ccc2OCOc2c1,-1.641,-1.96
MFYSYFVPBJMHGN-ZPOLXVRWSA-N,C[C@]12CCC(=O)C=C1CC[C@H]3[C@@H]4CC[C@](O)(C(=O)CO)[C@@]4(C)CC(=O)[C@H]23,-3.135,-3.1097
HIGQPQRQIQDZMP-FLIBITNWSA-N,CC(=O)OC\C=C(C)/CCC=C(C)C,-3.372,-3.7549532157
SATCULPHIDQDRE-UHFFFAOYSA-N,O=Cc1ccc2OCOc2c1,-1.558,-1.6324
KRUVSRGJKCHYMY-UHFFFAOYSA-N,NC(=N)C1=CC(=CC=C1)NC(=O)NC2=CC(=CC=C2)C(N)=N,-3.005,-1.77
WRYLYDPHFGVWKC-UHFFFAOYSA-N,CC(C)C1(O)CCC(=CC1)C,-1.364,-1.9409970697
ZFMSMUAANRJZFM-UHFFFAOYSA-N,COc1ccc(CC=C)cc1,-2.614,-2.9209
LPUQAYUQRXPFSQ-UHFFFAOYSA-M,[Na+].NC(CCC(O)=O)C([O-])=O,0.134,0.3919616292
PFKPABPFEUSONI-ICSRJNTNSA-N,CC[C@]12CCC3=C(CCc4cc(OC)ccc34)[C@@H]1CCC2=O,-6.25,-4.772922847
GUVRBAGPIYLISA-UHFFFAOYSA-N,[Ta],-6.858,-6.9291741838
RXXXPZYBZLDQKP-UHFFFAOYSA-N,NS(=O)(=O)C1=CC=C(NC(=O)CCC(=O)O)C=C1,-1.686,-2.03
DICRHEJCQXFJBY-UHFFFAOYSA-N,CCNC(=O)CS[P](=S)(OC)OC,-1.677,-1.4567
OVISMSJCKCDOPU-UHFFFAOYSA-N,ClCCCCCCCl,-3.348,-3.4346473299
SUVZGLSQFGNBQI-UHFFFAOYSA-N,OC(=O)C(S)CCC(S)C(O)=O,-0.562,-2.4758
UIIMBOGNXHQVGW-UHFFFAOYSA-M,[Na+].OC([O-])=O,-1.551,0.0579609271
LBNXAWYDQUGHGX-UHFFFAOYSA-N,CCCCCCCc1ccccc1,-5.043,-5.5959
BLXXJMDCKKHMKV-UHFFFAOYSA-N,COC1=CC=C2C=C(CCC(C)=O)C=CC2=C1,-4.219,-1.46
BCXKOIICQXXQJZ-UHFFFAOYSA-N,CCCC(=O)OC[N]1C=NC2=C1C(=O)N(C)C(=O)N2C,-1.833,-1.86
QNVNLUSHGRBCLO-UHFFFAOYSA-N,OC(=O)c1cc(O)cc(c1)C(O)=O,-1.852,-2.005111367
ZGEGCLOFRBLKSE-UHFFFAOYSA-N,CCCCCC=C,-3.456,-3.732
HKSVWJWYDJQNEV-UHFFFAOYSA-K,[Sr++].[O-][P]([O-])([O-])=O,-0.248,-3.4683853884
ROSXARVHJNYYDO-UHFFFAOYSA-N,CCCOC(=O)CN1C=C(I)C(=O)C(=C1)I,-2.869,-3.504
ZDTXQHVBLWYPHS-UHFFFAOYSA-N,Cc1ccc(cc1[S](O)(=O)=O)[N+]([O-])=O,-1.428,0.4924399529
BKFXSOCDAQACQM-UHFFFAOYSA-N,OC(=O)c1cccc(Cl)c1C(O)=O,-2.16,-0.976
LGDSHSYDSCRFAB-UHFFFAOYSA-N,CN=C=S,-0.697,-0.9832225904
CYKFQSXTIVGYDT-UHFFFAOYSA-N,CCCCCCC(CC=CCCCCCCCC(O)=O)O[S](O)(=O)=O,-3.021,-0.5781
DXQVFHQUHOFROC-UHFFFAOYSA-N,Fc1ccc(Cc2ccc(F)cc2)cc1,-4.498,-6.912156136599999
KBQVDAIIQCXKPI-UHFFFAOYSA-N,CO[Si](CCCOC(=O)C=C)(OC)OC,-1.587,-4.6063887787
FXNDIJDIPNCZQJ-UHFFFAOYSA-N,CC(=C)CC(C)(C)C,-3.584,-4.688326948
BHUXAQIVYLDUQV-UHFFFAOYSA-N,CCN(CC)CC(C)O,0.387,0.1021113643
GRFNBEZIAWKNCO-UHFFFAOYSA-N,Oc1cccnc1,-0.003,-0.4557
RXNXODTWPQTIHO-UHFFFAOYSA-N,CC(C)C(NCCC#N)C(=O)O,-0.458,-1.12
SFTFTJMAUOPCTA-UHFFFAOYSA-N,CCCCC(=O)OCSC1=NC=NC2=C1N=C[NH]2,-2.691,-3.1
PQXKHYXIUOZZFA-UHFFFAOYSA-M,[Li+].[F-],-2.033,-1.2901015882
DFCAFRGABIXSDS-UHFFFAOYSA-N,CCSC(=O)N(CC)C1CCCCC1,-2.639,-3.4037
OJHDVAOAFKILCS-UHFFFAOYSA-N,N[S](=O)(=O)C1=CC=C(NC2=NC(=NC=C2)N[S](=O)(=O)C3=C(F)C(=C(F)C(=C3F)F)F)C=C1,-4.654,-1.57
XAGFYNSCWICYPA-UHFFFAOYSA-N,CNC(=O)C1=CC=C(N)C=C1,-1.432,-1.24
LAIGWNLGTIDKPL-UHFFFAOYSA-N,O=C1CCCCCNC(=O)CCCCCNC(=O)CCCCCNC(=O)CCCCCN1,-3.718,-2.8126
XDOTVMNBCQVZKG-MKICQXMISA-N,CSC(/C)=N/OC(=O)N(C)SN(C)C(=O)O\N=C(/C)SC,-2.387,-4.0055
RAFOHKSPUDGZPR-VOTSOKGWSA-N,CC/C=C(C)/C1(CC)C(=O)NC(=O)NC1=O,-2.111,-2.31
ATVJXMYDOSMEPO-UHFFFAOYSA-N,C=CCOCC=C,-0.559,-0.0206
XTXRWKRVRITETP-UHFFFAOYSA-N,CC(=O)OC=C,0.579,-0.6339227122
WIKYUJGCLQQFNW-UHFFFAOYSA-N,CN1CCN(CCCN2c3ccccc3Sc4ccc(Cl)cc24)CC1,-3.635,-4.3979
OVSKIKFHRZPJSS-UHFFFAOYSA-N,OC(=O)COc1ccc(Cl)cc1Cl,-2.812,-2.5139
KYHQZNGJUGFTGR-UHFFFAOYSA-N,CC(O)Cn1cnc2N(C)C(=O)N(C)C(=O)c12,-1.091,0.623
RQKFYFNZSHWXAW-UHFFFAOYSA-N,Cc1ccc(N)cc1Cl,-1.721,-1.7531263116999998
ALRLPDGCPYIVHP-UHFFFAOYSA-N,[O-][N+](=O)c1ccc2ccc3cccc4ccc1c2c34,-6.14,-7.3213
DGSZGZSCHSQXFV-UHFFFAOYSA-N,CCCCC(CC)C(=O)OCC(COC(=O)C(CC)CCCC)OC(=O)C(CC)CCCC,-7.051,-6.97376589
BSKHPKMHTQYZBB-UHFFFAOYSA-N,Cc1ccccn1,-0.127,1.0309150604
SLZWEMYSYKOWCG-UHFFFAOYSA-N,COCCO[Si](CCCl)(OCCOC)OCCOC,-1.464,-1.1029
YEYRLCHTGWGSQF-UHFFFAOYSA-J,[Na+].[Na+].[Na+].[Na+].Oc1cc(O)c(cc1N=Nc2ccc(Nc3ccc(cc3[S]([O-])(=O)=O)[N+]([O-])=O)cc2)N=Nc4cc(cc5cc(c(N=Nc6ccc(Nc7ccc(cc7[S]([O-])(=O)=O)[N+]([O-])=O)cc6)c(O)c45)[S]([O-])(=O)=O)[S]([O-])(=O)=O,-3.887,-0.7667514499
RUVINXPYWBROJD-UHFFFAOYSA-N,O(c(ccc(c1)C=CC)c1)C,-2.552,-3.13
RSPPUQXSQYBMEE-UHFFFAOYSA-N,CCN2c1nc(N(C)(CCO))ccc1NC(=O)c3cccnc23 ,-2.571,-3.36
LHIJANUOQQMGNT-UHFFFAOYSA-N,NCCNCCO,1.282,0.9823282162
JFNLZVQOOSMTJK-UHFFFAOYSA-N,C1CC2CC1C=C2,-2.688,-2.8477212054
MWKULKMSBBSGTP-UHFFFAOYSA-N,Clc1ccc(Oc2ccccc2Cl)cc1,-5.619,-5.52
XJRBAMWJDBPFIM-UHFFFAOYSA-N,COC=C,1.51,-0.5310304973
DENRZWYUOJLTMF-UHFFFAOYSA-N,CCO[S](=O)(=O)OCC,-0.409,-1.3429497185
RSIHSRDYCUFFLA-DYKIIFRCSA-N,C[C@]12CC[C@H]3[C@@H](CCC4=CC(=O)C=C[C@]34C)[C@@H]1CC[C@@H]2O,-4.038,-3.7003596507
DHZVWQPHNWDCFS-UHFFFAOYSA-N,OC(=O)c1cc(I)cc(I)c1O,-2.469,-3.307
YZWKKMVJZFACSU-UHFFFAOYSA-N,CCCCCBr,-2.431,-3.0753
QCIGGTDJLCAYJE-UHFFFAOYSA-N,C=CC1(CC(C)C)C(=O)NC(=O)NC1=O,-1.802,-2.12
UDTWZFJEMMUFLC-UHFFFAOYSA-N,CCC1(C2=CC=CC=C2)NC(=O)NC1=O,-2.249,-2.64
CVUGPAFCQJIYDT-UHFFFAOYSA-N,ClC1=CC=C(C=C1)C(C2=C(Cl)C=CC=C2)C(Cl)(Cl)Cl,-6.945,-7.13
ZFOZVQLOBQUTQQ-UHFFFAOYSA-N,CCCCOC(=O)CC(O)(CC(=O)OCCCC)C(=O)OCCCC,-3.436,-3.5452709716000004
BXMJSZZPKAWJHR-UHFFFAOYSA-L,[Na+].[Na+].Cc1ccc(cc1)[S](=O)(=O)Oc2ccc(cc2)N=Nc3ccc(N=Nc4ccc(Nc5ccc(cc5[S]([O-])(=O)=O)[N+]([O-])=O)cc4)c6ccc(cc36)[S]([O-])(=O)=O,-5.403,-1.5709847474
WVRFNJXNBZHDGZ-UHFFFAOYSA-N,Oc1ccc(c(O)c1O)C(=O)c2ccc(O[S](=O)(=O)c3cccc4C(=O)C(=CCc34)N=NN=N)cc2,-6.018,-5.1052907305
MUTGBJKUEZFXGO-UHFFFAOYSA-N,O=C1OC(=O)C2CCCCC12,-0.814,-1.5647364969
LQKRYVGRPXFFAV-UHFFFAOYSA-N,CCOC(=O)C1OC1(C)c2ccccc2,-2.179,-2.3143750058
LUYJWKADMMYBRD-UHFFFAOYSA-N,C=CC1(C(C)C)C(=O)NC(=O)NC1=O,-1.49,-1.71
KXOZJFGEGGNJDX-UHFFFAOYSA-N,CCCCC1(CCCC)C(=O)NC(=O)NC1=O,-2.598,-2.8756
QMYGFTJCQFEDST-UHFFFAOYSA-N,COC(C)CCOC(C)=O,-0.306,-0.6877845281999999
LKVFCSWBKOVHAH-UHFFFAOYSA-N,CCOC1=CC=C(O)C=C1,-1.468,-1.29
SDDBCEWUYXVGCQ-UHFFFAOYSA-N,c1ccc2c(C)cccc2c1C,-3.94,-4.74
HNYOPLTXPVRDBG-UHFFFAOYSA-N,O=C1CC(=O)NC(=O)N1,-0.5,-1.0486616392
LLHKCFNBLRBOGN-UHFFFAOYSA-N,COCC(C)OC(C)=O,0.089,0.0830232388
BZGLBXYQOMFXAU-UHFFFAOYSA-N,CC1CCCCN1CCCOC(=O)c2ccc(Cl)c(Cl)c2,-4.091,-4.2178
OETISESXIXCPAD-UHFFFAOYSA-N,O=C1CCCCCCCCCCCCN1,-2.984,-2.6260000000000003
ZUOUZKKEUPVFJK-UHFFFAOYSA-N,C1=CC=C(C=C1)C2=CC=CC=C2,-3.541,-4.32
COCLLEMEIJQBAG-UHFFFAOYSA-N,CC(C)CCCCCCCOC(=O)C(C)=C,-4.979,-6.0559466089
GCQZFVAHUZIDRP-UHFFFAOYSA-N,Nc1ccc(cc1)[S](=O)(=O)Nc2ccc(cc2)[S](N)(=O)=O,-2.584,-2.7592
FNEUIJOQHOUXIE-UHFFFAOYSA-N,COC1CCCC(C)O1,-0.258,-0.5921
YKGYQYOQRGPFTO-UHFFFAOYSA-N,CC(C)CCCCCCCOC(=O)CCCCC(=O)OCCCCCCCC(C)C,-7.429,-6.6301043221
NVJUHMXYKCUMQA-UHFFFAOYSA-N,CCCOCC,0.047,-0.6806
HEBKCHPVOIAQTA-UHFFFAOYSA-N,OCC(O)C(O)C(O)CO,0.77,0.6252744890999999
DDUIUBPJPOKOMV-UHFFFAOYSA-N,COCCCNc1nc(NC(C)C)nc(SC)n1,-3.003,-2.9284
ZMRFCSWFCKICQE-UHFFFAOYSA-N,ClC1=CC=C(OC2=C(Cl)C=CC=C2Cl)C=C1,-6.65,-5.91
JIYIHILAGIZIMD-CLFYSBASSA-N,O=C1CCCCCCCCCC\C=C/CC1,-4.121,-4.8831871131
XHBHEPKDMPOVAT-UHFFFAOYSA-N,CCC(CC)(C(=O)NC(N)=O)C(=O)OC,-1.213,-1.96
ONXPZLFXDMAPRO-UHFFFAOYSA-N,Clc1c(Cl)c(Cl)c(c(Cl)c1Cl)c2c(Cl)c(Cl)c(Cl)c(Cl)c2Cl ,-10.273,-11.6
DFYRUELUNQRZTB-UHFFFAOYSA-N,COc1cc(ccc1O)C(C)=O,-1.979,-1.5216
QUDAPQXQGBIUAR-UHFFFAOYSA-N,CC1=Nc2ccc(cc2C1(C)C)C(O)=O,-2.831,-2.6625890537
ZZUQWNYNSKJLPI-UHFFFAOYSA-N,OC(=O)CSc1sc2ccccc2n1,-2.667,-3.2288979848
HFCUBKYHMMPGBY-UHFFFAOYSA-N,COCCOC(=O)C=C,0.037,0.0439416783999999
IOSAAWHGJUZBOG-UHFFFAOYSA-N,CCCCCCC(C(C)O)[N]1C=NC2=C1N=CN=C2N,-2.31,-2.25
FTMYMYGLEZHQOM-UHFFFAOYSA-L,[Sr++].Cc1c(Cl)cc(cc1[S](O)(=O)=O)N=Nc2c([O-])c(cc3ccccc23)C([O-])=O,-2.709,-5.3065828462
LDJNSLOKTFFLSL-UHFFFAOYSA-M,[Li+].[O-]C(=O)c1ccccc1,-0.692,0.3909106219
GVNYQGKVULMAET-UHFFFAOYSA-N,COC1=CC=C2C=C(C=CC2=C1)C(C)C(=O)OCCOC(=O)C(N)CC(C)C,-4.246,-3.82
WRLAXUYIDLSRHV-UHFFFAOYSA-N,NC(=O)CCNCCO,0.585,-0.1211098882
DCAYPVUWAIABOU-UHFFFAOYSA-N,CCCCCCCCCCCCCCCC,-6.845,-8.4007
SFWLALIEAXEULE-UHFFFAOYSA-N,[NH4+].O.NC([O-])=O,-1.012,0.7115939977
RUTXIHLAWFEWGM-UHFFFAOYSA-H,[Fe+3].[Fe+3].[O-][S]([O-])(=O)=O.[O-][S]([O-])(=O)=O.[O-][S]([O-])(=O)=O,-0.187,1.0415240791
ANJTVLIZGCUXLD-IUCAKERBSA-N,O=C1C=CC=C2[C@@H]3CNC[C@H](C3)CN12,-1.3,0.363
HFBHOAHFRNLZGN-UHFFFAOYSA-N,CC(C)CC(NC=O)C(O)=O,-0.207,-0.7328
DVPLSZDCYOJSOG-UHFFFAOYSA-N,O[S](=O)(=O)c1ccccc1N=C2C=CC(C=C2)=C(c3ccc(Nc4ccccc4)cc3)c5ccc(Nc6ccccc6)cc5,-7.606,-8.3771050883
IEDVJHCEMCRBQM-UHFFFAOYSA-N,COc1cc(Cc2cnc(N)nc2N)cc(OC)c1OC,-3.581,-2.8608
QEJPOEGPNIVDMK-UHFFFAOYSA-N,OCC(CBr)(CBr)CBr,-1.246,-2.2261095189
QHTQREMOGMZHJV-UHFFFAOYSA-N,CCN(CC)C(=O)SCc1ccc(Cl)cc1,-3.667,-3.9641
NEHDRDVHPTWWFG-UHFFFAOYSA-N,CCCCCCCCOC(=O)CCCCC(=O)OCCCCCCCC,-6.846,-5.6768
FRWFRRPXOYMNKY-UHFFFAOYSA-N,COC(=O)C1(CCCCC1)[S](=O)(=O)c2ccc(Br)cc2,-4.397,-4.4786
RLEFOSDUWZYGOS-UHFFFAOYSA-N,CC(C)c1ccc(CCC=O)cc1,-2.753,-3.3026567859
KBOPZPXVLCULAV-UHFFFAOYSA-N,NC1=CC(=C(O)C=C1)C(O)=O,-1.559,-2.26
PXBRQCKWGAHEHS-UHFFFAOYSA-N,FC(F)(Cl)Cl,-1.11,-1.99
ILLSOIRJMQNTIA-UHFFFAOYSA-N,CCC(C)C1NC(=O)C(CC2=CC3=C(C=CC=C3)C=C2)NC(=O)C4CCCN4C(=O)C(CC5=C[NH]C=N5)NC(=O)C6CCCCN6C(=O)C7CCCCN7C1=O,-5.589,-3.98
YKYOUMDCQGMQQO-UHFFFAOYSA-L,[Cl-].[Cl-].[Cd++],-0.014,0.3967110896
OTFBCUKLFXRMQQ-UHFFFAOYSA-H,[Na+].[Na+].[Na+].[Cr+3].Cc1nn(c([O-])c1N=Nc2c([O-])cc(c3ccccc23)[S]([O-])(=O)=O)c4ccccc4.Cc5nn(c([O-])c5N=Nc6c([O-])cc(c7ccccc67)[S]([O-])(=O)=O)c8ccccc8,-1.582,-1.2121028981
OERKJBNVFFNQPK-UHFFFAOYSA-L,[H+].[Mn++].[O-]C(=O)c1cc2ccccc2c(N=Nc3ccc4ccccc4c3[S]([O-])(=O)=O)c1[O-],-1.474,-7.6770043618
IXRSCWSJPFKHLV-UHFFFAOYSA-N,CCCCC(=O)OCC1OC(CC1O)N2C=C(I)C(=O)NC2=O,-2.877,-3.4
NBFQYHKHPBMJJV-UHFFFAOYSA-N,CCCOC(=O)c1ccc(N)cc1,-2.281,-2.452
SKZKKFZAGNVIMN-UHFFFAOYSA-N,O=C(N)c(c(O)ccc1)c1,-1.245,-1.76
MKEIDVFLAWJKMY-UHFFFAOYSA-N,O=C1CCCCCCCCCOCCCCCO1,-3.347,-3.8838494997
KXUHSQYYJYAXGZ-UHFFFAOYSA-N,CC(C)Cc1ccccc1,-3.387,-4.1235
BYBLEWFAAKGYCD-UHFFFAOYSA-N,ClC1=CC(=C(COC(C[N]2C=CN=C2)C3=CC=C(Cl)C=C3Cl)C=C1)Cl,-6.092,-5.08
MWCDMTCWMZHVAQ-UHFFFAOYSA-N,O=C(NC(CO)C(=O)O)C1=CC=CC=C1,-1.129,-0.91
DYSUSQZPGJXVAL-UHFFFAOYSA-N,ClC1=CC(=C(OC2=CC(=C(Cl)C(=C2)Cl)Cl)C=C1Cl)Cl,-9.283,-8.72
RNVVYVPDHMKDTL-UHFFFAOYSA-N,COC(=O)COCO,0.483,0.9204425284
QAOWNCQODCNURD-UHFFFAOYSA-N,O[S](O)(=O)=O,-1.057,1.0084
HVRPQVNLNIHIRC-UHFFFAOYSA-N,CCCC(=O)N(C)C1=CC=C(C=C1)[S](=O)(=O)N(C)C,-2.608,-2.16
FPEYJPVHPGDXDD-UHFFFAOYSA-N,ClC1=C(Cl)C(Cl)=C(Cl)C(OC2=C(Cl)C(Cl)=C(Cl)C(Cl)=C2Cl)=C1,-10.282,-10.55
OIGNJSKKLXVSLS-VWUMJDOOSA-N,C[C@]12C[C@H](O)[C@H]3[C@@H](CCC4=CC(=O)C=C[C@]34C)[C@@H]1CC[C@]2(O)C(=O)CO,-2.84,-3.1784471289
KODLUXHSIZOKTG-UHFFFAOYSA-N,CCC(O)CN,1.301,1.0499
WDQMWEYDKDCEHT-UHFFFAOYSA-N,CCCCC(CC)COC(=O)C(C)=C,-3.912,-4.8059741607
UAYYWDWWESZIPA-UHFFFAOYSA-N,CC1(N)CN(C2=CC3=C(C=C2F)C(=O)C(C(=O)O)=CN3C2CC2)C1,-3.098,-5.62
URGAHOPLAPQHLN-UHFFFAOYSA-N,[Na+].[Al+3].[O-][Si]([O-])=O.[O-][Si]([O-])=O,-2.728,-3.4731390517
FGXRKDZZPDMPAQ-UHFFFAOYSA-N,O=C(O)CCN1C=CC=CC1=O,-0.809,-0.6
YCPXWRQRBFJBPZ-UHFFFAOYSA-N,OC(=O)c1cc(ccc1O)[S](O)(=O)=O,-1.373,0.6554902722
CPJRRXSHAYUTGL-UHFFFAOYSA-N,CC(=C)CCO,0.582,0.0190678934
QXKHYNVANLEOEG-UHFFFAOYSA-N,COC1=C2OC=CC2=CC2=C1OC(=O)C=C2,-3.563,-3.52
OLQJQHSAWMFDJE-UHFFFAOYSA-N,OCC(CO)(CO)[N+]([O-])=O,0.341,0.821
CYEKUDPFXBLGHH-UHFFFAOYSA-N,CC(C)(C)c1cccc(O)c1,-1.975,-1.8614
ZMARGGQEAJXRFP-UHFFFAOYSA-N,CC(CO)OC(=O)C(C)=C,-0.384,-0.0449315461
MKKVMUPZRDPRHL-UHFFFAOYSA-N,OC(=O)C(=O)c1c(cccc1C(O)=O)C(O)=O,-2.152,-0.4541
SNUWGZLOWPBEIJ-UHFFFAOYSA-N,CCCCCCCCCCCCCCCCNC(=O)C(C)O,-4.911,-3.6512
OIEIIZQFSICKJF-UHFFFAOYSA-N,COc1ccc(cc1)C(=O)c2coc(c2)[S](N)(=O)=O,-2.801,-4.1481
UQJDVLPHTXQTRP-UHFFFAOYSA-N,CCCCCCC(=O)OCC(CC)(COC(=O)CCCCCC)COC(=O)CCCCCC,-7.012,-6.97376589
DFTOOBKXSNAAPW-UHFFFAOYSA-N,CC(C)CC(NC(=S)NC1=CC=CC=C1)C(=O)NC1CCOC1O,-3.012,-2.37
DWRCRIMPBCLETK-UHFFFAOYSA-N,OC(=O)C(CSSCC(NC(=O)Cc1ccccc1)C(O)=O)NC(=O)Cc2ccccc2,-3.637,-1.833
IBXPYPUJPLLOIN-UHFFFAOYSA-N,C[N]1C(=NC=C1[N+]([O-])=O)C,-1.143,-1.16
CEMAWMOMDPGJMB-UHFFFAOYSA-N,CC(C)NCC(O)COC1=C(OCC=C)C=CC=C1,-1.837,-0.32
WQOXQRCZOLPYPM-UHFFFAOYSA-N,CSSC,-0.546,-1.4969
YXVFYQXJAXKLAK-UHFFFAOYSA-N,Oc1ccc(cc1)c2ccccc2,-2.48,-3.4812
OQYYLPLRBBDFLA-UHFFFAOYSA-N,O=S(=O)(C1=CC(O)=CC=C1)C1=CC(O)=CC=C1,-2.936,-2.33
PIIZYNQECPTVEO-UHFFFAOYSA-N,Cc1cc(O)ccc1[N+]([O-])=O,-2.1,-2.1103
GHPJYLIEFFVDGR-UHFFFAOYSA-L,[Zn++].Cc1cccc2[N-]C(=S)Nc12.Cc3cccc4NC(=S)[N-]c34,-3.653,-4.0879587895
VPMWFZKOWULPGT-UHFFFAOYSA-N,N[S](=O)(=O)c1cc2c(CN(C3CCCCC3)C2=O)cc1Cl,-3.273,-4.3128
MPBLPZLNKKGCGP-UHFFFAOYSA-N,CCCCCCC(C)(C)S,-4.626,-3.9901601094
OOMRSSASWJQHLA-UHFFFAOYSA-N,COC1=CC(OC)=C(Cl)C2=C1C(=O)C1(O2)C(C)CC(O)CC1O,-3.26,-2.34
UWZCYHHAEYIVRW-UHFFFAOYSA-N,ClCC(=O)NC(=O)CCl,-1.122,-2.2304
JZUHIOJYCPIVLQ-UHFFFAOYSA-N,CC(CN)CCCN,0.596,-1.3272487005
JFIOVJDNOJYLKP-UHFFFAOYSA-N,Oc1c(Cl)cc(Cl)cc1Sc2cc(Cl)cc(Cl)c2O,-5.342,-4.9495
MTBZIGHNGSTDJV-UHFFFAOYSA-N,CCO[P](=S)(OCC)N1C(=O)c2ccccc2C1=O,-4.056,-3.3522
OKIRBHVFJGXOIS-UHFFFAOYSA-N,CC(C)c1ccccc1C(C)C,-4.361,-6.6027992709
PWWVAXIEGOYWEE-UHFFFAOYSA-N,CC(CN1c2ccccc2Sc3ccccc13)N(C)C,-3.707,-4.2597
CCOQPGVQAWPUPE-UHFFFAOYSA-N,CC(C)(C)C1CCC(O)CC1,-1.836,-3.1032621252
IRTZMJWVZQYURE-UHFFFAOYSA-N,CN(C)C(=O)C(=O)N(N(C)C(C)=O)c1ccccc1,-1.659,-0.5345
QJPXLCQSAFQCBD-UHFFFAOYSA-M,[Br-].C[N+](C)=C1OCCC1(c2ccccc2)c3ccccc3,-4.864,-2.5265751338
XHELVEVNEWRBRH-UHFFFAOYSA-N,CN1C=C(C(=O)NOCCO)C(=C(C)C1=O)NC2=C(F)C=C(Br)C=C2,-3.866,-2.96
OUAPWRYEWXOCRN-UHFFFAOYSA-N,O=C(OC1=CC=CC(=C1)N=C=S)C2=CC=CN=C2,-5.796,-4.3
DDVNRFNDOPPVQJ-UHFFFAOYSA-N,CC1(C)C(C=C(Cl)Cl)C1C(=O)OCC2=C(F)C(=CC(=C2F)F)F,-7.139,-6.81
LIKZXCROQGHXTI-UHFFFAOYSA-M,[Na+].Nc1c(cc(Nc2ccccc2)c3C(=O)c4ccccc4C(=O)c13)[S]([O-])(=O)=O,-1.465,-2.1738960877
CIOAGBVUUVVLOB-UHFFFAOYSA-N,[Sr],-6.858,-1.1139433523
MIJLZGZLQLAQCM-UHFFFAOYSA-N,CCOCCOC(=O)C(C)Oc1ccc(Oc2ncc(cc2Cl)C(F)(F)F)cc1,-6.03,-5.8739
NWBJYWHLCVSVIJ-UHFFFAOYSA-N,C1=CC=C(CNC2=NC=NC3=C2N=CN3)C=C1,-2.5,-3.6
ZUHZGEOKBKGPSW-UHFFFAOYSA-N,COCCOCCOCCOCCOC,0.508,0.6530976581
DXDPKLIQOAVOAM-UHFFFAOYSA-N,CC(C)COC(=O)N1C=C(F)C(=O)NC1=O,-2.263,-1.89
LZCLXQDLBQLTDK-UHFFFAOYSA-N,CCOC(=O)C(C)O,0.337,0.9276
GLZPCOQZEFWAFX-JXMROGBWSA-N,CC(C)=CCC\C(C)=C\CO,-1.667,-2.3519095035
QQLIGMASAVJVON-UHFFFAOYSA-N,CC(=O)c1cccc2ccccc12,-2.937,-2.8846346488
AJLFOPYRIVGYMJ-UHFFFAOYSA-N,CCC(C)C(=O)OC1CCC=C2C=CC(C)C(CCC3CC(O)CC(=O)O3)C12,-5.353,-5.42
XZAXQWXHBDKYJI-UHFFFAOYSA-N,OC(=O)CC(C[P]1(=O)Oc2ccccc2c3ccccc13)C(O)=O,-3.316,-2.8135095056
SVPKNMBRVBMTLB-UHFFFAOYSA-N,ClC1=C(Cl)C(=O)c2ccccc2C1=O,-3.896,-5.0237764060000005
AVMSWPWPYJVYKY-UHFFFAOYSA-N,CC(C)COC=O,0.246,-1.0006
JWAZRIHNYRIHIV-UHFFFAOYSA-N,Oc1ccc2ccccc2c1,-1.983,-2.2809
JWEDKKSQRXHXJD-UHFFFAOYSA-N,CCCCCCCCOC(=O)COc1ccc(Cl)cc1Cl,-5.994,-7.0217
XYIBRDXRRQCHLP-UHFFFAOYSA-N,CCOC(=O)CC(C)=O,-0.159,-0.073
NKTOLZVEWDHZMU-UHFFFAOYSA-N,Cc1ccc(C)c(O)c1,-1.322,-1.5375827569
MRBKEAMVRSLQPH-UHFFFAOYSA-N,COc1ccc(O)c(c1)C(C)(C)C,-2.661,-2.9274884417
VAPSMQAHNAZRKC-UHFFFAOYSA-N,CC(C)(C)NC(=O)C1CCC2C3CC=C4C=C(CCC4(C)C3CCC12C)C(O)=O,-5.618,-8.76
USDDPDQEVLAOBO-UHFFFAOYSA-N,COCc1ccc(O)c(OC)c1,-1.451,-1.8934476814
DKMDOBOUUAGJNY-AATRIKPKSA-N,CCO[P](=O)(OCC)O\C=C\Cl,-0.727,-1.3316
NRFQZTCQAYEXEE-UHFFFAOYSA-N,Clc1cc(Cl)nc(n1)c2ccccc2,-4.073,-4.9544
HLZPFMSGWIVXAK-UHFFFAOYSA-M,[Na+].CCCCC(CC)CCCCCc1ccc(cc1)[S]([O-])(=O)=O,-0.96,-0.0969056512
POAOYUHQDCAZBD-UHFFFAOYSA-N,CCCCOCCO,0.227,-0.42
WGYKZJWCGVVSQN-UHFFFAOYSA-N,CCCN,1.703,1.2283
SCCDQYPEOIRVGX-UHFFFAOYSA-N,COc1cc(CC=C)ccc1OC(C)=O,-2.932,-2.7015911491000004
JLRGJRBPOGGCBT-UHFFFAOYSA-N,CCCCNC(=O)N[S](=O)(=O)C1=CC=C(C)C=C1,-2.793,-3.17
PYGSKMBEVAICCR-UHFFFAOYSA-N,C=CCCC=C,-2.703,-2.6867
AYRRNFHDJUXLEQ-UHFFFAOYSA-N,N[P](N)(=O)Oc1ccccc1,-0.819,-1.4876534031
QRDZFPUVLYEQTA-UHFFFAOYSA-N,OC(=O)c1cccc2cccnc12,-2.256,-1.7447
CIFIGXMZHITUAZ-UHFFFAOYSA-M,CC[N+](CC)(CC)CC.[O-]C(=O)c1ccccc1,-0.441,0.583312842
CRGZRXUKXVTRNO-UHFFFAOYSA-N,COCC(F)F,0.206,-0.2836
ZXYHLOFRRMDJAQ-UHFFFAOYSA-N,CCC1(CC=C2CCCc3cc(OC)ccc23)C(O)CCC1=O,-4.91,-4.1227687236
BBVOMHRLNCRXRH-UHFFFAOYSA-N,CCN1C(=C(N=NC2=C(C=C(Cl)C=C2)[N+]([O-])=O)C(=C(C#N)C1=O)C)O,-5.419,-6.69
NJDKQHDDTBKDER-UHFFFAOYSA-N,CC(C)(C)NC(=O)C1=CC(=C(C=C1[N+]([O-])=O)[N+]([O-])=O)N2CC2,-4.151,-3.17
JDQVBGQWADMTAM-UHFFFAOYSA-N,CC(C)C(=O)OCCc1ccccc1,-2.836,-3.0797644375
PSAVXKLISNEJJE-UHFFFAOYSA-N,NC(=O)C1(CCCCC1)N2C(=O)c3cccc(Cl)c3C2=O,-3.897,-4.0097
RHJZNALCKPDGPQ-UHFFFAOYSA-N,CCCC1CCC(CC1)C2CCC(CC2)c3ccc(c(F)c3)c4cc(F)c(F)c(F)c4,-7.834,-6.6360312962
IQODPIFSDKREOZ-UHFFFAOYSA-M,[Zn++].CC(=C)C([O-])=O,0.439,-2.3632080977000003
KWSSHZBBUQSMKF-UHFFFAOYSA-N,[O-][N+](=O)C(Br)([N+]([O-])=O)[N+]([O-])=O,-1.562,-1.7705
CNFDGXZLMLFIJV-UHFFFAOYSA-L,O.O.O.O.[Cl-].[Cl-].[Mn++],-0.12,0.5826413073
FAOZLTXFLGPHNG-KNAQIMQKSA-N,C[C@H]1C[C@H]2[C@@H]3CC[C@](O)(C(C)=O)[C@@]3(C)C[C@H](O)[C@]2(F)[C@@]4(C)C=CC(=O)C=C14,-3.91,-4.0986
NKPPORKKCMYYTO-UHFFFAOYSA-N,c1c(OC)cc2c(CC(=O)O)c(C)n(C(=O)C=Cc3ccccc3)c2c1,-5.065,-5.54
WUOACPNHFRMFPN-VIFPVBQESA-N,CC1=CC[C@@H](CC1)C(C)(C)O,-1.289,-2.337
FAMJUFMHYAFYNU-UHFFFAOYSA-N,CC(C)C1CCC(=CC1)C,-4.222,-5.0103439368
RUFPHBVGCFYCNW-UHFFFAOYSA-N,Nc1cccc2ccccc12,-1.898,-1.9255
OCYSGIYOVXAGKQ-UHFFFAOYSA-N,Cl.CNCC(O)c1cccc(O)c1,-0.414,-0.308924931
AVGQTJUPLKNPQP-UHFFFAOYSA-N,CCC(Cl)(Cl)Cl,-1.942,-1.8898
VXIWJTFRRIZCQJ-UHFFFAOYSA-M,[Mo].CCCCC(CC)C([O-])=O,-0.597,-3.4351686053
XDBDRCFCQAKVQM-UHFFFAOYSA-N,CC(Br)C(=O)NCC(=O)NCC(O)=O,-0.909,-0.9642
YWWNNLPSZSEZNZ-UHFFFAOYSA-N,CCCCCCCCCCN(C)C,-2.701,-4.0452878346
XHQZJYCNDZAGLW-UHFFFAOYSA-N,COC1=CC(=CC=C1)C(O)=O,-1.554,-1.93
FUZZWVXGSFPDMH-UHFFFAOYSA-N,CCCCCC(O)=O,-0.512,-1.0522193787
LZPRDWHLIGTSLN-UHFFFAOYSA-N,CC(C)(C)NCC1=CC=C(S(=O)(=O)C2=CSC(S(N)(=O)=O)=C2)C=C1,-2.652,-1.98
RYWZPRVUQHMJFF-UHFFFAOYSA-N,CC12CCC3=C(C=CC4=C3C=CC(=C4)O)C1CCC2O,-3.725,-4.64
GETTZEONDQJALK-UHFFFAOYSA-N,FC(F)(F)c1ccccc1,-2.479,-2.511
XFDJMIHUAHSGKG-UHFFFAOYSA-N,CCO[P](=S)(OCC)OC(Cl)C(Cl)(Cl)Cl,-4.382,-5.5263
ZUVDVLYXIZFDRM-UHFFFAOYSA-N,Cc1ccc(O)c(CO)c1,-0.786,-0.3143
OFZZNQXYRRSXOI-ARJAWSKDSA-N,C\C(NO)=C(/C)N=O,0.144,-2.2868
JKNCOURZONDCGV-UHFFFAOYSA-N,CN(C)CCOC(=O)C(C)=C,-0.16,0.5024815492
RBNIGDFIUWJJEV-LLVKDONJSA-N,COC(=O)[C@@H](C)N(C(=O)c1ccccc1)c2ccc(F)c(Cl)c2,-5.596,-4.3219
WHHSHXMIKFVAEK-UHFFFAOYSA-N,CCCCCCCCOC(=O)c1ccccc1C(=O)OCc2ccccc2,-6.387,-8.2876520693
XCOMAVCHADVANQ-UHFFFAOYSA-O,[NH4+].O.[O--].[Mo],-2.464,-1.170241174
DYUWTXWIYMHBQS-UHFFFAOYSA-N,C=CCNCC=C,0.175,-0.0790069571
RDHHZPRHIKNBBI-UHFFFAOYSA-N,c1cC2C(=O)NC(=O)C2cc1,-0.842,-2.932
CJFLBOQMPJCWLR-UHFFFAOYSA-N,CC(C)CCCCCOC(=O)CCCCC(=O)OCCCCCC(C)C,-6.794,-6.869904941000001
LTXDVFFEVZJDGT-UHFFFAOYSA-N,N[S](=O)(=O)c1ccc(SCCO)cc1,-1.268,-1.8239
SNHRLVCMMWUAJD-UHFFFAOYSA-N,CCCCC(=O)OC1(C(C)CC2C3CCC4=CC(=O)C=CC4(C)C3(F)C(O)CC12C)C(=O)CO,-5.148,-4.71
MNQZXJOMYWMBOU-UHFFFAOYSA-N,OCC(O)C=O,0.885,-0.489
MFARGUPPFBTESX-UHFFFAOYSA-N,CCCCCCCCCCCC(=O)N(CCCC)CCCC,-6.009,-7.016412076799999
JWUJQDFVADABEY-UHFFFAOYSA-N,CC1CCCO1,0.344,0.2069
RQNAOIQEGPVYTC-UHFFFAOYSA-N,CCOC(=O)c1nn(c2ccc(OC)cc2)c3C(=O)N(CCc13)c4ccc(cc4)[N+]([O-])=O,-7.127,-6.6187193264
DAHLUZDNJJOKGS-UHFFFAOYSA-N,OC1=CC=C(Br)C=CC1=O,-2.148,-3.5629
IGDCJKDZZUALAO-UHFFFAOYSA-N,OCC(CO)OCC=C,0.649,0.481
QZNNVYOVQUKYSC-JEDNCBNOSA-N,[Cl-].N[C@@H](Cc1[nH]cnc1)C(O)=O.[H+],-0.023,-0.1076498856
VPYJNCGUESNPMV-UHFFFAOYSA-N,C=CCN(CC=C)CC=C,-1.149,-1.7395
AMZKGJLFYCZDMJ-WRBBJXAJSA-N,CCCCCCCC\C=C/CCCCCCCC(=O)OCC(C)(C)COC(=O)CCCCCCC\C=C/CCCCCCCC,-7.77,-7.102471438899999
CURLTUGMZLYLDI-UHFFFAOYSA-N,O=C=O,-0.134,-1.4748
PQFDUCZWWSHNBL-UHFFFAOYSA-N,CCCCNC(=O)NC1=C(C)N(C)N(C2=CC=CC=C2)C1=O,-3.535,-1.63
VLCLHFYFMCKBRP-UHFFFAOYSA-N,[Ca++].[Ca++].[Ca++].[O-]B([O-])[O-].[O-]B([O-])[O-],-1.508,-0.6843417048
CQCFISPMNREOQX-UHFFFAOYSA-N,CCC(CC)(C(O)=O)C(CC)(CC)C(O)=O,-2.431,-2.9644
PDQAZBWRQCGBEV-UHFFFAOYSA-N,S=C1NCCN1,-0.122,-0.7083
GQBHYWDCHSZDQU-UHFFFAOYSA-N,CC(C)(C)CC(C)(C)c1ccc(Nc2ccc(cc2)C(C)(C)CC(C)(C)C)cc1,-7.537,-6.5951201849
NJPQAIBZIHNJDO-UHFFFAOYSA-N,CCCCCCCCCCCCN1CCCC1=O,-4.318,-4.67
YRNDGUSDBCARGC-UHFFFAOYSA-N,COCC(=O)c1ccccc1,-1.35,-0.7616
ZLAQATDNGLKIEV-UHFFFAOYSA-N,CC1=CNC(=S)NC1=O,-1.699,-2.4461
UMPSXRYVXUPCOS-UHFFFAOYSA-N,Oc1cccc(Cl)c1Cl,-2.002,-1.6559
YYQQVTLVYLTGPR-UHFFFAOYSA-N,COC(=O)OC(C)C(=O)OC,-0.065,-0.6003
WREGKURFCTUGRC-POYBYMJQSA-N,NC1=NC(=O)N(C=C1)[C@H]2CC[C@@H](CO)O2,-1.001,-0.4416
ITJIINAVMOBHSF-UHFFFAOYSA-N,CCCCC(=O)OCC(CO)(CO)COCC(CO)(CO)CO,-0.578,-6.8304564999
WABNCOPYWOQKLV-UHFFFAOYSA-N,CCN(CC)C(=O)COC(=O)C(C)C1=CC2=CC=C(OC)C=C2C=C1,-4.197,-4.46
HZKCDBKRNMDOJB-UHFFFAOYSA-N,CC1=C(C=CC(=C1)N)[S](=O)(=O)NC2=C(C=CC=C2)[N+]([O-])=O,-3.531,-4.51
GGXDSIUMQOZKNP-UHFFFAOYSA-N,CC1=C(CC(O)=O)SC2=C1C=CC(=C2)Cl,-3.679,-3.84
CIFFBTOJCKSRJY-UHFFFAOYSA-N,O=C1NC(=O)C2CC=CCC12,-0.826,-1.0930914177
FNFPHNZQOKBKHN-UHFFFAOYSA-N,CC(C)(C)CC(=O)OCC(=O)C1(O)CCC2C3CCC4=CC(=O)CCC4(C)C3C(O)CC12C,-5.271,-5.5111
CFEUGIGSIREATC-UHFFFAOYSA-N,Clc1ccc2cc(Cl)cc(Cl)c2c1,-5.636,-6.5557
CWLKTJOTWITYSI-UHFFFAOYSA-N,Fc1cccc2ccccc12,-3.14,-3.4527
QODWDUXKFKJVCQ-UHFFFAOYSA-K,[Na+].[Na+].[Na+].Cc1cc(N=Nc2cc(ccc2[S]([O-])(=O)=O)[S]([O-])(=O)=O)c(C)cc1N=Nc3ccc(Nc4nc(N)nc(Cl)n4)c5c3cccc5[S]([O-])(=O)=O,-2.388,-0.3869456913
LSHROXHEILXKHM-UHFFFAOYSA-N,NCCNCCNCCNCCNCCN,0.839,0.3327787326
WKIMLEWQZUKSJM-UHFFFAOYSA-N,CN(C)C(=O)COC(=O)c1ccccc1,-1.527,-1.372
RJKGJBPXVHTNJL-UHFFFAOYSA-N,C1=CC=C2C(=C1)C=CC=C2[N+](=O)[O-],-3.451,-3.71
UEUXEKPTXMALOB-UHFFFAOYSA-J,[Na+].[Na+].[Na+].[Na+].[O-]C(=O)CN(CCN(CC([O-])=O)CC([O-])=O)CC([O-])=O,-0.386,0.1189898767999999
QZAYGJVTTNCVMB-UHFFFAOYSA-N,NCCc1c[nH]c2ccc(O)cc12,-1.237,-0.945
PHSJJYZIFPWCLZ-UHFFFAOYSA-N,ClC1=C(Cl)C(=C(OC2=CC(=C(Cl)C=C2Cl)Cl)C=C1)Cl,-9.208,-8.31
LICUDMOFXVHDPB-UHFFFAOYSA-N,CC1C=C(C)CCC1COC(C)=O,-2.604,-3.2503985577
YIROYDNZEPTFOL-UHFFFAOYSA-N,CC1(C)NC(=O)NC1=O,-0.242,0.0384738201
ANVREEJNGJMLOV-UHFFFAOYSA-N,CC(C)c1ccc(O[P](=O)(Oc2ccc(cc2)C(C)C)Oc3ccc(cc3)C(C)C)cc1,-7.537,-6.1371343954
JKQOBWVOAYFWKG-UHFFFAOYSA-N,O=[Mo](=O)=O,-6.311,-2.1581724467
DKPFZGUDAPQIHT-UHFFFAOYSA-N,CCCCOC(C)=O,-0.559,-1.2199585633
BNKYXIYUCSAIFP-UHFFFAOYSA-N,CC(CCC(C)O[N+](=O)O)O[N+](=O)O,-2.165,-2.68
SPSSULHKWOKEEL-UHFFFAOYSA-N,Cc1c(cc(cc1[N+]([O-])=O)[N+]([O-])=O)[N+]([O-])=O,-3.053,-3.2423
ILYSAKHOYBPSPC-UHFFFAOYSA-N,OC(=O)C1=C(C=CC=C1)C2=CC=CC=C2,-2.991,-2.73
AXISYYRBXTVTFY-UHFFFAOYSA-N,CCCCCCCCCCCCCC(=O)OC(C)C,-6.433,-6.733128222
BFASOGCHMDYMBM-UHFFFAOYSA-N,CC(=O)OC1=CC=C(C=C1)C(N)=O,-1.937,-1.64
IHYJTAOFMMMOPX-LURJTMIESA-N,CC(C)[C@H](NC(C)=O)C(O)=O,-0.415,-0.3599
SJRJJKPEHAURKC-UHFFFAOYSA-N,CN1CCOCC1,0.951,0.995
DWBRKIMUGXLNBO-UHFFFAOYSA-L,[Na+].[Na+].CCCCCCCCCCCCCCCCc1c(Oc2ccccc2[S]([O-])(=O)=O)cccc1[S]([O-])(=O)=O,-1.136,0.2227653537
PKOSPVZTRLMBSK-UHFFFAOYSA-N,ClC1=C(Cl)C=C(OC2=C(Cl)C(=C(Cl)C(=C2Cl)Cl)Cl)C(=C1)Cl,-10.033,-10.1
XVJXBJTXFXPQAN-UHFFFAOYSA-M,CCCC[N+](CCCC)(CCCC)Cc1ccccc1.Oc2ccc(c3ccccc23)[S]([O-])(=O)=O,-1.178,-2.6418192727000003
DBVLMJUSUCGUJL-UHFFFAOYSA-N,O=C(OCC1=CC=CC=C1)C(OS(=O)(=O)O)C1=CC=CC=C1,-3.086,-1.5
UCNVFOCBFJOQAL-UHFFFAOYSA-N,Clc1ccc(cc1)C(=C(Cl)Cl)c2ccc(Cl)cc2,-7.067,-6.9004
XFFZLECPCHQJIR-GFEQUFNTSA-N,COC1=CCC2=C(CC[C@@H]3[C@@H]2CC[C@]4(C)[C@@H](O)CC[C@@H]34)C1,-4.601,-4.7610719313
HAZQOLYHFUUJJN-UHFFFAOYSA-N,Clc1ccc(Cl)c(c2cc(Cl)c(Cl)c(Cl)c2)c1Cl,-8.743,-8.27
YRSIFCHKXFKNME-UHFFFAOYSA-N,CC(O)(C)C(C)CC,-0.72,-0.89
DFPMSGMNTNDNHN-ZPHOTFPESA-N,C[C@@H]1O[C@@H](O[C@@H]2[C@@H](O)[C@H](O)[C@@H](CO)O[C@H]2Oc3cc(O)c4C(=O)C[C@H](Oc4c3)c5ccc(O)cc5)[C@H](O)[C@H](O)[C@H]1O,-2.605,-2.7224387153
OUCCVXVYGFBXSV-UHFFFAOYSA-N,CO[P](=S)(OC)SCSc1ccc(Cl)cc1,-5.063,-5.2939
IOJUPLGTWVMSFF-UHFFFAOYSA-N,s1cnc2ccccc12,-1.911,-1.6538265258000002
PFEOZHBOMNWTJB-UHFFFAOYSA-N,CCC(C)CC,-2.89,-3.6826
YMWUJEATGCHHMB-UHFFFAOYSA-N,ClCCl,-0.066,-0.63
WOUBWJAJSXAOIV-UHFFFAOYSA-N,N[S](=O)(=O)c1ccc(cc1)[S](N)(=O)=O,-1.289,-2.5283
FUUHMSUPRUNWRQ-UHFFFAOYSA-N,COc1cc(Cl)c(Cl)c(Cl)c1Cl,-4.911,-5.2605
NFGGAIZJSZLPOX-UHFFFAOYSA-N,NCC(=O)NCC(=O)NC1=C(Cl)C(=C(C=C1[S](N)(=O)=O)[S](N)(=O)=O)Cl,-2.073,-1.23
RWCCWEUUXYIKHB-UHFFFAOYSA-N,O=C(c1ccccc1)c2ccccc2,-3.069,-3.882202908
BRUZQRBVNRKLJG-UHFFFAOYSA-N,CC(C)COC(N)=O,-0.071,-0.3
YESXTECNXIKUMM-UHFFFAOYSA-N,CCNc1nc(Cl)nc(NCC(=O)OCC)n1,-2.948,-2.9374
JVSWJIKNEAIKJW-UHFFFAOYSA-N,CCCCCC(C)C,-4.041,-5.08
KXJAQUIZSZBSID-UHFFFAOYSA-N,COC(=O)C(CC=C)(CC=C)C(=O)NC(N)=O,-1.767,-2.17
SZERMVMTUUAYML-UHFFFAOYSA-N,CCCCC(C)C(C)O,-1.42,-2.0578
NYRMIJKDBAQCHC-UHFFFAOYSA-N,CNC1=C(C(=O)C(O1)c2ccccc2)c3cccc(c3)C(F)(F)F,-5.545,-3.9788
RKQOSDAEEGPRER-UHFFFAOYSA-L,[Zn++].CCN(CC)C([S-])=S.CCN(CC)C([S-])=S,-2.168,-5.5333331166
ZLJIFINJKVSIRN-UHFFFAOYSA-N,Cc1snnc1C(O)=O,-0.86,-0.4598
AAPVQEMYVNZIOO-UHFFFAOYSA-N,ClC1=C(Cl)C2(Cl)C3CO[S](=O)(=O)OCC3C1(Cl)C2(Cl)Cl,-5.135,-5.945
MZHCENGPTKEIGP-RXMQYKEDSA-N,C[C@@H](Oc1ccc(Cl)cc1Cl)C(O)=O,-3.065,-2.6003
GABQNAFEZZDSCM-UHFFFAOYSA-N,NC1=C(C(=O)OCC=CC2=CC=CC=C2)C=CC=C1,-4.13,-6.04
RXFPBLZANMSMKQ-UHFFFAOYSA-N,CC(=O)NC(COC(=O)C1=CC=CC=C1)C(=O)O,-1.803,-3.22
LYAGTVMJGHTIDH-UHFFFAOYSA-N,[O-][N+](=O)OCCOCCO[N+]([O-])=O,-1.453,-1.6904508209
BSNKHEKTRWNNAC-UHFFFAOYSA-N,[O-][N+](=O)c1ccc(CCc2ccc(cc2)[N+]([O-])=O)cc1,-4.69,-4.589885800199999
LKCWBDHBTVXHDL-UHFFFAOYSA-N,NCCC(O)C(=O)NC2CC(N)C(OC1OC(CN)C(O)C(O)C1O)C(O)C2OC3OC(CO)C(O)C(N)C3O,-0.498,-0.5
NAMYKGVDVNBCFQ-UHFFFAOYSA-N,CC(C)Br,-0.889,-1.598518701
PHFIHDKUVGCCEG-UHFFFAOYSA-N,N=C(N)NN=C1C=CC(=NNC(=N)N)C2=C1C=CC=C2,-2.366,-3.29
BKCXBMXTXLGZCV-UHFFFAOYSA-N,CN1N=C(SC1=N[S](=O)(=O)C2=CC=C(N)C=C2)[S](N)(=O)=O,-2.352,-2.5
QTBORRHTRCJQKU-UHFFFAOYSA-N,CCCNC(=O)C1=CC(=C(C=C1[N+]([O-])=O)[N+]([O-])=O)N2CC2,-3.677,-3.89
UONLDZHKYCFZRW-UHFFFAOYSA-N,CC1(C)CC(CC(C)(C)N1)N(CCCCCCN(C=O)C2CC(C)(C)NC(C)(C)C2)C=O,-2.398,-1.5399557687999998
PUKTVFNQVGOXPI-UHFFFAOYSA-N,CC1CCC2(CCC(C)O2)O1,-1.164,-0.4487
OXBDLEXAVKAJFD-UHFFFAOYSA-N,Cc1ccc(cc1[N+]([O-])=O)[S](C)(=O)=O,-2.188,-2.7647010816
INHCSSUBVCNVSK-UHFFFAOYSA-L,[Li+].[Li+].[O-][S]([O-])(=O)=O,-0.512,0.3921242805
NKDDWNXOKDWJAK-UHFFFAOYSA-N,COCOC,1.291,0.506
CUNPJFGIODEJLQ-UHFFFAOYSA-M,[K+].[O-]C(=O)C(F)(F)F,-0.266,0.6610693015
IGONFFFOEMASIA-UHFFFAOYSA-N,NC1=CC(=O)C(=O)C2=C1C=CC=C2,-2.261,-3.84
LETLQGKRPMMKKC-UHFFFAOYSA-N,CC(C)CC1CC(C)CCO1,-2.557,-3.0799294807
FBUKVWPVBMHYJY-UHFFFAOYSA-N,CCCCCCCCC(O)=O,-2.129,-2.7221977641
QGLBQYVHYYPKGD-UHFFFAOYSA-N,NC1=C2C(Cl)=CC=CC2=NC2=C1C=CC=C2,-4.157,-1.58
FBQTWGHLMQUOQL-UHFFFAOYSA-N,CCC(=O)OCN1C(=O)NC(C1=O)(C2=CC=CC=C2)C3=CC=CC=C3,-4.466,-4.91
VWHGTYCRDRBSFI-ZETCQYMHSA-N,CC(C)C[C@H](N)C(=O)NCC(=O)NCC(O)=O,-0.691,0.2124
ZZRIQDWDJVLELF-UHFFFAOYSA-N,O=C1CNC(=S)N1c2ccccc2,-2.85,-3.2425
VEALVRVVWBQVSL-UHFFFAOYSA-N,[Sr++].[O-][Ti]([O-])=O,-2.665,-6.5279992996
SWOKSHSHKMKETQ-WIBNQTOSSA-N,CCCCCCCCCCCCCCCCCC(=O)OC.CCCCCCCCCCCCCCCC(=O)OC.CCCCCCCC\C=C/CCCCCCCC(=O)OC.CCCCC/C=C\C\C=C/CCCCCCCC(=O)OC.CC/C=C/C/C=C/C/C=C/CCCCCCCC(=O)OC,-7.446,-7.800359899299999
DRAGYQKESAIJPL-UHFFFAOYSA-N,CCC(C)(C(=O)O)N1C(=O)C2=C(C=CC=C2)C1=O,-2.423,-1.91
QYSJWHFJGCFRDE-UHFFFAOYSA-N,S.[Mo],-2.139,-5.8129901866
CQWOVBUUCZQIOK-UHFFFAOYSA-N,CCCCCCCOC(=O)C(C)C1=CC=C2C=C(OC)C=CC2=C1,-6.326,-7.12
SZQWZNOMEWDZLR-UHFFFAOYSA-N,CC(C)CC(=O)Oc1ccc(cc1)[N+]([O-])=O,-3.74,-4.3945
GBAWQJNHVWMTLU-UHFFFAOYSA-N,CO[P](=O)(OC)OC1=C(Cl)C2C=CCC12,-1.761,-2.0011
HJJPJSXJAXAIPN-UHFFFAOYSA-N,COC(=O)C1=CCCN(C)C1,-0.223,0.8091
SXXILWLQSQDLDL-UHFFFAOYSA-N,CC(C)CCCCCCCOP(OCCCCCCCC(C)C)Oc1ccccc1,-7.398,-6.382029914199999
NJDNXYGOVLYJHP-UHFFFAOYSA-L,[Na+].[Na+].[O-]C(=O)c1ccccc1C2=C3C=CC(=O)C=C3Oc4cc([O-])ccc24,-3.32,-1.5755053644
WDGKXRCNMKPDSD-UHFFFAOYSA-N,[Li].O[S](=O)(=O)C(F)(F)F,-0.476,0.9030401981
CTSLXHKWHWQRSH-UHFFFAOYSA-N,ClC(=O)C(Cl)=O,-0.182,0.8964494062999999
KIGQVWWOESIMBG-UHFFFAOYSA-N,OC(=O)CN(CCC#N)CCC#N,-0.346,0.4578
NCYQVRNLBAYSLE-UHFFFAOYSA-N,CC(O)CC(C)(C)c1ccccc1,-1.93,-2.1472867242
BUGBHKTXTAQXES-UHFFFAOYSA-N,[Se],-6.858,-6.5751878449
XEKUXTMJEFPWCG-UHFFFAOYSA-N,CCC(Cl)[N+]([O-])=O,-0.83,-1.1887
HQDAJGNZGNZGCO-UHFFFAOYSA-N,CC(C)=NNC(N)=O,0.04,-0.2674
WZUZDBPJFHQVJC-UHFFFAOYSA-N,ClCC(Cl)C(Cl)=C,-2.384,-2.4244542069
QKUNKVYPGIOQNP-UHFFFAOYSA-N,CCCC(Cl)CCCC(Cl)CCC(Cl)CCC(Cl)CCC(Cl)CCCC(Cl)CCC,-7.039,-7.9658105639
MVWHGTYKUMDIHL-UHFFFAOYSA-N,c1c(Cl)c(Cl)cc(Cl)c1c2c(Cl)cc(Cl)c(Cl)c2,-8.832,-8.56
DQIVFTJHYKDOMZ-UHFFFAOYSA-N,Nc1cc(cc(c1O)[S](O)(=O)=O)[N+]([O-])=O,-1.383,-1.7662055678
NDRKXFLZSRHAJE-UHFFFAOYSA-N,Brc1ccc(c(Br)c1Br)c2c(Br)c(Br)c(Br)c(Br)c2Br,-9.771,-9.351
XQXPVVBIMDBYFF-UHFFFAOYSA-N,OC(=O)Cc1ccc(O)cc1,-1.264,-0.3990804112
WNTGYJSOUMFZEP-SSDOTTSWSA-N,C[C@@H](Oc1ccc(Cl)cc1C)C(O)=O,-2.803,-2.3972
DRVAMLZVBNYSQE-UHFFFAOYSA-N,ClC1=C(OC2=CC(=C(Cl)C=C2Cl)Cl)C=CC=C1,-7.691,-7.0
HNKJADCVZUBCPG-UHFFFAOYSA-N,CSc1ccccc1,-1.913,-2.39
IWTFDHOAOPEINT-UHFFFAOYSA-N,COC1=CC=C(CN2C=C(F)C(=O)NC2=O)C=C1,-3.485,-2.75
QAYICIQNSGETAS-UHFFFAOYSA-N,CN1CSC(=S)N(C)C1,-1.117,-1.7331
RMISVOPUIFJTEO-QWWZWVQMSA-N,C[C@@H](Cl)[C@@H](C)Cl,-2.015,-2.3541
MEZZCSHVIGVWFI-UHFFFAOYSA-N,COc1ccc(c(O)c1)C(=O)c2ccccc2O,-3.719,-7.2738841077
RYJPNIRLUSZYIB-UHFFFAOYSA-N,O=C(O)C(NCCCCCNC(C(=O)O)C1=CC=CC=C1)C1=CC=CC=C1,-2.362,-2.02
JTUSORDQZVOEAZ-UHFFFAOYSA-N,Clc1cc(Cl)c(cc1Cl)c2cccc(Cl)c2Cl ,-7.949,-7.21
XWJBRBSPAODJER-UHFFFAOYSA-N,C=CCCCCC=C,-3.903,-4.0232731502
YCOZIPAWZNQLMR-UHFFFAOYSA-N,CCCCCCCCCCCCCCC,-6.638,-9.4464
CKAPSXZOOQJIBF-UHFFFAOYSA-N,ClC1=C(Cl)C(Cl)=C(Cl)C(Cl)=C1Cl,-6.404,-7.56
LTMRJPIOLKBUKZ-UHFFFAOYSA-N,CCCN1CN2C(=O)C3=C(C=CC=C3)N=C2C1C,-2.475,-2.67
LMYUVIRTIDGPBO-UHFFFAOYSA-N,[Ti+4].[O-][Si]([O-])=O.[O-][Si]([O-])=O,-2.5,-6.3011016483
GUVUOGQBMYCBQP-UHFFFAOYSA-N,CN1CCCN(C)C1=O,0.348,0.8921966739
LVHBHZANLOWSRM-UHFFFAOYSA-N,OC(=O)CC(=C)C(O)=O,0.066,-0.2250282975
XQFRJNBWHJMXHO-UHFFFAOYSA-N,OCC1OC(CC1O)N2C=C(I)C(=O)NC2=O,-1.559,-2.2481
FDPIMTJIUBPUKL-UHFFFAOYSA-N,CCC(=O)CC,0.099,-0.253
APJYDQYYACXCRM-UHFFFAOYSA-N,NCCC1=C[NH]C2=C1C=CC=C2,-0.991,-3.3
NVZINPVISUVPHW-UHFFFAOYSA-N,Cc1cccc(c1)[S](N)(=O)=O,-1.208,-1.3409
IUMSDRXLFWAGNT-UHFFFAOYSA-N,C[Si]1(C)O[Si](C)(C)O[Si](C)(C)O[Si](C)(C)O[Si](C)(C)O[Si](C)(C)O1,-4.251,-7.9407
QQADVTSTCZBBOE-UHFFFAOYSA-N,CCOC(=O)CNc1nc(Cl)nc(NC(C)C)n1,-3.267,-2.5622
BZHJMEDXRYGGRV-UHFFFAOYSA-N,ClC=C,0.048,-1.36
PLAZTCDQAHEYBI-UHFFFAOYSA-N,Cc1ccccc1[N+]([O-])=O,-2.118,-2.3243
AFABGHUZZDYHJO-UHFFFAOYSA-N,CCCC(C)C,-2.884,-3.74
FMKMKBLHMONXJM-UHFFFAOYSA-N,Cc1cc(N)n(n1)c2ccccc2,-2.153,-0.9376
BJHIKXHVCXFQLS-UHFFFAOYSA-N,OCC(O)C(O)C(O)C(=O)CO,0.327,0.32
GZUXJHMPEANEGY-UHFFFAOYSA-N,CBr,0.823,-0.7956
DRAVOWXCEBXPTN-UHFFFAOYSA-N,NC1=NC(=O)NC2=C1N=C[NH]2,-2.874,-3.38
HQOVXPHOJANJBR-UHFFFAOYSA-N,CCC(C)(OOC(C)(C)C)OOC(C)(C)C,-3.437,-4.4507609201
NQPDZGIKBAWPEJ-UHFFFAOYSA-N,CCCCC(O)=O,0.025,-0.490652149
NATVSFWWYVJTAZ-UHFFFAOYSA-N,Nc1c(Cl)cc(Cl)cc1Cl,-2.725,-3.6912
NYPYHUZRZVSYKL-ZETCQYMHSA-N,N[C@@H](Cc1cc(I)c(O)c(I)c1)C(O)=O,-1.964,-2.8583
OMAAXMJMHFXYFY-UHFFFAOYSA-L,[Ca++].[O-][PH]([O-])=O,-0.263,0.9487769325
XIURVHNZVLADCM-UHFFFAOYSA-N,CC(=O)OCC1=C(N2C(SC1)C(NC(=O)CC3=CC=CS3)C2=O)C(O)=O,-3.343,-2.94
UFFRSDWQMJYQNE-UHFFFAOYSA-N,NCCCCCCN.OC(=O)CCCCC(O)=O,-0.989,0.2513647845
MHKKFFHWMKEBDW-UHFFFAOYSA-N,COC(=O)C1CC(=O)C(CC1=O)C(=O)OC,-1.001,-4.1541956574
CMAUJSNXENPPOF-UHFFFAOYSA-N,C1CCC(CC1)N(Sc2sc3ccccc3n2)C4CCCCC4,-6.026,-6.7886
QIONYIKHPASLHO-UHFFFAOYSA-M,[O-]C(=O)C(Br)(Br)Br,-0.656,-0.1713
AZPJXONNBLOZFE-UHFFFAOYSA-N,Cc1cccc(NC(=O)c2ccccc2C(O)=O)c1,-3.727,-2.407
YAQLSKVCTLCIIE-UHFFFAOYSA-N,CCC(Br)C(O)=O,-0.181,-0.3776
BGNXCDMCOKJUMV-UHFFFAOYSA-N,CC(C)(C)c1cc(O)ccc1O,-1.832,-1.220683278
WREGKURFCTUGRC-UHFFFAOYSA-N,NC1=NC(=O)N(C2CCC(CO)O2)C=C1,-1.001,-0.43
WWUVJRULCWHUSA-UHFFFAOYSA-N,CCCC(C)=C,-2.483,-3.033
UHCBBWUQDAVSMS-UHFFFAOYSA-N,CCF,0.211,-1.3477
DTQVDTLACAAQTR-UHFFFAOYSA-N,OC(=O)C(F)(F)F,0.027,0.9430113455
WCXDHFDTOYPNIE-UHFFFAOYSA-N,CN(Cc1ccc(Cl)nc1)C(C)=NC#N,-2.793,-1.7244
ZFVDSCASCRHXCP-SNVBAGLBSA-N,OC1=CC(=O)C[C@@H](C1)c2ccccc2,-2.054,-2.5113
XQZYPMVTSDWCCE-UHFFFAOYSA-N,N#CC1=C(C=CC=C1)C#N,-1.797,-2.38
DHNUXDYAOVSGII-UHFFFAOYSA-N,ClCCC(Cl)O[P](=O)(OC(Cl)CCCl)OC(Cl)CCCl,-3.777,-3.6344
QGTBRAFPWNISIJ-UHFFFAOYSA-N,CCCCOCCOCCOC(=O)C(C)=C,-1.61,-2.0159485066
DVVGIUUJYPYENY-UHFFFAOYSA-N,CN1C=CC=CC1=O,-0.262,0.9621
WKBQQWDVVHGWDB-UHFFFAOYSA-N,OCc1scnc1,-0.147,0.5257355357
JYYNAJVZFGKDEQ-UHFFFAOYSA-N,Cc1ccnc(C)c1,-0.804,0.4471
RMFNNCGOSPBBAD-UHFFFAOYSA-N,CNC(=O)Oc1cccc(N=CN(C)C)c1,-1.523,-2.34
OEYHHMLIRPBEEB-UHFFFAOYSA-N,O=C1NC=NC2=C1C=N[N]2C(=O)C3=CC=CC=C3,-3.377,-4.23
OMTDIBZSUZNVJK-UHFFFAOYSA-N,COc1ccc(cc1)C(=O)CCC(O)=O,-2.082,-1.0632
CRRLDLPBQWRVGN-UHFFFAOYSA-N,CC(=O)CC(=O)Nc1ccc(cc1C)c2ccc(NC(=O)CC(C)=O)c(C)c2,-6.135,-5.3250182341
FDVIWMOCISPIHI-UHFFFAOYSA-N,CC1=NC=C(CO)C(C=NC(C(=O)O)C(C)C)=C1O,-1.919,-1.6
OKMWKBLSFKFYGZ-UHFFFAOYSA-N,CCCCCCCCCCCCCCCCCCCCCC(=O)OCC(O)CO,-6.37,-6.9187336597
UJVLDDZCTMKXJK-UHFFFAOYSA-N,CC12CCC(=O)C=C1C=CC3C2CCC4(C)C3CCC45CCC(=O)O5,-5.289,-4.1007061575
GRQXGJNOPVEUOS-UHFFFAOYSA-N,COc1cc(NC(=O)C(N=Nc2ccc(cc2Cl)c3ccc(N=NC(C(C)=O)C(=O)Nc4ccc(C)cc4C)c(Cl)c3)C(C)=O)c(OC)cc1Cl.COc5cc(NC(=O)C(N=Nc6ccc(cc6Cl)c7ccc(N=NC(C(C)=O)C(=O)Nc8cc(OC)c(Cl)cc8OC)c(Cl)c7)C(C)=O)c(OC)cc5Cl.CC(=O)C(N=Nc9ccc(cc9Cl)c%10ccc(N=NC(C(C)=O)C(=O)Nc%11ccc(C)cc%11C)c(Cl)c%10)C(=O)Nc%12ccc(C)cc%12C,-8.543,-9.052340862
INYHZQLKOKTDAI-UHFFFAOYSA-N,C=CC1CC2CC1C=C2,-3.617,-3.0798864018
CJPQIRJHIZUAQP-UHFFFAOYSA-N,COC(=O)C(C)N(C(=O)Cc1ccccc1)c2c(C)cccc2C,-4.955,-3.9442
AAQWYJPJRWOQEV-UHFFFAOYSA-N,CCC(C(C(O)=O)c1ccccc1)C(O)=O,-1.855,-2.3256
CVVIJWRCGSYCMB-UHFFFAOYSA-N,[H+].[H+].[Cl-].[Cl-].C1CNCCN1,0.491,0.4112
SUSQOBVLVYHIEX-UHFFFAOYSA-N,N#CCc1ccccc1,-1.234,-3.0687460001
XVOPVUDUALAJCP-UHFFFAOYSA-N,CCCCC(CC)CO.CCCCC(CC)CC(CC)CO.CCCC(O)C(CC)CO.CCCC(C(CC)CO)C(CC)CO,-5.61,-2.9252846689
JJDFVIDVSCYKDS-UHFFFAOYSA-N,CC1(C)CC(=O)CC(C)(C1)C#N,-1.424,-1.5404977204
KKJLKMXROHVRMW-UHFFFAOYSA-N,CC1(C)SC2C(NC(=O)C(N)C3=CC=C(N)C=C3)C(=O)N2C1C4=NN=N[NH]4,-2.762,-1.57
CDAWCLOXVUBKRW-UHFFFAOYSA-N,Nc1ccccc1O,-0.508,-0.7369
BFKJFAAPBSQJPD-UHFFFAOYSA-N,FC(F)=C(F)F,-1.1,-2.8001
UEEJHVSXFDXPFK-UHFFFAOYSA-N,CN(C)CCO,1.134,1.0499
MGJOTHOXCFYBTC-UHFFFAOYSA-N,CCCCC(O)(CCCC)C(O)c1ccccc1,-2.606,-3.2225
DCMURXAZTZQAFB-UHFFFAOYSA-N,c1cccc(Cl)c1c2c(Cl)ccc(Cl)c2,-6.098,-6.02
HXZRLUTUNSQNCG-UHFFFAOYSA-N,O=C1CCCCCN1C(=O)c2cccc(c2)C(=O)N3CCCCCC3=O,-4.189,-3.9583461947
KVZJLSYJROEPSQ-UHFFFAOYSA-N,C/C1CCCCC1\C,-3.509,-4.3
JXTHNDFMNIQAHM-UHFFFAOYSA-N,OC(=O)C(Cl)Cl,0.084,0.8896
GSKZUBJRXCWFFE-XTMYEIJHSA-L,[Ca++].[O-]C(=O)C1=Cc2ccccc2/C(=N/Nc3ccc4ccccc4c3[S]([O-])(=O)=O)C1=O,-1.387,-6.2793954063
HGFWMGARSDHJFP-UHFFFAOYSA-N,CCC[N]1C=NC2=C1C(=O)N(C)C(=O)N2C,-1.363,0.02
ZYVYEJXMYBUCMN-UHFFFAOYSA-N,COCC(C)C,0.115,-0.9007
IMNFDUFMRHMDMM-UHFFFAOYSA-N,CCCCCCC,-3.563,-4.4694
WARIWGPBHKPYON-UHFFFAOYSA-N,CCSC(=O)N(CC)CC,-0.979,-1.6917
NLHHRLWOUZZQLW-UHFFFAOYSA-N,C=CC#N,1.161,0.1474
TVIDDXQYHWJXFK-UHFFFAOYSA-N,OC(=O)CCCCCCCCCCC(O)=O,-2.442,-3.7602414897
VKQOHFHGWCXKOA-UHFFFAOYSA-N,Nc1cc(ccc1I)[N+]([O-])=O,-2.594,-4.4216
XIZOTXGJXSTQDI-UHFFFAOYSA-N,CCO[P](=S)(OCC)Oc1ccc(N)cc1,-3.708,-2.826
RKUNBYITZUJHSG-VFSICIBPSA-N,CN1[C@@H]2CC[C@H]1CC(C2)OC(=O)[C@H](CO)c3ccccc3,-2.08,-1.91
HPEUJPJOZXNMSJ-UHFFFAOYSA-N,CCCCCCCCCCCCCCCCCC(=O)OC,-6.89,-8.9978390846
LUSWEUMSEVLFEQ-REOHCLBHSA-M,C[C@H](NC(N)=O)C([O-])=O,0.009,-0.9656
BMXRLHMJGHJGLR-UHFFFAOYSA-N,Clc1ccccc1c2c(Cl)c(Cl)cc(Cl)c2Cl,-7.886,-7.3999
RHNJVKIVSXGYBD-UHFFFAOYSA-N,C=CC(=O)OCCCCCCCCCCOC(=O)C=C,-4.593,-4.9608754545
HVBSAKJJOYLTQU-UHFFFAOYSA-N,Nc1ccc(cc1)[S](O)(=O)=O,-1.142,-1.1412730253
JHSPCUHPSIUQRB-UHFFFAOYSA-N,NC(=O)c1c(Cl)cccc1Cl,-2.549,-1.8427
PTBKFATYSVLSSD-ZZXKWVIFSA-N,O/N=C/c1oc(cc1)[N+]([O-])=O,-1.758,-2.1934
WWZKQHOCKIZLMA-UHFFFAOYSA-N,O=C(O)CCCCCCC,-1.584,-2.3
KDVYCTOWXSLNNI-UHFFFAOYSA-N,CC(C)(C)c1ccc(cc1)C(O)=O,-2.295,-3.5779623367
TXXHDPDFNKHHGW-ZPUQHVIOSA-N,OC(=O)\C=C\C=C\C(O)=O,-0.25,-2.85
GEZAXHSNIQTPMM-UHFFFAOYSA-N,[O--].[O--].[O--].[Dy+3].[Dy+3],-3.055,-5.3675853562
KJBDZJFSYQUNJT-UHFFFAOYSA-N,Clc1cc(Cl)c(Cl)c(c1)c2c(Cl)cc(Cl)c(Cl)c2Cl,-9.387,-8.68
ZDPHROOEEOARMN-UHFFFAOYSA-N,CCCCCCCCCCC(O)=O,-3.209,-3.5525
WKTJXDHLMJKSGI-UHFFFAOYSA-N,C1CC(CC=C1)C2OCC3(CO2)COC(OC3)C4CCC=CC4,-3.198,-5.2397354439
HNSVDKLARSSFGE-UHFFFAOYSA-N,O=C1NC2=C(NC1=O)N=CN=C2,-2.697,-2.69
PHUSOTFVZQDLMC-VAWYXSNFSA-N,CCCCCCCC\C=C\CCCCCCCC(=O)OCCC(C)C,-7.728,-8.0701647483
KEQFTVQCIQJIQW-UHFFFAOYSA-N,N(c1ccccc1)c2ccc3ccccc3c2,-4.8,-5.4959148461
YNEXYDHOGAIPHO-UHFFFAOYSA-N,OC(=O)CCC(=O)c1cccc2ccccc12,-2.981,-3.4833
KZNJSFHJUQDYHE-UHFFFAOYSA-N,Cc1cccc2cc3ccccc3cc12,-5.083,-5.8541
XXJWXESWEXIICW-UHFFFAOYSA-N,CCOCCOCCO,0.725,0.8723
QTLQKAJBUDWPIB-UHFFFAOYSA-N,[O--].[O--].[O--].[As+3].[As+3],-3.055,-1.0458962962
XEGGRYVFLWGFHI-UHFFFAOYSA-N,CNC(=O)Oc1cccc2OC(C)(C)Oc12,-2.349,-2.9338
JIEKMACRVQTPRC-UHFFFAOYSA-N,OC(=O)Cc1sc(nc1c2ccc(Cl)cc2)c3ccccc3,-5.494,-4.9644
STMMVKNOSKBEEI-UHFFFAOYSA-N,CCN(CC)c1nc(NC(C)C)nc(OC)n1,-2.528,-4.888999999999999
MQGFFOISLVUDQU-UHFFFAOYSA-N,[K+].C[Si](O)(O)[O-],0.168,0.8786634333
CRGPNLUFHHUKCM-UHFFFAOYSA-M,[K+].[O-]P=O,-1.154,0.8626748208
NNJVILVZKWQKPM-UHFFFAOYSA-N,CCN(CC)CC(=O)NC1=C(C)C=CC=C1C,-2.364,-1.78
BBVUAJTZGSWJDD-UHFFFAOYSA-N,Cc1ccc(cc1)N=Nc2cc(C)ccc2N,-3.978,-3.9031
OKOCIUJVPQKDLL-UHFFFAOYSA-N,C[N+](C)(CCCN[S](=O)(=O)CCC(F)(F)C(F)(F)C(F)(F)C(F)(F)C(F)(F)C(F)(F)F)CC([O-])=O,-0.816,-4.0571851475
YMKDRGPMQRFJGP-UHFFFAOYSA-M,[Cl-].CCCCCCCCCCCCCCCC[n+]1ccccc1,-2.099,-0.4861495515
OEXXJWUGCIYXEF-UHFFFAOYSA-N,NC(=O)NN=CCOC1CCCCC1,-1.215,-1.74
ZYWUVGFIXPNBDL-UHFFFAOYSA-N,CC(C)N(CCO)C(C)C,0.064,-1.0829
SYYPSBXVMCETKL-UHFFFAOYSA-N,CN1C=NC2=C(N(C)C(=O)N(C)C2=O)C1=O,-1.502,-1.985
FKAKGSJLTBVQOP-UHFFFAOYSA-N,CC(=O)OCC(=C)COC(C)=O,-0.816,-0.7796166704
NRZWYNLTFLDQQX-UHFFFAOYSA-N,CCC(C)(C)c1ccc(O)cc1,-2.398,-2.9902
ZYTMANIQRDEHIO-UHFFFAOYSA-N,CC1CCC(C(O)C1)C(C)=C,-1.641,-1.7111123645
YFDJCWXBKWRDPW-UHFFFAOYSA-N,CC(C)c1ccc(cc1)C#N,-2.318,-2.9887953027
PRIUALOJYOZZOJ-UHFFFAOYSA-L,CCCCC(CC)COC(=O)CS[Sn](CCCC)(CCCC)SCC(=O)OCC(CC)CCCC,-7.591,-5.3942867121
QHXDTLYEHWXDSO-UHFFFAOYSA-N,CCN(CC)c1nc(Cl)nc(n1)N(CC)CC,-2.881,-4.4112
PJLZYPHMHUHUMN-CPNJWEJPSA-N,CCN1C(=O)C(=N/Nc2ccc(Cl)cc2[N+]([O-])=O)/C(=C(C#N)C1=O)C,-5.753,-4.96733793
NZZFYRREKKOMAT-UHFFFAOYSA-N,ICI,-0.627,-2.3345
USYMCUGEGUFUBI-UHFFFAOYSA-N,COC(=O)c1nc(Cl)c(Cl)nc1N,-2.662,-4.5348386091
XLOMZPUITCYLMJ-UHFFFAOYSA-N,CCCC(C)C1(CC=C)C(=O)NC(=S)NC1=O,-3.245,-3.4585
VHHHONWQHHHLTI-UHFFFAOYSA-N,ClC(Cl)(Cl)C(Cl)(Cl)Cl,-2.905,-3.94
ABDKAPXRBAPSQN-UHFFFAOYSA-N,COc1ccccc1OC,-1.305,-1.3149750669
DDRJAANPRJIHGJ-UHFFFAOYSA-N,CN1CC(=O)N=C1N,-0.091,-0.1499
KMRNTNDWADEIIX-UHFFFAOYSA-N,OC(=O)CCI,0.185,-0.43
LEVWYRKDKASIDU-IMJSIDKUSA-N,N[C@@H](CSSC[C@H](N)C(O)=O)C(O)=O,-0.51,-3.1599219868
GLVVKKSPKXTQRB-UHFFFAOYSA-N,CCCCCCCCCCCC(=O)OC=C,-4.991,-5.3547996853
IPWQOZCSQLTKOI-QMMMGPOBSA-M,NC(=O)N[C@@H](Cc1ccccc1)C([O-])=O,-0.621,-2.0958
XGTKSWVCNVUVHG-UHFFFAOYSA-N,CC(=O)C=CC(O)=O,0.15,-0.2332
ATXLALDFCMZNHY-ZPHPHTNESA-N,Cc1ccc(N\N=C2/C(=O)C=Cc3ccccc23)c(c1)[N+]([O-])=O,-6.457,-7.9690613395
HVCNXQOWACZAFN-UHFFFAOYSA-N,CCN1CCOCC1,0.836,0.9386
QMVPMAAFGQKVCJ-SNVBAGLBSA-N,C[C@@H](CCO)CCC=C(C)C,-1.982,-2.7067344575
ABRDPORILGADAP-UHFFFAOYSA-N,ClC1=C(Cl)C(=CC=C1)OC2=C(Cl)C(=C(Cl)C=C2)Cl,-8.489,-7.38
FYVOTMMSGKWFPK-UHFFFAOYSA-N,NC1=CC2=C(S(=O)(=O)O)C=CC=C2C=C1,-2.185,-2.54
ACFHHZJOAUZSJU-XBXARRHUSA-N,CC(=O)N/N=C/c1oc(cc1)[N+]([O-])=O,-2.561,-2.5958
FAZPZNCEAZRGPY-UHFFFAOYSA-N,CC(C)(C)C(=O)OC1=CC2=C(C=C1)N=C(S2)[S](N)(=O)=O,-2.869,-3.73
VIYWVRIBDZTTMH-UHFFFAOYSA-N,CC(=C)C(=O)OCCOc1ccc(cc1)C(C)(C)c2ccc(OCCOC(=O)C(C)=C)cc2,-6.999,-5.3792018861
CIWBSHSKHKDKBQ-UHFFFAOYSA-N,OCC(O)C1OC(=O)C(=C1O)O,-0.488,0.28
CWUFUYMCWCMVPX-UHFFFAOYSA-N,CCCCNCC1=CC=C(C(=O)C2=CSC(S(N)(=O)=O)=C2)C=C1,-2.675,-2.21
UOFGSWVZMUXXIY-UHFFFAOYSA-N,S=C(NNC1=CC=CC=C1)N=NC2=CC=CC=C2,-5.268,-6.61
QPFYXYFORQJZEC-FOCLMDBBSA-N,c1ccc(cc1)\N=N\c1c(nc(cc1)N)N,-3.243,-4.19
UBCKGWBNUIFUST-YHYXMXQVSA-N,CO[P](=O)(OC)OC(=C\Cl)/C1=C(Cl)C=C(Cl)C(=C1)Cl,-4.231,-4.52
IFLREYGFSNHWGE-UHFFFAOYSA-N,c(c(cc(c1ccc2)c2)cc(c3ccc4)c4)(c1)c3,-6.42,-8.6
LIINGNMKNRSOGW-UHFFFAOYSA-N,C=CCCCCCC=O,-1.816,-1.9972521926
HJJKSUVYCQAMBG-UHFFFAOYSA-N,Clc1cccc2c(Cl)c(Cl)c(Cl)cc12,-6.623,-7.8566
QXEBBSABZKCXDL-UHFFFAOYSA-N,C(CCCO[N+](=O)O)CCO[N+](=O)O,-2.171,-2.77
LOVQGUOGVLKMQT-UHFFFAOYSA-N,NC(=O)C1CCCC(N1)C(N)=O,-0.275,0.2893
IMUUNYPYNWXUBO-UHFFFAOYSA-N,Nc1ccc(cc1[S](O)(=O)=O)[S](O)(=O)=O,-1.263,-1.7700930025
QGAVSDVURUSLQK-UHFFFAOYSA-N,N.N.N.N.N.N.O.O.O.O.O.O.O.O.O.O.O.O.O.O.O.O.O.O.O.O.O.O.O.O.[Mo].[Mo].[Mo].[Mo].[Mo].[Mo].[Mo],-2.22,-0.7664726234999999
LSDPWZHWYPCBBB-UHFFFAOYSA-N,CS,1.229,-0.3148794359
SZYJELPVAFJOGJ-UHFFFAOYSA-N,[H+].[Cl-].CN(C)C,0.654,0.8993339870999999
